snapshot,nodes,edges,density,communities,new_nodes,removed_nodes,new_edges,removed_edges,pagerank_max,pagerank_mean,dominant_node,dominant_score,dominance_ratio,top_pagerank
1877-05-01,22,21,0.045454545454545456,5,0,0,0,0,0.2747036761879092,0.04545454545454548,Spencer William Gore,0.2747036761879092,2.4889366185314965,"[('Spencer William Gore', 0.2747036761879092), ('William Cecil Marshall', 0.1103698961807986), ('Charles Gilbert Heathcote', 0.08295922531888006), ('Julian Marshall', 0.05965892735638435), ('Francis Nathaniel Langham', 0.05965892735638435), ('Lestocq Robert Erskine', 0.05965892735638435), ('Bayly Nash Akroyd', 0.03224825649446581), ('John Baker', 0.03224825649446581), ('Frederick William Oliver', 0.03224825649446581), ('J Lambert', 0.03224825649446581)]"
1878-05-01,35,34,0.02857142857142857,7,28,15,34,21,0.23827591115668878,0.028571428571428564,Frank Hadow,0.23827591115668878,1.4823028948865424,"[('Frank Hadow', 0.23827591115668878), ('Lestocq Robert Erskine', 0.16074711314311152), ('Charles Gipps Hamilton', 0.06377339757194751), ('Herbert Fortescue Lawford', 0.05031022880315578), ('Ac Brown', 0.0344719295285441), ('Arthur Thomas Myers', 0.0344719295285441), ('Edmond Bennet Brackenbury', 0.0344719295285441), ('Fw Porter', 0.0344719295285441), ('Robert Dalby Dalby', 0.01863363025393243), ('Alexander Astell Hadow', 0.01863363025393243)]"
1879-05-01,46,45,0.021739130434782608,6,36,25,44,33,0.2317983591929231,0.021739130434782608,John Thorneycroft Hartley,0.2317983591929231,2.6230792505956293,"[('John Thorneycroft Hartley', 0.2317983591929231), ('Cecil Francis Parr', 0.08836879752690967), ('Vere Thomas Saint Leger Goold', 0.07283442222783335), ('Charles Gilbert Heathcote', 0.0477683764459917), ('Charles David Barry', 0.047768376445991696), ('George Ernest Tabor', 0.047768376445991696), ('Arthur Thomas Myers', 0.02582105107136528), ('T Hoare', 0.02582105107136528), ('Victor Alexander Brooke', 0.02582105107136528), ('Edgar Lubbock', 0.02582105107136528)]"
1880-05-01,61,60,0.01639344262295082,7,42,27,60,45,0.1711332459736656,0.01639344262295082,Herbert Fortescue Lawford,0.1711332459736656,1.1407169164954785,"[('Herbert Fortescue Lawford', 0.1711332459736656), ('John Thorneycroft Hartley', 0.15002253714218847), ('Otway Edward Woodhouse', 0.09858139786488798), ('George Arnulph Montgomerie', 0.053285805137439565), ('George Montague Butterworth', 0.040052277762599384), ('Ernest Renshaw', 0.028802984613737107), ('Hc Jenkins', 0.028802984613737107), ('Richard Ridley Farrer', 0.028802984613737107), ('William Henry Darby Desterre', 0.028802984613737107), ('Charles Gilbert Heathcote', 0.015569457238896927)]"
1881-05-01,49,48,0.02040816326530612,6,29,41,48,60,0.2276976302325333,0.02040816326530612,William Charles Renshaw,0.2276976302325333,2.7726146658171826,"[('William Charles Renshaw', 0.2276976302325333), ('Herbert Fortescue Lawford', 0.08212379204357385), ('Richard Taswell Richardson', 0.08212379204357384), ('Gs Murray Hill', 0.04439034577749226), ('Otway Edward Woodhouse', 0.04439034577749226), ('William Henry Darby', 0.04439034577749226), ('Edgar Lubbock', 0.023994526993181123), ('Ernest Renshaw', 0.023994526993181123), ('Minden Fenwick', 0.023994526993181123), ('Hc Jenkins', 0.023994526993181123)]"
1881-09-01,25,24,0.04,5,25,49,24,48,0.25732832762383623,0.039999999999999994,Richard Dudley Sears,0.25732832762383623,1.8071282913363906,"[('Richard Dudley Sears', 0.25732832762383623), ('William E Glyn', 0.14239626973773908), ('Samuel Shaw', 0.08084978292461638), ('Crawford Nightingale', 0.05047856082949973), ('Edward H Gray', 0.05047856082949973), ('X Kessler', 0.05047856082949973), ('Wh Barnes', 0.027285787509574166), ('X Coggswell', 0.027285787509574166), ('X Anderson', 0.027285787509574166), ('Richard Field Conover', 0.027285787509574166)]"
1882-05-01,69,67,0.014279624893435636,8,57,13,66,23,0.1241701626442775,0.014492753623188404,Richard Dudley Sears,0.1241701626442775,1.3412379274189714,"[('Richard Dudley Sears', 0.1241701626442775), ('Ernest Renshaw', 0.0925787737625538), ('William Charles Renshaw', 0.08343029483689003), ('Clarence Monroe Clark', 0.08087950012906932), ('Richard Taswell Richardson', 0.043718110632502236), ('Edward H Gray', 0.029955268402904144), ('James Dwight', 0.029955268402904137), ('Herbert Fortescue Lawford', 0.029955268402904137), ('James Rankine', 0.029955268402904137), ('Arthur L Rives', 0.016192426173306042)]"
1883-05-01,51,49,0.019215686274509803,7,29,47,47,65,0.12252350753442474,0.0196078431372549,Richard Dudley Sears,0.12252350753442474,1.1941964145186263,"[('Richard Dudley Sears', 0.12252350753442474), ('Ernest Renshaw', 0.1025991252735533), ('William Charles Renshaw', 0.09375780254188797), ('Donald Charles Stewart', 0.07667395566354146), ('James Dwight', 0.06048830755426586), ('William C Taylor', 0.04144591972772085), ('Foxhall Parker Keane', 0.04144591972772085), ('Herbert William Wrangham Wilberforce', 0.02240353190117583), ('Gm Smith', 0.02240353190117583), ('Godfrey Malbone Brinley', 0.02240353190117583)]"
1884-05-01,62,63,0.016657852987837122,8,37,26,63,49,0.12695450159644672,0.016129032258064512,Herbert Fortescue Lawford,0.12695450159644672,1.121572467165038,"[('Herbert Fortescue Lawford', 0.12695450159644672), ('Charles Walder Grinstead', 0.11319331145614286), ('William Charles Renshaw', 0.11187196365744392), ('Howard Augustus Taylor', 0.09257735739098413), ('Richard Dudley Sears', 0.08264406940817307), ('William Vs Thorne', 0.04965923669618624), ('Wallace Percy Knapp', 0.026455192698419408), ('Ernest Renshaw', 0.02502733746879579), ('Clarence Monroe Clark', 0.02502733746879579), ('Herbert Chipp', 0.02023951140569872)]"
1885-05-01,51,49,0.019215686274509803,8,24,35,47,61,0.10773587103502848,0.019607843137254898,Godfrey Malbone Brinley,0.10773587103502848,1.1036185755876748,"[('Godfrey Malbone Brinley', 0.10773587103502848), ('Richard Dudley Sears', 0.09762056694058391), ('Herbert Fortescue Lawford', 0.09707407978212873), ('William Charles Renshaw', 0.08855787743149468), ('Wallace Percy Knapp', 0.05835216614321036), ('Ernest Renshaw', 0.05519712137665591), ('Walter Van Renssalaer Berry', 0.03455833254711741), ('Ernest De Sylly Hamilton Browne', 0.030191529352446896), ('James Dwight', 0.02953610784072762), ('Joseph Sill Clark', 0.028765070449383846)]"
1886-05-01,57,55,0.017230576441102756,7,28,22,52,46,0.11370882165168412,0.017543859649122803,Robert Livingston Beeckman,0.11370882165168412,1.1151704014161126,"[('Robert Livingston Beeckman', 0.11370882165168412), ('Richard Dudley Sears', 0.10196542295893937), ('Herbert Fortescue Lawford', 0.08522442722683984), ('William Charles Renshaw', 0.07775692756387055), ('Howard Augustus Taylor', 0.060576975357209024), ('Ernest Wool Lewis', 0.04524320192724609), ('Joseph Sill Clark', 0.03689145076156402), ('Charles A Chase', 0.03362907649582166), ('Toler Roberts Garvey', 0.03362907649582166), ('Morgan G Post', 0.018177606558952692)]"
1887-05-01,42,40,0.023228803716608595,6,16,31,39,54,0.13595188169233677,0.023809523809523808,Henry Warner Slocum Jr,0.13595188169233677,1.0990066333021773,"[('Henry Warner Slocum Jr', 0.13595188169233677), ('Richard Dudley Sears', 0.12370433223304861), ('Herbert Fortescue Lawford', 0.10234493799130963), ('Howard Augustus Taylor', 0.06864280488834386), ('Ernest Renshaw', 0.05157995690359986), ('Wl Thacher', 0.03980834881576594), ('Joseph Sill Clark', 0.03876941429057571), ('Charles Lacy Sweet', 0.027881681431317196), ('George Richmond Fearing Jr', 0.027881681431317196), ('Harry Grove', 0.027881681431317196)]"
1888-05-01,59,57,0.016656925774400935,7,34,17,55,38,0.1445345181088727,0.01694915254237288,Henry Warner Slocum Jr,0.1445345181088727,1.3347680329767742,"[('Henry Warner Slocum Jr', 0.1445345181088727), ('Ernest Renshaw', 0.10828437191931738), ('Ha Taylor', 0.07244392224901121), ('Ernest Wool Lewis', 0.05715247655580609), ('Willoughby James Hamilton', 0.039160506272892956), ('Philip Shelton Sears', 0.039160506272892956), ('Oliver Samuel Campbell', 0.039160506272892956), ('Ae Wright', 0.021168535989979823), ('Arthur L Williston', 0.021168535989979823), ('Harry Stanley Scrivener', 0.021168535989979823)]"
1889-05-01,57,56,0.017543859649122806,7,26,28,56,57,0.11211648235197283,0.017543859649122803,Quincy Adams Shaw Jr,0.11211648235197283,1.0160276497969722,"[('Quincy Adams Shaw Jr', 0.11211648235197283), ('William Charles Renshaw', 0.11034786540934836), ('Henry Warner Slocum Jr', 0.10108033994987249), ('Harry Sibthorpe Barlow', 0.06114667914664448), ('Oliver Samuel Campbell', 0.052190700425206335), ('Ernest George Meers', 0.03662538603662223), ('Wallace Percy Knapp', 0.03662538603662223), ('George Whiteside Hillyard', 0.028848205845983278), ('Frederick A Bowlby', 0.02134984316713491), ('Charles A Chase', 0.01979764038832725)]"
1890-05-01,84,83,0.011904761904761904,10,51,24,82,55,0.14444555317277624,0.011904761904761904,Oliver Samuel Campbell,0.14444555317277624,1.759274153433882,"[('Oliver Samuel Campbell', 0.14444555317277624), ('Willoughby James Hamilton', 0.08210519826647636), ('Wallace Percy Knapp', 0.07543857551661236), ('Harry Sibthorpe Barlow', 0.03926002271879363), ('Robert Palmer Huntington Jr', 0.034217336432911194), ('Clarence Hobart', 0.03255136040207885), ('Charles A Chase', 0.025820318988671372), ('John A Ryerson', 0.025820318988671372), ('Joshua Francis Pim', 0.02287418597776093), ('Ernest Wool Lewis', 0.01988865903331615)]"
1891-05-01,95,93,0.010414333706606943,10,55,44,90,80,0.13744674559130654,0.010526315789473684,Clarence Hobart,0.13744674559130654,1.1459581004029844,"[('Clarence Hobart', 0.13744674559130654), ('Oliver Samuel Campbell', 0.11994046339300922), ('Fred Hovey', 0.07640179809732196), ('Wlifred Baddeley', 0.051004784977237254), ('Valentine Gill Hall', 0.042475472755402255), ('Marmadude D Smith', 0.03641212992825885), ('Joshua Francis Pim', 0.025746688733176742), ('Aw Post', 0.01968334590603334), ('Charles T Lee', 0.01968334590603334), ('Edward L Hall Jr', 0.01968334590603334)]"
1892-05-01,98,97,0.01020408163265306,11,51,48,92,88,0.09668782615132376,0.01020408163265306,Fred Hovey,0.09668782615132376,1.0617521248517254,"[('Fred Hovey', 0.09668782615132376), ('Joshua Francis Pim', 0.09106440560674772), ('Oliver Samuel Campbell', 0.0863065090105729), ('Wlifred Baddeley', 0.079614303089172), ('Wentworth Gore', 0.07747843729788216), ('Harold Segerson Mahony', 0.07345713589600124), ('Bill Larned', 0.0522602131007529), ('Edward L Hall Jr', 0.03087240880606835), ('Bob Wrenn', 0.026015931468339325), ('Ernest Wool Lewis', 0.02252353188862766)]"
1893-05-01,108,106,0.009172724125995154,11,62,52,102,93,0.14129264756502768,0.009259259259259257,Bob Wrenn,0.14129264756502768,1.9049193578730947,"[('Bob Wrenn', 0.14129264756502768), ('Fred Hovey', 0.07417250865820671), ('Joshua Francis Pim', 0.05866474661621392), ('Samuel Thompson Chase', 0.04825125232206268), ('Clarence Hobart', 0.04643248236891998), ('Duncan W Candler', 0.034699194318132884), ('Bill Larned', 0.03255899957137691), ('Harold Segerson Mahony', 0.029193814360718214), ('Fk Ward', 0.01875745346919372), ('Richard Stevens', 0.01875745346919372)]"
1894-05-01,86,85,0.011627906976744186,10,41,63,82,103,0.11639108208497795,0.011627906976744184,Manliffe Francis Goodbody,0.11639108208497795,1.4191079849267267,"[('Manliffe Francis Goodbody', 0.11639108208497795), ('Wlifred Baddeley', 0.08201707221807197), ('Joshua Francis Pim', 0.07270402886455464), ('Ernest Wool Lewis', 0.06561214170409674), ('Bill Larned', 0.0627650239563638), ('George Mieville Simond', 0.05498367404036169), ('Bob Wrenn', 0.052449734966227526), ('Jbertram Read', 0.03308597889955136), ('Malcolm G Chace', 0.03276291093759228), ('Richard Stevens', 0.018874186248211716)]"
1895-05-01,102,100,0.009706853038245,12,54,38,98,83,0.1544697895186246,0.00980392156862745,Fred Hovey,0.1544697895186246,1.8589677936357927,"[('Fred Hovey', 0.1544697895186246), ('Bill Larned', 0.08309438713648215), ('R Stanley Howland', 0.05485061228885188), ('Carr Baker Neel', 0.0526249497964557), ('Wlifred Baddeley', 0.04265206945924343), ('Malcolm G Chace', 0.03646795437431948), ('Wilberforce Vaughan Eaves', 0.02196028502217905), ('Clarence Rhodes Budlong', 0.021623527570800848), ('Arthur Ellsworth Foote', 0.01971101772968583), ('Edwin P Fischer', 0.01971101772968583)]"
1896-05-01,86,85,0.011627906976744186,9,46,62,85,100,0.10812627298523937,0.011627906976744186,Bob Wrenn,0.10812627298523937,1.0599344643186321,"[('Bob Wrenn', 0.10812627298523937), ('Harold Segerson Mahony', 0.1020122249301019), ('Bill Larned', 0.07815570282561345), ('Wilberforce Vaughan Eaves', 0.06354823903611412), ('Herbert Baddeley', 0.04629737994096305), ('Carr Baker Neel', 0.03164710356501458), ('Edwin P Fischer', 0.03164710356501457), ('Mal Whitman', 0.024194097817294136), ('George Lawson Wrenn', 0.024194097817294136), ('Harold Adair Nisbet', 0.024194097817294136)]"
1897-05-01,92,93,0.011108456760630674,11,46,40,91,83,0.13232690659359606,0.0108695652173913,Wilberforce Vaughan Eaves,0.13232690659359606,1.1289283105956425,"[('Wilberforce Vaughan Eaves', 0.13232690659359606), ('Reggie Doherty', 0.11721462324191166), ('Harold Adair Nisbet', 0.06744389826959664), ('Bob Wrenn', 0.059507529000418724), ('Wlifred Baddeley', 0.04419480928847199), ('Bill Larned', 0.03821980944313648), ('Leonard Everett Ware', 0.035862539531982034), ('Edwin P Fischer', 0.020659713341596747), ('Holcombe Ward', 0.020659713341596747), ('John Parmly Paret', 0.020659713341596747)]"
1898-05-01,91,90,0.01098901098901099,11,43,44,90,93,0.11664684930459325,0.010989010989010992,Mal Whitman,0.11664684930459325,1.3837301292853503,"[('Mal Whitman', 0.11664684930459325), ('Laurie Doherty', 0.08429884327577473), ('Reggie Doherty', 0.07508469004751918), ('Dwight Filley Davis Sr', 0.06423264623051181), ('Harold Segerson Mahony', 0.044700262562143045), ('Leonard Everett Ware', 0.04028930032592786), ('William S Bond', 0.028170583547746406), ('Wentworth Gore', 0.027187369025603442), ('Clarence Hobart', 0.02177838325496928), ('Richard Stevens', 0.02177838325496928)]"
1899-05-01,77,75,0.01281613123718387,9,29,43,71,86,0.0968603527478233,0.012987012987012988,John Parmly Paret,0.0968603527478233,1.0210824148986384,"[('John Parmly Paret', 0.0968603527478233), ('Wentworth Gore', 0.09486046506582772), ('Mal Whitman', 0.08615685675308561), ('Reggie Doherty', 0.08445738466726213), ('Dwight Filley Davis Sr', 0.05235753120916561), ('Sydney Howard Smith', 0.05000421015823828), ('Harold Segerson Mahony', 0.03305399927046398), ('Kreigh Collins', 0.02426026226816387), ('Herbert Roper Barrett', 0.02426026226816387), ('Leonard Everett Ware', 0.024260262268163867)]"
1900-05-01,92,91,0.010869565217391304,10,52,37,89,73,0.11088638563854868,0.010869565217391304,Bill Larned,0.11088638563854868,1.1379743081606126,"[('Bill Larned', 0.11088638563854868), ('Mal Whitman', 0.09744190606357545), ('Sydney Howard Smith', 0.07345635170793371), ('Reggie Doherty', 0.06563028571282732), ('Wentworth Gore', 0.06465685744098378), ('George Lawson Wrenn', 0.05466771362439886), ('Beals Coleman Wright', 0.03179792175333695), ('Laurie Doherty', 0.022167684050886097), ('Malcolm G Chace', 0.02020709147373658), ('Edmund D Black', 0.02020709147373658)]"
1901-05-01,94,92,0.01052390757263784,10,55,53,89,88,0.1301168996291585,0.010638297872340422,Bill Larned,0.1301168996291585,1.460413973418649,"[('Bill Larned', 0.1301168996291585), ('Wentworth Gore', 0.08909590157136808), ('Beals Coleman Wright', 0.06868674339440031), ('Charles Percy Dixon', 0.04888748924367346), ('Raymond Demerest Little', 0.041907974922656195), ('Leonard Everett Ware', 0.03150045402242965), ('Herbert Roper Barrett', 0.025693040421153918), ('Harold Segerson Mahony', 0.025236579456074718), ('Edward Penniman Larned', 0.022652058346219237), ('William Jackson Clothier', 0.022652058346219237)]"
1902-05-01,126,129,0.00819047619047619,13,75,43,128,91,0.18978212210885018,0.007936507936507934,Reggie Doherty,0.18978212210885018,1.8911335455389648,"[('Reggie Doherty', 0.18978212210885018), ('Laurie Doherty', 0.10035363317230095), ('Bill Larned', 0.05686787785737941), ('Malcolm Whitman', 0.05686787785737941), ('Robert Baldwin Hough', 0.05534132194565453), ('George Aristides Caridia Karidias', 0.049949668523950955), ('Turketil George Pearson Greville', 0.047855558512492354), ('Mal Whitman', 0.044373232228203593), ('Major Josiah George Ritchie', 0.022885194666383352), ('Robert Palmer Huntington Jr', 0.018439536493056418)]"
1903-05-01,121,122,0.00840220385674931,11,72,77,117,124,0.18033467771237097,0.008264462809917356,Laurie Doherty,0.18033467771237097,2.6507768695465086,"[('Laurie Doherty', 0.18033467771237097), ('Frank Lorymer Riseley', 0.06803087796040048), ('William Jackson Clothier', 0.06292926871526834), ('Edward Penniman Larned', 0.039497190729717295), ('Major Josiah George Ritchie', 0.036668390624965505), ('Richard H Carleton', 0.029358813129638076), ('Sydney Howard Smith', 0.02470096949827509), ('George Aristides Caridia Karidias', 0.024470333895330418), ('Reggie Doherty', 0.016936158947166765), ('Kenneth Horton', 0.015870739818392047)]"
1904-05-01,148,153,0.007032542746828461,14,89,62,147,116,0.15707386011938176,0.006756756756756758,Holcombe Ward,0.15707386011938176,2.5082076561978974,"[('Holcombe Ward', 0.15707386011938176), ('Laurie Doherty', 0.06262394572125836), ('Frank Lorymer Riseley', 0.061794990499897534), ('William Jackson Clothier', 0.05438245790733522), ('Edgar Welch Leonard', 0.029161184590663854), ('Major Josiah George Ritchie', 0.027084741854547047), ('Bill Larned', 0.022437134280691783), ('Sydney Howard Smith', 0.022437134280691783), ('Frederick B Alexander', 0.022437134280691783), ('Paul De Borman', 0.021867321404164537)]"
1905-05-01,176,189,0.006136363636363636,17,98,70,187,151,0.15156027188525745,0.005681818181818183,Norman Everard Brookes,0.15156027188525745,1.3370844754036406,"[('Norman Everard Brookes', 0.15156027188525745), ('Beals Coleman Wright', 0.11335130627367747), ('Wentworth Gore', 0.10299608439917968), ('Bill Larned', 0.06840124369409323), ('Laurie Doherty', 0.05921530156856868), ('Sydney Howard Smith', 0.05454734092132916), ('Clarence Hobart', 0.037193261634064306), ('William Jackson Clothier', 0.01705451915592425), ('Kreigh Collins', 0.016418567525894455), ('Major Josiah George Ritchie', 0.01332960948820543)]"
1905-09-01,17,16,0.058823529411764705,4,16,175,16,189,0.2981378963275214,0.05882352941176472,Rodney Wilfrid Heath,0.2981378963275214,1.9842505897080593,"[('Rodney Wilfrid Heath', 0.2981378963275214), ('Arthur Curtis', 0.15025213945955593), ('Alfred Wallace Dunlop', 0.08121681057618522), ('Randolph Lycett', 0.08121681057618522), ('Reginald Fraser', 0.04390087111782941), ('Eric Olbasditon Pockley', 0.04390087111782941), ('Gordon W Wright', 0.04390087111782941), ('Herbert Turner', 0.04390087111782941), ('G Howitt', 0.023730317621026092), ('A Laurie', 0.023730317621026092)]"
1906-05-01,188,193,0.005489816816475139,18,188,17,193,16,0.09207551548502885,0.005319148936170212,William Jackson Clothier,0.09207551548502885,1.243934020674023,"[('William Jackson Clothier', 0.09207551548502885), ('Frank Lorymer Riseley', 0.07401961354440481), ('Laurie Doherty', 0.07182292361073345), ('Wentworth Gore', 0.04229549559261078), ('Karl Howell Behr', 0.04008289500562668), ('Raymond Demerest Little', 0.039635630036293015), ('Jde Jones', 0.028996585982752968), ('Sydney Howard Smith', 0.025382759973450846), ('Tony Wilding', 0.025382759973450842), ('Frederick B Alexander', 0.018022461613260272)]"
1906-09-01,10,9,0.1,3,9,187,9,193,0.33034118752135644,0.10000000000000002,Tony Wilding,0.33034118752135644,1.794812202927515,"[('Tony Wilding', 0.33034118752135644), ('Frank Fisher', 0.18405334384429609), ('Harry Alabaster Parker', 0.11082027755131015), ('Tr Quill', 0.07969540811650033), ('Richard D Harman', 0.07969540811650033), ('F Laishley', 0.04307887497000737), ('Rodney Wilfrid Heath', 0.04307887497000737), ('J Smith', 0.04307887497000737), ('Cc Cox', 0.04307887497000737), ('William Goss', 0.04307887497000737)]"
1907-05-01,220,225,0.004669987546699875,15,218,8,225,9,0.09516286024967009,0.004545454545454544,Bill Larned,0.09516286024967009,1.357937675662251,"[('Bill Larned', 0.09516286024967009), ('Norman Everard Brookes', 0.07007896014318936), ('Robert Leroy', 0.050003060982490154), ('Wentworth Gore', 0.03734569417066637), ('Clarence Hobart', 0.030278991104689436), ('I Mollenhauer', 0.029975996014785327), ('Wilberforce Vaughan Eaves', 0.026486638541264568), ('Herbert Rice', 0.01987304313806908), ('Ch Palmer', 0.017061567147583754), ('Wallace Ford Johnson', 0.016369096045377243)]"
1908-05-01,217,215,0.004586960232121523,14,127,130,215,225,0.10492771996423439,0.004608294930875575,Beals Coleman Wright,0.10492771996423439,1.1598079009805888,"[('Beals Coleman Wright', 0.10492771996423439), ('Bill Larned', 0.09046991305674035), ('Frederick B Alexander', 0.057067021705044116), ('Wentworth Gore', 0.055511982464699273), ('William Jackson Clothier', 0.03493610055959832), ('Nat Emerson', 0.034160685277389705), ('Herbert Roper Barrett', 0.02924478503332228), ('Major Josiah George Ritchie', 0.01700154578929303), ('Frank J Sulloway', 0.014791236759209866), ('Jde Jones', 0.014791236759209866)]"
1908-09-01,21,22,0.05238095238095238,4,15,211,22,215,0.13804697935611446,0.04761904761904761,Beals Coleman Wright,0.13804697935611446,1.0016896755276659,"[('Beals Coleman Wright', 0.13804697935611446), ('Frederick B Alexander', 0.13781411821320277), ('Major Josiah George Ritchie', 0.1296510035245456), ('Bill Larned', 0.12775124366670873), ('Norman Everard Brookes', 0.07088398042904284), ('Tony Wilding', 0.07088398042904284), ('Alfred Wallace Dunlop', 0.07040647909047179), ('Harry Alabaster Parker', 0.04214523323025423), ('Eric Olbasditon Pockley', 0.033248160363637654), ('Stanley Norwood Doust', 0.022781060236653224)]"
1909-05-01,251,249,0.00396812749003984,16,246,16,249,22,0.09314131386842908,0.00398406374501992,William Jackson Clothier,0.09314131386842908,1.1610058583372918,"[('William Jackson Clothier', 0.09314131386842908), ('Bill Larned', 0.08022467173578203), ('Major Josiah George Ritchie', 0.05378395250993904), ('Maurice Evans Mcloughlin', 0.05125106583145332), ('Wentworth Gore', 0.0467502236366928), ('Thomas C Bundy', 0.03212330836266158), ('Herbert Roper Barrett', 0.028577142447390347), ('Gustav F Touchard', 0.022262500479833587), ('Richard H Palmer', 0.022262500479833587), ('William B Cragin Jr', 0.022262500479833587)]"
1909-09-01,18,18,0.058823529411764705,5,13,246,18,249,0.26416868242735914,0.05555555555555555,Tony Wilding,0.26416868242735914,2.260148361010645,"[('Tony Wilding', 0.26416868242735914), ('Ernie Parker', 0.116881124701581), ('Bill Larned', 0.052166786710696494), ('G Odea', 0.052166786710696494), ('I Gaze', 0.052166786710696494), ('Norman Everard Brookes', 0.052166786710696494), ('R Eagle', 0.052166786710696494), ('R Kelsey', 0.052166786710696494), ('William Jackson Clothier', 0.052166786710696494), ('Charles Percy Dixon', 0.02819807621068715)]"
1910-01-01,14,13,0.07142857142857142,4,14,18,13,18,0.2921746684385138,0.07142857142857142,Rodney Wilfrid Heath,0.2921746684385138,1.87327399729981,"[('Rodney Wilfrid Heath', 0.2921746684385138), ('Herbert Rice', 0.1559700657029685), ('Robert George Bowen', 0.0973814734462268), ('Grover Raz Reid', 0.07319612710877105), ('Ashley Campbell', 0.05263897433282544), ('Ra Paxton', 0.05263897433282544), ('H Hunt', 0.05263897433282544), ('Harry Alabaster Parker', 0.05263897433282544), ('Fe Barritt', 0.028453627995369685), ('F Wyllie', 0.028453627995369685)]"
1910-05-01,274,273,0.0036496350364963502,18,274,14,273,13,0.08646519532976203,0.0036496350364963502,Thomas C Bundy,0.08646519532976203,1.0483229513112091,"[('Thomas C Bundy', 0.08646519532976203), ('Beals Coleman Wright', 0.08247954050954823), ('Bill Larned', 0.07444727642247602), ('Tony Wilding', 0.06585618951284566), ('Frederick C Colston', 0.035431299738926725), ('Edward H Whitney', 0.021299352974103604), ('Dean Mathey', 0.021299352974103604), ('Arthur Holden Lowe', 0.020349873927018418), ('Maurice Evans Mcloughlin', 0.017927056111272335), ('Malcolm G Chace', 0.01151135128058599)]"
1911-05-01,306,305,0.0032679738562091504,18,183,151,301,269,0.09404338237958798,0.0032679738562091504,Maurice Evans Mcloughlin,0.09404338237958798,1.1643090147845994,"[('Maurice Evans Mcloughlin', 0.09404338237958798), ('Bill Larned', 0.08077184079605043), ('Herbert Roper Barrett', 0.05241220266945342), ('Beals Coleman Wright', 0.05122427725760376), ('Tony Wilding', 0.045380146343128626), ('Charles Percy Dixon', 0.02835681388457136), ('Thomas C Bundy', 0.02062152806480485), ('Gustav F Touchard', 0.020502856229311847), ('Nathaniel William Niles', 0.01822059869560298), ('Watty Washburn', 0.017505730314130746)]"
1911-09-01,20,19,0.05,5,16,302,19,305,0.26053345838303127,0.05,Norman Everard Brookes,0.26053345838303127,2.107609575524947,"[('Norman Everard Brookes', 0.26053345838303127), ('Herbert Rice', 0.12361561714680463), ('Athur O Hara Wood', 0.0754250837545571), ('Rm Rolland', 0.0754250837545571), ('Rodney Wilfrid Heath', 0.059501997181777705), ('S England', 0.040770028029954886), ('Bill Larned', 0.040770028029954886), ('Fe Down', 0.040770028029954886), ('Maurice Mcloughlin', 0.040770028029954886), ('A Foster', 0.022038058878132066)]"
1912-01-01,5,4,0.2,2,1,16,4,19,0.3013247848562651,0.2000000000000001,Norman Everard Brookes,0.3013247848562651,1.0,"[('Norman Everard Brookes', 0.3013247848562651), ('Rodney Wilfrid Heath', 0.3013247848562651), ('Beals Coleman Wright', 0.13245014342915673), ('Maurice Mcloughlin', 0.13245014342915673), ('Bill Larned', 0.13245014342915673)]"
1912-05-01,242,243,0.004166523781763314,15,241,4,243,4,0.09376739639515688,0.004132231404958678,Maurice Evans Mcloughlin,0.09376739639515688,1.8582701055061441,"[('Maurice Evans Mcloughlin', 0.09376739639515688), ('Wallace Ford Johnson', 0.050459508613586126), ('Wentworth Gore', 0.0409974040936583), ('Tony Wilding', 0.035932223231957466), ('William Jackson Clothier', 0.032412898790063635), ('Karl Howell Behr', 0.031935049003556704), ('Max Decugis', 0.03160782036104102), ('Andrea Maurice Henri Gobert', 0.030055865266573823), ('Herbert Roper Barrett', 0.02827656331554762), ('Charles Percy Dixon', 0.02539775784056471)]"
1912-09-01,14,15,0.08241758241758242,4,10,238,15,243,0.3381692787268612,0.07142857142857142,James Cecil Parke,0.3381692787268612,2.465679822134771,"[('James Cecil Parke', 0.3381692787268612), ('Alfred Ernest Beamish', 0.13715052363695632), ('Charles Percy Dixon', 0.07108509100939642), ('Norman Everard Brookes', 0.06145686366712419), ('H Brown', 0.05780539654546716), ('Geoff Olliver', 0.05780539654546716), ('Rnk Swanston', 0.05780539654546716), ('Frank Fisher', 0.03124600761760861), ('Rodney Wilfrid Heath', 0.03124600761760861), ('W Gross', 0.03124600761760861)]"
1913-05-01,272,287,0.003893531582374647,22,268,10,286,14,0.13321663166404604,0.003676470588235294,Maurice Evans Mcloughlin,0.13321663166404604,1.1672668895080314,"[('Maurice Evans Mcloughlin', 0.13321663166404604), ('Tony Wilding', 0.11412696861485802), ('James Cecil Parke', 0.05035474831633761), ('Dick Williams', 0.047828014055160115), ('Wallace Ford Johnson', 0.03017651483747295), ('Stanley Norwood Doust', 0.021490879613915218), ('Nathaniel William Niles', 0.020095714328763243), ('R Douglas Watson', 0.018693024228840473), ('Oscar Kreuzer', 0.017990204011190256), ('John R Strachan', 0.016907444736192333)]"
1913-09-01,9,8,0.1111111111111111,3,9,272,8,287,0.336507345311247,0.11111111111111108,Ernie Parker,0.336507345311247,2.0294382440230607,"[('Ernie Parker', 0.336507345311247), ('Harry Alabaster Parker', 0.16581305013951594), ('Geoff Thomas', 0.1246322944980798), ('J Kent', 0.08962838876948359), ('Roy Taylor', 0.08962838876948359), ('E Stokes', 0.048447633128047465), ('Alfred H Hedeman', 0.048447633128047465), ('X Braham', 0.048447633128047465), ('A Leschen', 0.048447633128047465)]"
1914-05-01,245,257,0.00429909668785547,15,245,9,257,8,0.09952205882944617,0.004081632653061227,Dick Williams,0.09952205882944617,1.703054879142968,"[('Dick Williams', 0.09952205882944617), ('Norman Everard Brookes', 0.058437376298483626), ('Maurice Evans Mcloughlin', 0.04689666813971561), ('Otto Froitzheim', 0.036954366793214975), ('Maurice Mcloughlin', 0.029667338041774988), ('William Jackson Clothier', 0.028143174961216523), ('Jf Hubbard Jr', 0.025891066091440176), ('Cedric A Major', 0.02402003208995819), ('Sidney Thayer Jr', 0.023972571041044416), ('Elia F Fottrell', 0.022984892133537896)]"
1914-09-01,27,26,0.037037037037037035,6,27,245,26,257,0.24878273651639754,0.037037037037037035,Athur O Hara Wood,0.24878273651639754,1.8324950493284373,"[('Athur O Hara Wood', 0.24878273651639754), ('Gerald Leighton Patterson', 0.13576175095674614), ('Rodney Wilfrid Heath', 0.08476460157979554), ('Rupert C Wertheim', 0.057199018604947874), ('Cs Buckley', 0.045819344332739036), ('Ln Rainey', 0.045819344332739036), ('Ronald Victor Thomas', 0.045819344332739036), ('Tim Fitchett', 0.024767464957740976), ('Fe Barritt', 0.024767464957740976), ('G Howitt', 0.024767464957740976)]"
1915-05-01,144,142,0.006895881895881896,9,143,26,142,26,0.156700478595454,0.006944444444444443,Bill Johnston,0.156700478595454,1.8500563318826562,"[('Bill Johnston', 0.156700478595454), ('Maurice Evans Mcloughlin', 0.0847003823045714), ('Dick Williams', 0.04578070772693644), ('Theodore Roosevelt Pell', 0.04578070772693643), ('Peck Griffin', 0.02474451782794659), ('William Rand Iii', 0.024744517827946587), ('Francis Gordon Lowe', 0.024744517827946587), ('Irving Christian Wright', 0.024744517827946587), ('Frank Hunter', 0.024744517827946583), ('Bernard C Law', 0.013374901283997449)]"
1916-05-01,128,127,0.0078125,12,59,75,126,141,0.17124688855913794,0.007812499999999998,Dick Williams,0.17124688855913794,1.8500409218633864,"[('Dick Williams', 0.17124688855913794), ('Bill Johnston', 0.09256383820237649), ('Robert Lindley Murray', 0.05003563732045122), ('Peck Griffin', 0.05003563732045122), ('Douglas S Watters', 0.027047732238523834), ('Watty Washburn', 0.02704773223852383), ('George Myers Church', 0.02704773223852383), ('Wallace Ford Johnson', 0.02704773223852383), ('Maurice Evans Mcloughlin', 0.014621217618976584), ('Leonard A Beekman', 0.01462121761897658)]"
1917-05-01,64,63,0.015625,8,22,86,62,126,0.20094991975778215,0.015625,Robert Lindley Murray,0.20094991975778215,1.8499372866670196,"[('Robert Lindley Murray', 0.20094991975778215), ('Nathaniel William Niles', 0.10862526054590099), ('John R Strachan', 0.05871828442684172), ('Dick Williams', 0.0587182844268417), ('Chuck Garland', 0.031739973321912605), ('Craig Biddle', 0.031739973321912605), ('Harold A Throckmorton', 0.031739973321912605), ('Peck Griffin', 0.031739973321912605), ('Arthur W Macpherson Jr', 0.017156462319114628), ('Bill Tilden Ii', 0.017156462319114628)]"
1918-05-01,87,86,0.011494252873563218,10,64,41,83,60,0.18650114751996688,0.011494252873563222,Robert Lindley Murray,0.18650114751996688,1.937994518464699,"[('Robert Lindley Murray', 0.18650114751996688), ('Bill Tilden Ii', 0.09623409444300966), ('Ichiya Kumagae', 0.06434952329989609), ('Lyle Evans Mahan', 0.041540400472261554), ('Samuel Howard Voshell', 0.041540400472261554), ('Nathaniel William Niles', 0.0327728823410563), ('Henry S Parker', 0.022455643386227575), ('Walter Merrill Hall', 0.02245564338622757), ('Craig Biddle', 0.02245564338622757), ('Frederick B Alexander', 0.02245564338622757)]"
1919-05-01,254,265,0.004123743425352463,15,204,37,264,85,0.14695246187446198,0.003937007874015748,Bill Johnston,0.14695246187446198,1.7026540989234178,"[('Bill Johnston', 0.14695246187446198), ('Gerald Leighton Patterson', 0.08630787778174058), ('Algie Kingscote', 0.0432308069483222), ('Bill Tilden Ii', 0.040745636561146124), ('Chuck Garland', 0.02679966375487815), ('Dick Williams', 0.024282953978722186), ('Wallace Ford Johnson', 0.023446625919149654), ('Major Josiah George Ritchie', 0.02130297894725884), ('Norman Everard Brookes', 0.018243574543626125), ('Robert Lindley Murray', 0.014273320431342483)]"
1920-01-01,59,62,0.018118059614260665,9,54,249,62,265,0.1660682962209296,0.01694915254237288,Algie Kingscote,0.1660682962209296,1.5868668483862904,"[('Algie Kingscote', 0.1660682962209296), ('Eric Olbasditon Pockley', 0.10465168920114945), ('Arthur Holden Lowe', 0.07984084818608506), (""Pat O'Hara Wood"", 0.07862204711071524), ('Ronald Victor Thomas', 0.05126002424197876), ('James Outram Anderson', 0.04316813122268893), ('Henry Marsh', 0.030915309152147918), ('Roy Taylor', 0.027898054897415214), ('Alfred Ernest Beamish', 0.02767832770485864), ('Herbert Rice', 0.024647866109555765)]"
1920-05-01,255,262,0.0040450825999691215,17,251,55,262,62,0.14166229455385518,0.00392156862745098,Bill Tilden Ii,0.14166229455385518,1.954622581676323,"[('Bill Tilden Ii', 0.14166229455385518), ('Bill Johnston', 0.07247552334751131), ('James Cecil Parke', 0.06359385906550805), ('Zenzo Shimidzu', 0.03878886575641329), ('Chuck Garland', 0.0288996312007138), ('Wallace Ford Johnson', 0.023192680807193018), ('George Colket Caner', 0.02313454663260464), ('Theodore Michel Mavrogordato', 0.020289678634554116), ('Watty Washburn', 0.019060614997597973), ('Dick Williams', 0.018244069915656077)]"
1921-05-01,245,262,0.004382736701237872,18,131,141,258,258,0.11617595040308511,0.004081632653061226,Bill Tilden Ii,0.11617595040308511,2.155113472166104,"[('Bill Tilden Ii', 0.11617595040308511), ('Brian Ivan Cobham Norton', 0.05390711528814151), ('Manuel Alonso De Areyzaga', 0.04673174942761074), ('Zenzo Shimidzu', 0.04351970279049854), ('James Outram Anderson', 0.03621760078528895), ('Randolph Lycett', 0.03308399417125547), ('Frank Hunter', 0.031694716215754044), ('Wallace Ford Johnson', 0.02725900525006436), ('Willis E Davis', 0.017559241353830086), ('Dick Williams', 0.01644958508919786)]"
1921-09-01,27,28,0.039886039886039885,5,23,241,28,262,0.22584895941645367,0.03703703703703703,Rice Thomas Hopkins Gemmell,0.22584895941645367,1.930052252835644,"[('Rice Thomas Hopkins Gemmell', 0.22584895941645367), ('Alfred H Hedeman', 0.11701701810644508), ('R Treloar', 0.0872500164113487), ('N Brearley', 0.052227774255494776), ('Norman Mcdougall', 0.052227774255494776), ('Bill Johnston', 0.04120225996782278), ('Bill Tilden Ii', 0.04120225996782278), ('X Henville', 0.04120225996782278), ('E Barker', 0.02823104638731283), ('L Mcdaniell', 0.02823104638731283)]"
1922-05-01,252,279,0.004410927717700626,16,249,24,278,27,0.14129485715762952,0.003968253968253968,Bill Tilden Ii,0.14129485715762952,1.3494219590812406,"[('Bill Tilden Ii', 0.14129485715762952), ('Gerald Leighton Patterson', 0.10470769073139338), ('Randolph Lycett', 0.047076334915471404), ('Bill Johnston', 0.03635313334914703), ('James Outram Anderson', 0.02645406647195268), ('Vinnie Richards', 0.023751110914476115), ('John Brian Gilbert', 0.023233429528333596), ('Manuel Alonso De Areyzaga', 0.01985914120558128), (""Pat O'Hara Wood"", 0.01975596489719231), ('Percival May Davson', 0.014548118549928627)]"
1922-09-01,35,36,0.030252100840336135,6,30,247,35,278,0.14316739852685142,0.028571428571428564,James Outram Anderson,0.14316739852685142,1.3668207746737873,"[('James Outram Anderson', 0.14316739852685142), ('Gerald Leighton Patterson', 0.1047448218373916), ('Bill Johnston', 0.09964604552387565), ('Bill Tilden Ii', 0.09964604552387565), ('Jack Hawkes', 0.07213275640737815), ('Norman Peach', 0.05778207885200623), ('Andrew R Huthnance', 0.03123303099216932), ('Bruce Dive', 0.03123303099216932), ('Eric L Jones', 0.03123303099216932), ('Jack Clemenger', 0.03123303099216932)]"
1923-05-01,235,276,0.005019094380796508,20,227,27,275,35,0.104491129224715,0.00425531914893617,Bill Johnston,0.104491129224715,1.1313927535601715,"[('Bill Johnston', 0.104491129224715), ('Bill Tilden Ii', 0.09235619451857996), ('Frank Hunter', 0.0688535968696194), ('James Outram Anderson', 0.05404321589196311), ('Brian Ivan Cobham Norton', 0.031127592960744667), ('Stanley W Pearson', 0.025626115080385342), ('Robert G Kinsey', 0.024491380079233557), ('Francis Gordon Lowe', 0.02327816070575183), ('Manuel De Gomar', 0.022811834448106628), ('Jean Rene Lacoste', 0.01833353552382044)]"
1924-01-01,40,39,0.025,6,33,228,39,276,0.22251798962080566,0.025,James Outram Anderson,0.22251798962080566,1.849994833274362,"[('James Outram Anderson', 0.22251798962080566), ('Richard E Schlessinger', 0.12028033031149839), ('Gar Hone', 0.07834687985263823), ('Fred Kalms', 0.05368163731660456), ('Ian D Mcinnes', 0.05368163731660456), ('Aubrey Willard', 0.029016394780570897), ('Cecil Stuart', 0.029016394780570897), ('Frank Robert Drews', 0.029016394780570897), ('Rupert C Wertheim', 0.029016394780570897), ('G Dickinson', 0.029016394780570897)]"
1924-05-01,231,281,0.005288913984566159,16,226,35,281,39,0.088996423326507,0.00432900432900433,Bill Tilden Ii,0.088996423326507,1.2633660695139093,"[('Bill Tilden Ii', 0.088996423326507), ('Jean Laurent Robert Borotra', 0.07044389229223887), ('Vinnie Richards', 0.06655464832976368), ('John Francis Hennessey', 0.06295744407734098), ('Wallace Ford Johnson', 0.059534205811444085), ('Bill Johnston', 0.049267249866588425), ('Jean Rene Lacoste', 0.045942083789742565), ('Gerald Leighton Patterson', 0.022839150099811262), ('John Brian Gilbert', 0.017071212773275092), ('Louis Bosman Raymond', 0.015411132430425203)]"
1924-09-01,6,8,0.26666666666666666,1,0,225,8,281,0.19493123795450035,0.16666666666666655,Bill Tilden Ii,0.19493123795450035,1.0,"[('Bill Tilden Ii', 0.19493123795450035), ('Jean Rene Lacoste', 0.19493123795450035), ('Vinnie Richards', 0.19493123795450035), ('Gerald Leighton Patterson', 0.1536800446084793), (""Pat O'Hara Wood"", 0.1536800446084793), ('Jean Laurent Robert Borotra', 0.10784619691953984)]"
1925-01-01,59,58,0.01694915254237288,8,57,4,58,8,0.20885627867082118,0.016949152542372878,James Outram Anderson,0.20885627867082118,1.879980233493552,"[('James Outram Anderson', 0.20885627867082118), ('Gerald Leighton Patterson', 0.11109493331358344), (""Pat O'Hara Wood"", 0.062129278602241114), ('Richard E Schlessinger', 0.05820707704725954), ('Aubrey Willard', 0.03514853381036961), ('Gar Hone', 0.0351485338103696), ('Fred Kalms', 0.03173867384975529), ('Norman Peach', 0.03113755762874105), ('Anthony Willard', 0.01899848512135528), ('Clifford Stirling Colvin', 0.01899848512135528)]"
1925-05-01,258,318,0.004795946068229119,16,256,57,318,58,0.1113287444247143,0.003875968992248062,Bill Tilden Ii,0.1113287444247143,1.2482387560992154,"[('Bill Tilden Ii', 0.1113287444247143), ('Jean Rene Lacoste', 0.08918866192924506), ('Vinnie Richards', 0.08407059177069923), ('Jean Laurent Robert Borotra', 0.05188771071744188), ('Sydney Montague Jacob', 0.02692193990619741), ('Bill Johnston', 0.026709776796189362), ('James Outram Anderson', 0.02230200675111522), ('Henri Jean Cochet', 0.020649712163513367), ('Dick Williams', 0.019259869112637613), ('Jean Washer', 0.017316793077476172)]"
1925-09-01,6,7,0.23333333333333334,2,0,252,7,318,0.2604692483733634,0.1666666666666666,Jean Laurent Robert Borotra,0.2604692483733634,1.1609273492162697,"[('Jean Laurent Robert Borotra', 0.2604692483733634), ('Bill Johnston', 0.2243630908938475), ('Bill Tilden Ii', 0.2243630908938475), ('Gerald Leighton Patterson', 0.11366476878199366), ('Jean Rene Lacoste', 0.08856990052847383), ('James Outram Anderson', 0.08856990052847383)]"
1926-01-01,51,50,0.0196078431372549,8,49,4,50,7,0.20227880071112112,0.019607843137254905,Jack Hawkes,0.20227880071112112,1.7960482310420485,"[('Jack Hawkes', 0.20227880071112112), ('Anthony Willard', 0.11262437011157604), ('Ernest Rowe', 0.04525208672520487), ('Richard E Schlessinger', 0.04525208672520487), ('Gar Hone', 0.04525208672520487), ('James Outram Anderson', 0.04525208672520487), ('Gar Moon', 0.02446103599352258), ('H Nott', 0.02446103599352258), (""Pat O'Hara Wood"", 0.02446103599352258), ('Norman Peach', 0.02446103599352258)]"
1926-05-01,252,336,0.005312084993359893,18,248,47,336,50,0.10914448956773028,0.003968253968253968,Jean Rene Lacoste,0.10914448956773028,1.3298557748476696,"[('Jean Rene Lacoste', 0.10914448956773028), ('Henri Jean Cochet', 0.08207242592169997), ('Toto Brugnon', 0.08099342402470996), ('Jean Laurent Robert Borotra', 0.07946077150950893), ('Takeichi Harada', 0.05717800696090173), ('George King', 0.04973499477236652), ('Vinnie Richards', 0.041314910512884016), ('Howard Oreon Kinsey', 0.03226784570384199), ('Gerard Leembruggen', 0.031536558111672996), ('Whm Aitken', 0.027945668031799806)]"
1926-09-01,4,4,0.3333333333333333,1,0,248,4,336,0.4161492488779942,0.25,Bill Johnston,0.4161492488779942,1.4944311768524725,"[('Bill Johnston', 0.4161492488779942), ('Jean Rene Lacoste', 0.2784666536163115), ('Bill Tilden Ii', 0.17945268439422316), ('Jean Laurent Robert Borotra', 0.12593141311147116)]"
1927-01-01,44,43,0.022727272727272728,7,44,4,43,4,0.18773360718224785,0.022727272727272728,Gerald Leighton Patterson,0.18773360718224785,1.8807782747914554,"[('Gerald Leighton Patterson', 0.18773360718224785), ('Jack Hawkes', 0.09981697986333032), ('Charles Aeschliman', 0.04687872130005577), ('Franz Wilhelm Matejka', 0.04687872130005577), ('Jean Wuarin', 0.04687872130005577), ('Herman W Artens', 0.04687872130005577), ('Alan Coldham', 0.044549703091762045), ('Anthony Willard', 0.044549703091762045), ('Gar Moon', 0.044549703091762045), (""Pat O'Hara Wood"", 0.024080679930458898)]"
1927-05-01,267,347,0.004885810030694714,17,264,41,347,43,0.13443333842802802,0.0037453183520599243,Jean Rene Lacoste,0.13443333842802802,1.0509074125712639,"[('Jean Rene Lacoste', 0.13443333842802802), ('Jean Laurent Robert Borotra', 0.12792120106861637), ('Bill Tilden Ii', 0.09111719012682888), ('Henri Jean Cochet', 0.09026164089072945), ('Coco Gentien', 0.038732971690291586), ('Pat Spence', 0.03271101403722524), ('Frank Hunter', 0.031904487105618946), ('Umberto Luigi De Morpurgo', 0.028333851798081153), ('John Francis Hennessey', 0.027572589273208676), ('Toto Brugnon', 0.025907352801437692)]"
1927-09-01,4,4,0.3333333333333333,1,0,263,1,344,0.4161492488779942,0.25,Jean Rene Lacoste,0.4161492488779942,1.4944311768524725,"[('Jean Rene Lacoste', 0.4161492488779942), ('Bill Tilden Ii', 0.2784666536163115), ('Henri Jean Cochet', 0.17945268439422316), ('Bill Johnston', 0.12593141311147116)]"
1928-01-01,54,49,0.017120894479385047,11,53,3,49,4,0.193813018885428,0.018518518518518514,Jean Laurent Robert Borotra,0.193813018885428,1.8807200506884858,"[('Jean Laurent Robert Borotra', 0.193813018885428), ('Jack Cummings', 0.10305256160505004), ('Jack Crawford', 0.04599359179778416), ('Fred Kalms', 0.045993591797784145), ('Richard E Schlessinger', 0.045993591797784145), ('Gar Moon', 0.02486081686569378), ('Gerald Leighton Patterson', 0.02486081686569378), ('Harry Hopman', 0.02486081686569378), ('Jack Hawkes', 0.02486081686569378), ('Les Baker', 0.02486081686569378)]"
1928-05-01,247,358,0.005891840294921168,13,229,36,357,48,0.2505465432643853,0.004048582995951417,Jean Rene Lacoste,0.2505465432643853,1.2406876295846787,"[('Jean Rene Lacoste', 0.2505465432643853), ('Henri Jean Cochet', 0.2019416791866104), ('Bill Tilden Ii', 0.11690511977383491), ('Jacques Christian Boussus', 0.020666361410611855), ('Frank Hunter', 0.01639375238368415), ('Jean Laurent Robert Borotra', 0.01620607351376674), ('Umberto Luigi De Morpurgo', 0.015612675457107874), ('John Francis Hennessey', 0.014748298296310525), ('George Martin Lott', 0.014089853356763668), ('Toto Brugnon', 0.01294525677809358)]"
1929-01-01,40,39,0.025,6,27,234,39,358,0.2062248781565658,0.025,John Colin Gregory,0.2062248781565658,1.8500416312612826,"[('John Colin Gregory', 0.2062248781565658), ('Richard E Schlessinger', 0.11147039865041854), ('Gar Moon', 0.06025311134375543), ('Harry Hopman', 0.06025311134375543), ('Charles Aeschliman', 0.032569227594435264), ('Franz Wilhelm Matejka', 0.032569227594435264), ('Bunny Austin', 0.03256922759443526), ('Ernest Rowe', 0.03256922759443526), (""Pat O'Hara Wood"", 0.03256922759443526), ('Jack Crawford', 0.03256922759443526)]"
1929-05-01,288,392,0.0047425474254742545,15,279,31,392,39,0.12284230131991089,0.003472222222222222,Jean Laurent Robert Borotra,0.12284230131991089,1.1611358582690048,"[('Jean Laurent Robert Borotra', 0.12284230131991089), ('Henri Jean Cochet', 0.10579494246525246), ('Bill Tilden Ii', 0.08687443469532238), ('Jean Rene Lacoste', 0.07460072147213652), ('Bunny Austin', 0.03589358809064932), ('Frank Hunter', 0.02996832466632602), ('Bela Von Kehrling', 0.022566289589853124), ('Hans Moldenhauer', 0.016183337270647226), ('Henk Timmer', 0.014119975034560793), ('Umberto Luigi De Morpurgo', 0.013877939568499644)]"
1930-01-01,48,47,0.020833333333333332,8,43,283,47,392,0.1668884409636081,0.020833333333333332,Gar Moon,0.1668884409636081,1.8434418860185124,"[('Gar Moon', 0.1668884409636081), ('Harry Hopman', 0.09053089344956555), ('Anthony Willard', 0.048934958824233196), ('Jack Crawford', 0.048934958824233196), ('Bunny Austin', 0.04311898505634525), ('Daniel Dan Prenn', 0.04311898505634525), ('Harry Lee', 0.04311898505634525), ('Heinz Landmann', 0.04311898505634525), ('Jack Cummings', 0.03080550881253378), ('Richard E Schlessinger', 0.026830135240247095)]"
1930-05-01,283,393,0.004924441771295391,14,274,39,393,47,0.16160838816126977,0.0035335689045936382,Wilmer Lawson Allison,0.16160838816126977,1.7051387007226275,"[('Wilmer Lawson Allison', 0.16160838816126977), ('John Thomas Godfray Hope Doeg', 0.09477726832003819), ('Bill Tilden Ii', 0.08558992572145134), ('Henri Jean Cochet', 0.08374650796182581), ('Frank Shields', 0.0610163381681812), ('Umberto Luigi De Morpurgo', 0.0593286501648646), ('George Martin Lott', 0.020947571660587142), ('Takeichi Harada', 0.018580366272127793), ('Jean Laurent Robert Borotra', 0.0183838896357901), ('John Colin Gregory', 0.017890790973429185)]"
1931-01-01,55,49,0.016498316498316498,10,44,272,49,393,0.17085658548794028,0.018181818181818177,Jack Crawford,0.17085658548794028,1.8500038181419536,"[('Jack Crawford', 0.17085658548794028), ('Harry Hopman', 0.09235472046730132), ('Don Turnbull', 0.04992252812911113), ('Jack Cummings', 0.04992252812911113), ('Adriano Zappa', 0.02799142982244216), ('A Harry Hassett', 0.02698578915660126), ('Aubrey Willard', 0.02698578915660126), ('Cliff Es Sproule', 0.02698578915660126), ('Gar Moon', 0.02698578915660126), ('Orestis Garangiotis', 0.026055391415453648)]"
1931-05-01,283,383,0.004799137909430369,17,272,44,383,49,0.07988944210748399,0.0035335689045936387,Fred Perry,0.07988944210748399,1.4850411810316784,"[('Fred Perry', 0.07988944210748399), ('Frank Shields', 0.053796112274801494), ('Bunny Austin', 0.050116713062000495), ('Sidney Burr Wood Jr', 0.04959348907313719), ('Pat Hughes', 0.04076779238523474), ('Jean Laurent Robert Borotra', 0.04040092175068921), ('Henry Ellsworth Vines', 0.0391789669980151), ('Jiro Satoh', 0.03567484164372125), ('George Martin Lott', 0.03351415997467233), ('Jacques Christian Boussus', 0.02631715761605379)]"
1932-01-01,37,35,0.026276276276276277,5,31,277,34,382,0.22035211830908774,0.027027027027027032,Jack Crawford,0.22035211830908774,1.8407220701553224,"[('Jack Crawford', 0.22035211830908774), ('Harry Hopman', 0.11970960846386448), ('Cliff Es Sproule', 0.07209199098178753), ('Jiro Satoh', 0.0647079292042223), ('Anthony Willard', 0.034976837035935376), ('Aubrey Willard', 0.034976837035935376), ('Ryosuke Nunoi', 0.034976837035935376), ('Viv Mcgrath', 0.034976837035935376), ('Adrian Karl Quist', 0.018906119475131863), ('J Rodgers', 0.018906119475131863)]"
1932-05-01,299,416,0.0046688065363291505,16,292,30,416,35,0.09694574821171921,0.0033444816053511705,Henry Ellsworth Vines,0.09694574821171921,1.0747256723503917,"[('Henry Ellsworth Vines', 0.09694574821171921), ('Jean Laurent Robert Borotra', 0.09020511066763844), ('Enrique Gerardo Maier', 0.08367396918468668), ('Giorgio De Stefani', 0.043651084925348936), ('Henri Jean Cochet', 0.03780979485665884), ('Daniel Dan Prenn', 0.029536498881054373), ('Giovanni Palmieri', 0.028791296146664147), ('Hector Cosmo Fisher', 0.019188455479560534), ('Frank Shields', 0.018303402207731356), ('Gottfried Alexander Maximilian Walter Kurt Von Cramm', 0.01824543767564548)]"
1933-01-01,46,44,0.021256038647342997,7,36,289,44,416,0.19574983791840367,0.021739130434782605,Jack Crawford,0.19574983791840367,1.8664161809660158,"[('Jack Crawford', 0.19574983791840367), ('Keith Gledhill', 0.1048800583249808), ('Viv Mcgrath', 0.05953862813683978), ('Wilmer Lawson Allison', 0.05427553694769745), ('Adrian Karl Quist', 0.02933892230546189), ('Don Turnbull', 0.02933892230546189), ('Harry Hopman', 0.02933892230546189), ('Henry Ellsworth Vines', 0.02933892230546189), ('Guillermo Robson', 0.02724401427733665), ('J Rodgers', 0.023145439346724785)]"
1933-05-01,302,444,0.004884380981716574,18,289,33,444,44,0.13119632048926624,0.0033112582781456954,Jack Crawford,0.13119632048926624,1.105831075852957,"[('Jack Crawford', 0.13119632048926624), ('Jiro Satoh', 0.11864047172672465), ('Fred Perry', 0.0891264645158635), ('Giorgio De Stefani', 0.0356907585450177), ('Bunny Austin', 0.030381532180479766), ('Viv Mcgrath', 0.029863963614510075), ('Frank Shields', 0.0292716520676798), ('Gregory Mangin', 0.02838469306299779), ('Norman Gordon Farquharson', 0.026605734681561438), ('Marcel Bernard', 0.024482651648142846)]"
1933-09-01,8,8,0.14285714285714285,2,1,295,8,444,0.242255176376025,0.12499999999999997,Hector Cosmo Fisher,0.242255176376025,1.494427903646765,"[('Hector Cosmo Fisher', 0.242255176376025), ('Andre La Croix', 0.16210562970944525), ('Friedrich Frenz', 0.13562223175311372), ('Gottfried Alexander Maximilian Walter Kurt Von Cramm', 0.13562223175311372), ('Max S Ellmer', 0.10446591795252046), ('Anker Jacobsen', 0.0733096041519272), ('Einer Ulrich', 0.0733096041519272), ('Charles Naeyaert', 0.0733096041519272)]"
1934-01-01,32,31,0.03125,6,32,8,31,8,0.23935424291565915,0.031249999999999997,Fred Perry,0.23935424291565915,1.8499977285855644,"[('Fred Perry', 0.23935424291565915), ('Jack Crawford', 0.12938083069899767), ('Adrian Karl Quist', 0.06993460026875525), ('Viv Mcgrath', 0.06993460026875525), ('Gar Moon', 0.037801820827264535), ('Harry Hopman', 0.037801820827264535), ('Harry Lee', 0.037801820827264535), ('Pat Hughes', 0.037801820827264535), ('Aubrey Willard', 0.020433286971432513), ('Dave Thompson', 0.020433286971432513)]"
1934-05-01,275,387,0.005136031851360318,15,265,22,385,29,0.14137243815814157,0.0036363636363636364,Fred Perry,0.14137243815814157,1.0790056385959108,"[('Fred Perry', 0.14137243815814157), ('Giorgio De Stefani', 0.131021037426743), ('Gottfried Alexander Maximilian Walter Kurt Von Cramm', 0.0751298595258382), ('Bob Kirby', 0.0718293451076629), ('George Martin Lott', 0.06256561533728892), ('Sidney Burr Wood Jr', 0.050746218713117436), ('Jack Crawford', 0.02926403479058278), ('Edward W Feibelman', 0.028472812960810143), ('Frank Shields', 0.019720727285169437), ('Bunny Austin', 0.019081269647643118)]"
1935-01-01,44,43,0.022727272727272728,9,31,262,43,387,0.20843121984007426,0.022727272727272728,Jack Crawford,0.20843121984007426,1.8555394886882972,"[('Jack Crawford', 0.20843121984007426), ('Fred Perry', 0.11232917494384168), ('Adrian Karl Quist', 0.06105537312819338), ('Viv Mcgrath', 0.060321039639799394), ('Roderich Ferdinand Ottomar Menzel', 0.03300229430778808), ('Giorgio De Stefani', 0.03300229430778808), ('Gar Moon', 0.03300229430778808), ('Don Turnbull', 0.03213965144190148), ('Carlos Ponce De Leon', 0.02724956624956333), ('John Edward Bromwich', 0.021496838191338574)]"
1935-05-01,266,364,0.005163853028798411,16,251,29,364,43,0.1416860586421582,0.003759398496240601,Wilmer Lawson Allison,0.1416860586421582,1.0158811804429753,"[('Wilmer Lawson Allison', 0.1416860586421582), ('Fred Perry', 0.13947109304690136), ('Gottfried Alexander Maximilian Walter Kurt Von Cramm', 0.10596563774642657), ('Don Budge', 0.06659228405598297), ('Bunny Austin', 0.057338652663860956), ('Viv Mcgrath', 0.03788052557227529), ('Sidney Burr Wood Jr', 0.033769261347017944), ('Jack Crawford', 0.03262164351359229), ('Bitsy Grant', 0.019291813999030124), ('Roderich Ferdinand Ottomar Menzel', 0.017567907882471305)]"
1936-01-01,40,39,0.025,6,27,253,36,361,0.2080082736223484,0.025,Adrian Karl Quist,0.2080082736223484,1.850022324713944,"[('Adrian Karl Quist', 0.2080082736223484), ('Jack Crawford', 0.11243554785454346), ('Abe A Kay', 0.0607763376613303), ('Harry Hopman', 0.0607763376613303), ('Don Turnbull', 0.03285264336484054), ('John Edward Bromwich', 0.03285264336484054), ('Gar Moon', 0.03285264336484054), ('Viv Mcgrath', 0.03285264336484054), ('Henner Henkel', 0.03172027320772195), ('Enrique Gerardo Maier', 0.02122589321308112)]"
1936-05-01,255,366,0.005650764242704956,14,247,32,366,39,0.29955614602071173,0.003921568627450984,Fred Perry,0.29955614602071173,1.0618647142464523,"[('Fred Perry', 0.29955614602071173), ('Gottfried Alexander Maximilian Walter Kurt Von Cramm', 0.28210387067366716), ('Don Budge', 0.029447873149945555), ('Bunny Austin', 0.011903611523538088), ('Bitsy Grant', 0.011744984148815033), ('Jack Crawford', 0.010318446599555624), ('Jacques Christian Boussus', 0.008514848124378584), ('Marcel Bernard', 0.008028262195691766), ('Bernard Destremeau', 0.00788789265900445), ('Frank Parker', 0.006336319335702728)]"
1937-01-01,56,55,0.017857142857142856,10,38,237,53,364,0.1720946574011224,0.017857142857142856,Viv Mcgrath,0.1720946574011224,1.8499804288801531,"[('Viv Mcgrath', 0.1720946574011224), ('John Edward Bromwich', 0.09302512324700445), ('Harry Hopman', 0.048524315712992976), ('Jack Crawford', 0.048524315712992976), ('Abe A Kay', 0.026229759466856784), ('Adrian Karl Quist', 0.026229759466856784), ('Don Turnbull', 0.026229759466856784), ('Gyorgy Dallos', 0.026229759466856784), ('Len Schwartz', 0.026229759466856784), ('Kie Kho Sin', 0.026229759466856784)]"
1937-05-01,286,382,0.004686541528646792,18,266,36,382,55,0.12168888583371885,0.0034965034965034965,Don Budge,0.12168888583371885,1.9272319072436765,"[('Don Budge', 0.12168888583371885), ('Gottfried Alexander Maximilian Walter Kurt Von Cramm', 0.06314179698682867), ('Henner Henkel', 0.04717774247164964), ('Frank Parker', 0.039534695184608434), ('Bunny Austin', 0.03772393184502324), ('Jacques Christian Boussus', 0.02018191416929394), ('Charles Edgar Hare', 0.01798063384498008), ('Bitsy Grant', 0.016862141581357546), ('Adam Baworowski', 0.016468591877561962), ('Ladislav Hecht', 0.01534504586861142)]"
1938-01-01,38,35,0.024893314366998577,6,25,273,33,380,0.21527839575873853,0.026315789473684216,Don Budge,0.21527839575873853,1.8500192768867785,"[('Don Budge', 0.21527839575873853), ('John Edward Bromwich', 0.11636548788886679), ('Adrian Karl Quist', 0.062900734719636), ('Gottfried Alexander Maximilian Walter Kurt Von Cramm', 0.062900734719636), ('George Holland', 0.034000990154442155), ('Len Schwartz', 0.034000990154442155), ('Franjo Puncec', 0.034000990154442155), ('Gene Mako', 0.034000990154442155), ('Viv Mcgrath', 0.034000990154442155), ('Gar Moon', 0.018379138626779624)]"
1938-05-01,296,395,0.004523591387998168,17,282,24,395,35,0.11576297195976516,0.0033783783783783786,Don Budge,0.11576297195976516,2.4278208581147798,"[('Don Budge', 0.11576297195976516), ('Franjo Puncec', 0.04768184257616764), ('Gene Mako', 0.03973402012161861), ('Bunny Austin', 0.031194166214046005), ('Roderich Ferdinand Ottomar Menzel', 0.028399534968997622), ('Henner Henkel', 0.021483827755916538), ('Fumiteru Nakano', 0.020931210385970032), ('Sidney Burr Wood Jr', 0.018572697269286224), ('Adrian Quist', 0.01789767489588116), ('Dragutin Mitic', 0.017163851752321182)]"
1938-09-01,4,4,0.3333333333333333,1,0,292,4,395,0.4161492488779942,0.25,Don Budge,0.4161492488779942,1.4944311768524725,"[('Don Budge', 0.4161492488779942), ('John Edward Bromwich', 0.2784666536163115), ('Bobby Riggs', 0.17945268439422316), ('Adrian Quist', 0.12593141311147116)]"
1939-01-01,32,31,0.03125,6,31,3,31,4,0.23935424291565915,0.031249999999999997,John Edward Bromwich,0.23935424291565915,1.8499977285855649,"[('John Edward Bromwich', 0.23935424291565915), ('Adrian Karl Quist', 0.12938083069899764), ('Jack Crawford', 0.06993460026875525), ('Viv Mcgrath', 0.06993460026875525), ('Lionel Brodie', 0.037801820827264535), ('Don Turnbull', 0.037801820827264535), ('Harry Hopman', 0.037801820827264535), ('Jim Gilchrist', 0.037801820827264535), ('Dinny Pails', 0.020433286971432513), ('Bill Sidwell', 0.020433286971432513)]"
1939-05-01,253,353,0.005536733797603363,14,249,28,353,31,0.14140663402463713,0.003952569169960473,Don Mcneill,0.14140663402463713,1.0726694580887544,"[('Don Mcneill', 0.14140663402463713), ('Bobby Riggs', 0.13182684839054765), ('Joe Hunt', 0.07415530954546341), ('Franjo Kukuljevic', 0.06548079263155455), ('Franjo Puncec', 0.038154519305885384), ('Elwood Thomas Cooke', 0.03755206464783696), ('Welby Van Horn', 0.025856164874260585), ('John Edward Bromwich', 0.02253213968513947), ('Henner Henkel', 0.02162516510555539), ('Adrian Quist', 0.017344174317116563)]"
1939-09-01,4,4,0.3333333333333333,1,0,249,4,353,0.25,0.25,Adrian Quist,0.25,1.0,"[('Adrian Quist', 0.25), ('Bobby Riggs', 0.25), ('John Edward Bromwich', 0.25), ('Frank Parker', 0.25)]"
1940-01-01,32,31,0.03125,6,31,3,31,4,0.23935424291565915,0.031249999999999993,Adrian Karl Quist,0.23935424291565915,1.8499977285855649,"[('Adrian Karl Quist', 0.23935424291565915), ('Jack Crawford', 0.12938083069899764), ('Viv Mcgrath', 0.06993460026875525), ('John Edward Bromwich', 0.06993460026875525), ('Bill Sidwell', 0.037801820827264535), ('Dinny Pails', 0.037801820827264535), ('Harry Hopman', 0.037801820827264535), ('Max Newcombe', 0.037801820827264535), ('Jim Gilchrist', 0.020433286971432513), ('Max Bonner', 0.020433286971432513)]"
1940-05-01,78,77,0.01282051282051282,10,78,32,77,31,0.19509381060021735,0.01282051282051282,Don Mcneill,0.19509381060021735,1.8161838760021376,"[('Don Mcneill', 0.19509381060021735), ('Bobby Riggs', 0.10741963585188648), ('Jack Kramer', 0.06629293914793281), ('Joe Hunt', 0.047426804840669565), ('Frank Parker', 0.025635562980437388), ('Frederick Ted Schroeder', 0.025635562980437385), ('Elwood Thomas Cooke', 0.025635562980437385), ('Frank Kovacs', 0.025635562980437385), ('J Hal Surface Jr', 0.023148812555470938), ('Henry J Prusoff', 0.02219409852958531)]"
1941-05-01,64,63,0.015625,8,25,39,58,72,0.20094991975778215,0.015625,Bobby Riggs,0.20094991975778215,1.8499372866670196,"[('Bobby Riggs', 0.20094991975778215), ('Frank Kovacs', 0.10862526054590099), ('Don Mcneill', 0.05871828442684172), ('Frederick Ted Schroeder', 0.0587182844268417), ('Bitsy Grant', 0.031739973321912605), ('Frank Parker', 0.031739973321912605), ('Wayne R Sabin', 0.031739973321912605), ('Jack Kramer', 0.031739973321912605), ('Billy Gillespie', 0.017156462319114628), ('Gardnar Mulloy', 0.017156462319114628)]"
1942-05-01,64,63,0.015625,8,37,37,63,63,0.20094991975778215,0.015625,Frederick Ted Schroeder,0.20094991975778215,1.8499372866670196,"[('Frederick Ted Schroeder', 0.20094991975778215), ('Frank Parker', 0.10862526054590099), ('Pancho Segura', 0.05871828442684172), ('Gardnar Mulloy', 0.05871828442684172), ('Alejo Domingo Russell', 0.031739973321912605), ('Billy Talbert', 0.031739973321912605), ('Seymour Greenberg', 0.031739973321912605), ('George E Richards', 0.031739973321912605), ('Sidney Burr Wood Jr', 0.017156462319114628), ('Bill Vogt', 0.017156462319114628)]"
1943-05-01,32,31,0.03125,6,17,49,31,63,0.23935424291565915,0.03125,Joe Hunt,0.23935424291565915,1.8499977285855644,"[('Joe Hunt', 0.23935424291565915), ('Jack Kramer', 0.12938083069899767), ('Billy Talbert', 0.06993460026875525), ('Pancho Segura', 0.06993460026875525), ('Elwood Thomas Cooke', 0.03780182082726455), ('Frank Parker', 0.03780182082726455), ('Jack Tuero', 0.03780182082726455), ('Seymour Greenberg', 0.03780182082726455), ('George A Ball', 0.02043328697143252), ('Bitsy Grant', 0.02043328697143252)]"
1944-05-01,32,31,0.03125,6,18,18,30,30,0.23935424291565915,0.031249999999999997,Frank Parker,0.23935424291565915,1.8499977285855649,"[('Frank Parker', 0.23935424291565915), ('Billy Talbert', 0.12938083069899764), ('Pancho Segura', 0.06993460026875525), ('Don Mcneill', 0.06993460026875525), ('Bob Falkenburg', 0.03780182082726455), ('Charles W Oliver', 0.03780182082726455), ('Seymour Greenberg', 0.03780182082726455), ('Zan Carver Jr', 0.03780182082726455), ('George A Ball', 0.02043328697143252), ('Rolando Vega', 0.02043328697143252)]"
1945-09-01,48,46,0.020390070921985817,7,36,20,44,29,0.21005352787894727,0.020833333333333332,Frank Parker,0.21005352787894727,1.88353076332651,"[('Frank Parker', 0.21005352787894727), ('Billy Talbert', 0.11152115588915099), ('Elwood Thomas Cooke', 0.08289381302394744), ('Pancho Segura', 0.04480689861688932), ('Sidney Burr Wood Jr', 0.04480689861688932), ('Alejo Domingo Russell', 0.03367879986069624), ('Frank Shields', 0.024219228318841667), ('Buddy Behrens', 0.024219228318841667), ('Bob Falkenburg', 0.024219228318841667), ('Herb Flam', 0.024219228318841667)]"
1946-01-01,35,34,0.02857142857142857,6,35,48,34,46,0.23527862837442168,0.028571428571428567,John Edward Bromwich,0.23527862837442168,1.9086358613078278,"[('John Edward Bromwich', 0.23527862837442168), ('Dinny Pails', 0.12327056886231039), ('Adrian Karl Quist', 0.07053672712074718), ('Geoffrey Edmund Brown', 0.06331237643598665), ('Jack Edwin Harper', 0.041447294483521996), ('Max Bonner', 0.03422294379876145), ('Lionel Brodie', 0.03422294379876145), ('Harry Hopman', 0.03422294379876145), ('John Diggle', 0.018499141003505627), ('Robert Mccarthy', 0.018499141003505627)]"
1946-05-01,247,348,0.005727263750370297,15,243,31,348,34,0.10010897383454039,0.004048582995951418,Yvon Francois Marie Petra,0.10010897383454039,1.0466309658565593,"[('Yvon Francois Marie Petra', 0.10010897383454039), ('Dragutin Mitic', 0.09564877889181458), ('Jaroslav Drobny', 0.08444664823036649), ('Marcel Bernard', 0.07489782693802764), ('Budge Patty', 0.042329204625240015), ('Jack Kramer', 0.04190313807432342), ('Geoffrey Edmund Brown', 0.04100298627039079), ('Tom Brown', 0.039574115147123015), ('Franjo Puncec', 0.034212201145930626), ('Lennart Bergelin', 0.029194867506355138)]"
1946-09-01,8,8,0.14285714285714285,3,1,240,8,348,0.23684140372652474,0.125,Jack Kramer,0.23684140372652474,1.4594572395463299,"[('Jack Kramer', 0.23684140372652474), ('Frank Parker', 0.1622804679088416), ('Frederick Ted Schroeder', 0.125), ('Gardnar Mulloy', 0.125), ('Lennart Bergelin', 0.08771953209115842), ('Torsten Johansson', 0.08771953209115842), ('John Edward Bromwich', 0.08771953209115842), ('Dinny Pails', 0.08771953209115842)]"
1947-01-01,32,31,0.03125,6,29,5,31,8,0.23935424291565915,0.03125,Dinny Pails,0.23935424291565915,1.8499977285855644,"[('Dinny Pails', 0.23935424291565915), ('John Edward Bromwich', 0.12938083069899767), ('Tom Brown', 0.06993460026875525), ('Gardnar Mulloy', 0.06993460026875525), ('Adrian Karl Quist', 0.037801820827264535), ('Bill Sidwell', 0.037801820827264535), ('Colin Foster Long', 0.037801820827264535), ('Lionel Brodie', 0.037801820827264535), ('Jim Matthews', 0.020433286971432513), ('Billy Talbert', 0.020433286971432513)]"
1947-05-01,267,390,0.0054912562304638,15,258,23,389,30,0.10050459443111548,0.003745318352059925,Jack Kramer,0.10050459443111548,1.6932763960665862,"[('Jack Kramer', 0.10050459443111548), ('Jaroslav Drobny', 0.059355102725452066), ('Tom Brown', 0.05079306843687686), ('John Edward Bromwich', 0.04180219260074664), ('Torsten Johansson', 0.035841626256844034), ('Jozsef Asboth', 0.03578966890906466), ('Budge Patty', 0.0309728329955812), ('Frank Parker', 0.021459918282135247), ('Dinny Pails', 0.021381647614522062), ('Eric William Sturgess', 0.019816695285180472)]"
1948-01-01,54,51,0.01781970649895178,10,37,250,51,390,0.17866124268650282,0.018518518518518514,Adrian Karl Quist,0.17866124268650282,1.8415917583957313,"[('Adrian Karl Quist', 0.17866124268650282), ('John Edward Bromwich', 0.09701457550078323), ('Bill Sidwell', 0.04740564676154445), ('Geoffrey Edmund Brown', 0.04740564676154445), ('Robert Mccarthy', 0.035631925648603964), ('Frank Arthur Sedgman', 0.030222361058053315), ('Colin Foster Long', 0.025624731550645707), ('Eddie Moylan', 0.025624731550645707), ('Khan Iftikhar Ahmed', 0.025624731550645707), ('Tony Mottram', 0.025624731550645707)]"
1948-05-01,276,400,0.005270092226613966,15,255,33,400,51,0.08732573829707682,0.0036231884057971006,Jaroslav Drobny,0.08732573829707682,1.2387648324885077,"[('Jaroslav Drobny', 0.08732573829707682), ('Richard Pancho Gonzales', 0.07049420197185567), ('Frank Parker', 0.045197682571052375), ('Bob Falkenburg', 0.04151607380574423), ('Eric William Sturgess', 0.037036882707002), ('Lennart Bergelin', 0.036144791005189976), ('Jozsef Asboth', 0.028773686234500426), ('Gianni Cucelli', 0.027644277354585287), ('Bill Sidwell', 0.025526224389113072), ('Art Larsen', 0.023100781742402553)]"
1948-09-01,4,4,0.3333333333333333,1,1,273,4,400,0.32456160227748454,0.24999999999999994,Frank Parker,0.32456160227748454,1.0,"[('Frank Parker', 0.32456160227748454), ('Frederick Ted Schroeder', 0.32456160227748454), ('Adrian Quist', 0.17543839772251532), ('Bill Sidwell', 0.17543839772251532)]"
1949-01-01,68,63,0.01382791922739245,11,67,3,63,4,0.1645506668074783,0.014705882352941183,Frank Arthur Sedgman,0.1645506668074783,1.8445296398185431,"[('Frank Arthur Sedgman', 0.1645506668074783), ('John Edward Bromwich', 0.08921009630599705), ('Geoffrey Edmund Brown', 0.04822261231427582), ('Bill Sidwell', 0.04764338280221711), ('Adrian Karl Quist', 0.026066850498926868), ('Colin Foster Long', 0.026066850498926868), ('George Allan Worthington', 0.026066850498926868), ('Tom Warhurst', 0.025385215330957264), ('Ricardo Balbiers', 0.021523506124453244), ('Jack Crawford', 0.016177851471059573)]"
1949-05-01,243,349,0.005934768561031188,13,220,45,349,63,0.13207307431492502,0.004115226337448559,Richard Pancho Gonzales,0.13207307431492502,1.3631992713033871,"[('Richard Pancho Gonzales', 0.13207307431492502), ('Jaroslav Drobny', 0.09688464268958039), ('Frederick Ted Schroeder', 0.0862976408572036), ('Budge Patty', 0.06729866515706692), ('Geoffrey Edmund Brown', 0.06008372919001108), ('Frank Parker', 0.058717049252001795), ('Eric William Sturgess', 0.04012315341975801), ('Marcel Bernard', 0.033181869402729214), ('Billy Talbert', 0.030637409774382014), ('Gianni Cucelli', 0.028354193935256386)]"
1950-01-01,39,38,0.02564102564102564,7,32,236,38,349,0.21733383951235355,0.025641025641025647,Frank Arthur Sedgman,0.21733383951235355,1.9025568549728387,"[('Frank Arthur Sedgman', 0.21733383951235355), ('Ken Mcgregor', 0.11423250713601212), ('Eric William Sturgess', 0.06398633620479892), ('Bill Sidwell', 0.05911230711197339), ('Mervyn Rose', 0.03768550912436198), ('George Allan Worthington', 0.03768550912436198), ('Colin Foster Long', 0.03195228648424359), ('John Edward Bromwich', 0.03195228648424359), ('Ian Occleshaw', 0.02520661055382246), ('Harry Hopman', 0.02401684035747446)]"
1950-05-01,250,388,0.00623293172690763,16,238,27,388,38,0.09938466218616623,0.003999999999999999,Art Larsen,0.09938466218616623,1.3944475078274725,"[('Art Larsen', 0.09938466218616623), ('Budge Patty', 0.07127171272370517), ('Frank Arthur Sedgman', 0.07086343335482949), ('Chuck Devoe', 0.06120690728355108), ('Sidney Schwartz', 0.05448661824756488), ('Eric William Sturgess', 0.05278626834518221), ('Jaroslav Drobny', 0.05243159037860497), ('Dick Savitt', 0.05108374853730701), ('E Victor Seixas', 0.032765778123367985), ('Billy Talbert', 0.025972087982813714)]"
1951-01-01,32,31,0.03125,6,22,240,30,387,0.23935424291565915,0.03125,Dick Savitt,0.23935424291565915,1.8499977285855644,"[('Dick Savitt', 0.23935424291565915), ('Ken Mcgregor', 0.12938083069899767), ('Art Larsen', 0.06993460026875527), ('Frank Arthur Sedgman', 0.06993460026875527), ('Adrian Karl Quist', 0.037801820827264535), ('Mervyn Rose', 0.037801820827264535), ('John Edward Bromwich', 0.037801820827264535), ('George Allan Worthington', 0.037801820827264535), ('Jim Gilchrist', 0.020433286971432513), ('Bill Sidwell', 0.020433286971432513)]"
1951-05-01,281,417,0.005299949161159126,17,275,26,415,29,0.10159500061204826,0.0035587188612099642,Frank Arthur Sedgman,0.10159500061204826,1.1269670311135764,"[('Frank Arthur Sedgman', 0.10159500061204826), ('Jaroslav Drobny', 0.09014904412213409), ('Tony Mottram', 0.08207853040971996), ('E Victor Seixas', 0.07226098729559446), ('Dick Savitt', 0.06941741347301865), ('Ken Mcgregor', 0.05694903235228139), ('Herb Flam', 0.05413762212441247), ('Lennart Bergelin', 0.041410570768464314), ('Eric William Sturgess', 0.02828388525986542), ('Budge Patty', 0.01947502060324056)]"
1951-09-01,7,8,0.19047619047619047,2,1,275,7,416,0.32650671793792135,0.1428571428571428,Frank Arthur Sedgman,0.32650671793792135,1.8219836476566724,"[('Frank Arthur Sedgman', 0.32650671793792135), ('Frederick Ted Schroeder', 0.17920397823430248), ('Tony Trabert', 0.1457264292889911), ('E Victor Seixas', 0.11224888034367973), ('Mervyn Rose', 0.07877133139836837), ('Lennart Bergelin', 0.07877133139836837), ('Sven Viktor Davidson', 0.07877133139836837)]"
1952-01-01,37,36,0.02702702702702703,6,35,5,36,8,0.2267425215072838,0.027027027027027046,Ken Mcgregor,0.2267425215072838,1.8035717044572137,"[('Ken Mcgregor', 0.2267425215072838), ('Frank Arthur Sedgman', 0.12571860655549713), ('Dick Savitt', 0.06534064770734378), ('Mervyn Rose', 0.06433745603596565), ('Don Candy', 0.0383938722112913), ('Ken Rosewall', 0.0383938722112913), ('Ian G Ayre', 0.03170161553029559), ('Geoffrey Edmund Brown', 0.03170161553029559), ('Dave Yates', 0.023828418405852123), ('Adrian Karl Quist', 0.017136161724856415)]"
1952-05-01,313,460,0.00471041205865487,13,304,28,458,34,0.25829088022708335,0.003194888178913738,Frank Arthur Sedgman,0.25829088022708335,1.0406690440430493,"[('Frank Arthur Sedgman', 0.25829088022708335), ('Jaroslav Drobny', 0.2481969476324681), ('Gardnar Mulloy', 0.02168839097685927), ('Mervyn Rose', 0.020875353317113803), ('Straight Clark', 0.01499957547549568), ('Eric William Sturgess', 0.014786749893891882), ('Hamilton Richardson', 0.014165470613384657), ('Herb Flam', 0.013486847969021169), ('Ken Mcgregor', 0.012858189396961713), ('Dick Savitt', 0.012622722016326481)]"
1952-09-01,10,12,0.13333333333333333,2,1,304,12,460,0.24244892893041128,0.10000000000000005,Frank Arthur Sedgman,0.24244892893041128,1.391618777031173,"[('Frank Arthur Sedgman', 0.24244892893041128), ('E Victor Seixas', 0.1742207944676075), ('Tony Trabert', 0.12798732329138507), ('Fausto Gardini', 0.12716661011657934), ('Ken Mcgregor', 0.09436219748564899), ('Naresh Kumar', 0.051292610338092307), ('Tiny Misra', 0.051292610338092307), ('Hamilton Richardson', 0.051292610338092307), ('Rolando Del Bello', 0.039968157347045646), ('Gianni Cucelli', 0.039968157347045646)]"
1953-01-01,36,35,0.027777777777777776,5,33,7,35,12,0.2200474715603063,0.027777777777777776,Ken Rosewall,0.2200474715603063,1.8499657372706417,"[('Ken Rosewall', 0.2200474715603063), ('Mervyn Rose', 0.11894678216308735), ('E Victor Seixas', 0.06429632104826198), ('Ian G Ayre', 0.06429632104826198), ('Clive Wilderspin', 0.03475461026072848), ('Geoffrey Edmund Brown', 0.03475461026072848), ('Hamilton Richardson', 0.03475461026072848), ('Straight Clark', 0.03475461026072848), ('Hans Redl', 0.033556822042819984), ('Marcel Coen', 0.022454522337226238)]"
1953-05-01,315,444,0.004488929329693661,16,300,21,442,33,0.12529484295476906,0.0031746031746031746,E Victor Seixas,0.12529484295476906,1.259368194669102,"[('E Victor Seixas', 0.12529484295476906), ('Tony Trabert', 0.09949023922085803), ('Ken Rosewall', 0.08554656088251437), ('Kurt Nielsen', 0.07620424406350854), ('Lew Hoad', 0.022556800220052613), ('Sven Viktor Davidson', 0.019844401828314928), ('Mervyn Rose', 0.018324368788107094), ('Jaroslav Drobny', 0.017189003805265998), ('Torben Ulrich', 0.015817512187946598), ('Budge Patty', 0.015137181354920603)]"
1953-09-01,14,16,0.08791208791208792,4,1,302,13,441,0.22279855098558377,0.07142857142857141,Lew Hoad,0.22279855098558377,1.126039869697287,"[('Lew Hoad', 0.22279855098558377), ('Tony Trabert', 0.19786026852271102), ('E Victor Seixas', 0.08242211158753657), ('Jackie Brichant', 0.08119284463424972), ('Philippe Washer', 0.05783994280348154), ('Straight Clark', 0.05783994280348154), ('Tut Bartzen', 0.05783994280348154), ('Ken Rosewall', 0.0546176866920119), ('Lorne Main', 0.03126478486124371), ('Ramanathan Krishnan', 0.03126478486124371)]"
1954-01-01,52,47,0.017722473604826545,9,49,11,47,16,0.17535387285590653,0.019230769230769232,Mervyn Rose,0.17535387285590653,1.8499570567324597,"[('Mervyn Rose', 0.17535387285590653), ('Rex Noel Hartwig', 0.0947880774949611), ('John Edward Bromwich', 0.05123867883526547), ('Ken Rosewall', 0.05123867883526547), ('Ashley Cooper', 0.02769712721343262), ('E Victor Seixas', 0.02769712721343262), ('George Allan Worthington', 0.02769712721343262), ('Hamilton Richardson', 0.02769712721343262), ('Franz Saiko', 0.02674206843321011), ('Emilio Martinez Del Rey', 0.024257681758899013)]"
1954-05-01,313,450,0.004608011796510199,14,283,22,448,45,0.10868000249132206,0.003194888178913737,Art Larsen,0.10868000249132206,1.1106506967400511,"[('Art Larsen', 0.10868000249132206), ('Ken Rosewall', 0.09785254969029991), ('Tony Trabert', 0.081973594241644), ('Rex Noel Hartwig', 0.07349634004499041), ('E Victor Seixas', 0.07118801078739899), ('Jaroslav Drobny', 0.06785235383602735), ('Budge Patty', 0.05150378689643548), ('Sven Viktor Davidson', 0.05023604983727183), ('Philippe Washer', 0.03658463878723394), ('Tom Brown', 0.016519226437819865)]"
1954-09-01,10,12,0.13333333333333333,3,0,303,10,448,0.21686969636734926,0.10000000000000005,E Victor Seixas,0.21686969636734926,1.1255405082583987,"[('E Victor Seixas', 0.21686969636734926), ('Tony Trabert', 0.1926804897523607), ('Ken Rosewall', 0.19254017323075986), ('Gustavo Palafox', 0.12093399501833754), ('Rex Noel Hartwig', 0.12093399501833754), ('Hamilton Richardson', 0.0409878530392786), ('Lennart Bergelin', 0.028763449393394203), ('Mario Llamas', 0.028763449393394203), ('Sven Viktor Davidson', 0.028763449393394203), ('Lew Hoad', 0.028763449393394203)]"
1955-01-01,75,66,0.011891891891891892,14,68,3,65,11,0.14545252292691527,0.013333333333333336,Ken Rosewall,0.14545252292691527,1.79033928334042,"[('Ken Rosewall', 0.14545252292691527), ('Lew Hoad', 0.08124299359366653), ('Tony Trabert', 0.04559383045903447), ('Rex Noel Hartwig', 0.04194279765270111), ('E Victor Seixas', 0.024645852313838135), ('Mervyn Rose', 0.024645852313838135), ('Martin Froesch', 0.02400098996603249), ('Ashley Cooper', 0.02034995715969912), ('Lennart Bergelin', 0.02034995715969912), ('Ernst Buchholz', 0.017121351338614237)]"
1955-05-01,311,457,0.004740172181308993,14,273,37,455,64,0.14968603967976146,0.0032154340836012853,Lew Hoad,0.14968603967976146,1.1900714721720955,"[('Lew Hoad', 0.14968603967976146), ('Tony Trabert', 0.1257790335958204), ('Budge Patty', 0.05465451306491645), ('Sven Viktor Davidson', 0.04562620512373236), ('Ronald Moreira', 0.04309419413759644), ('Ken Rosewall', 0.04088326955564136), ('Kurt Nielsen', 0.027512287533479313), ('Art Larsen', 0.02209437332024504), ('Johann F Kupferburger', 0.0194282982996807), ('Reynaldo Garrido', 0.01881104809804701)]"
1956-01-01,73,67,0.012747336377473363,15,44,282,67,457,0.13712365070258162,0.0136986301369863,Lew Hoad,0.13712365070258162,1.850021704730008,"[('Lew Hoad', 0.13712365070258162), ('Ken Rosewall', 0.07412002267432502), ('Herb Flam', 0.040062977580998665), ('Neale Fraser', 0.040062977580998665), ('Ashley Cooper', 0.02165495220160856), ('Georges Pasquier', 0.02165495220160856), ('Gil J Shea', 0.02165495220160856), ('Mal Anderson', 0.02165495220160856), ('Mervyn Rose', 0.02165495220160856), ('Joe D Hackett', 0.020909333091191362)]"
1956-05-01,303,442,0.004830284352938605,16,269,39,439,64,0.2602224733958233,0.0033003300330033004,Lew Hoad,0.2602224733958233,1.0305001517169414,"[('Lew Hoad', 0.2602224733958233), ('Ken Rosewall', 0.2525205580632475), ('Hamilton Richardson', 0.022652633926901807), ('E Victor Seixas', 0.018703463172266874), ('Neale Fraser', 0.018025537050819326), ('Nicola Pietrangeli', 0.01712051299010634), ('Ashley Cooper', 0.014565558463546806), ('Sven Viktor Davidson', 0.013196212432688245), ('Uffe Schmidt', 0.010384553634281635), ('Giuseppe Merlo', 0.010324104602405562)]"
1956-09-01,11,12,0.10909090909090909,3,0,292,11,441,0.17458668933244068,0.09090909090909093,Lew Hoad,0.17458668933244068,1.091425443600096,"[('Lew Hoad', 0.17458668933244068), ('Ken Rosewall', 0.15996208477288362), ('Hamilton Richardson', 0.10531223419121456), ('Herb Flam', 0.10531223419121456), ('E Victor Seixas', 0.08810779832153703), ('Sammy Giammalva', 0.08810779832153703), ('Nicola Pietrangeli', 0.06786681947922298), ('Ramanathan Krishnan', 0.06786681947922298), ('Naresh Kumar', 0.04762584063690892), ('Orlando Sirola', 0.04762584063690892)]"
1957-01-01,83,75,0.011019688510138114,15,78,6,75,12,0.1271880995868397,0.012048192771084338,Ashley Cooper,0.1271880995868397,1.8074235807781203,"[('Ashley Cooper', 0.1271880995868397), ('Neale Fraser', 0.07036983523922129), ('Lew Hoad', 0.03995333188464576), ('Mal Anderson', 0.036420702456088666), ('Iyo Pimentel', 0.02384269859518097), ('Mike E Green', 0.02384269859518097), ('Raymundo Deyro', 0.021397953228168568), ('Warren W Woodcock', 0.01968681489685516), ('Fred Dehnert', 0.01968681489685516), ('Graham Lovett', 0.01968681489685516)]"
1957-05-01,266,405,0.005745495815009221,14,223,40,403,73,0.08246827695816997,0.0037593984962406,Sven Viktor Davidson,0.08246827695816997,1.1455995140471358,"[('Sven Viktor Davidson', 0.08246827695816997), ('Ashley Cooper', 0.07198700413797209), ('Mal Anderson', 0.06489856428305892), ('Herb Flam', 0.05837783622024365), ('Lew Hoad', 0.055032242557341626), ('Neil C Gibson', 0.04830379966548484), ('Kurt Nielsen', 0.04188200414061669), ('E Victor Seixas', 0.04161214324575319), ('Philippe Washer', 0.030225311602102272), ('Warren W Woodcock', 0.030216677578690322)]"
1957-09-01,9,12,0.16666666666666666,2,0,257,10,403,0.24251921515716407,0.1111111111111111,E Victor Seixas,0.24251921515716407,1.0884828272278821,"[('E Victor Seixas', 0.24251921515716407), ('Ashley Cooper', 0.22280481518923478), ('Barry Mackay', 0.206052670194129), ('Mal Anderson', 0.19181079945947208), ('Philippe Washer', 0.04889583333333334), ('Herb Flam', 0.037916666666666675), ('Felicisimo Ampon', 0.01666666666666667), ('Jackie Brichant', 0.01666666666666667), ('Raymundo Deyro', 0.01666666666666667)]"
1958-01-01,73,66,0.012557077625570776,13,70,6,66,12,0.13953287541352588,0.0136986301369863,Ashley Cooper,0.13953287541352588,1.8499998060824647,"[('Ashley Cooper', 0.13953287541352588), ('Mal Anderson', 0.07542318380508313), ('Neale Fraser', 0.04076753274452773), ('Mervyn Rose', 0.04076753274452773), ('Andres Gimeno', 0.025990798124244034), ('Mike E Green', 0.022035651134813296), ('Bob Howe', 0.022035651134813296), ('Carlos Alberto Fernandes', 0.022035651134813296), ('Trevor Fancutt', 0.022035651134813296), ('Roy Emerson', 0.022035651134813296)]"
1958-05-01,276,428,0.005638998682476943,16,236,33,426,64,0.14238736307777652,0.0036231884057971015,Luis Ayala,0.14238736307777652,1.0779411361010995,"[('Luis Ayala', 0.14238736307777652), ('Ashley Cooper', 0.13209196523735048), ('Mervyn Rose', 0.05228696879932862), ('Nicola Pietrangeli', 0.049280571050054275), ('Robert Haillet', 0.03826226896252624), ('Neale Fraser', 0.0312426274449016), ('Uffe Schmidt', 0.02937518663414545), ('Pierre Darmon', 0.02372956686019351), ('Mal Anderson', 0.023356738745422736), ('Jackie Brichant', 0.019523767899187226)]"
1958-09-01,12,12,0.09090909090909091,4,0,264,12,428,0.25407617466678123,0.08333333333333331,Alejandro Olmedo,0.25407617466678123,2.290863360348361,"[('Alejandro Olmedo', 0.25407617466678123), ('Nicola Pietrangeli', 0.1109084806472897), ('Barry Mackay', 0.0882130120259162), ('Ashley Cooper', 0.07856749919899833), ('Mal Anderson', 0.07856749919899833), ('Orlando Sirola', 0.07599273218605014), ('Giuseppe Merlo', 0.07599273218605014), ('Hamilton Richardson', 0.07337393499067328), ('Juan Maria Jose', 0.0410769837248106), ('Felicisimo Ampon', 0.0410769837248106)]"
1959-01-01,69,64,0.013640238704177323,11,64,7,64,12,0.1566702741551925,0.014492753623188406,Alejandro Olmedo,0.1566702741551925,1.882881997735403,"[('Alejandro Olmedo', 0.1566702741551925), ('Neale Fraser', 0.08320769668180183), ('Bob Mark', 0.04497831164152799), ('Barry Mackay', 0.04428697612758774), ('Roy Emerson', 0.02642947437956675), ('Uffe Schmidt', 0.025738138865626505), ('Andres Gimeno', 0.02182271861093932), ('Don Candy', 0.02182271861093932), ('Gheorghe Viziru', 0.02182271861093932), ('Martin Froesch', 0.021070476003273317)]"
1959-05-01,285,455,0.00562144798616259,17,247,31,455,64,0.13989255952442403,0.0035087719298245615,Neale Fraser,0.13989255952442403,1.6058584184811258,"[('Neale Fraser', 0.13989255952442403), ('Barry Mackay', 0.08711388122044972), ('Nicola Pietrangeli', 0.08123668530736691), ('Rod Laver', 0.07667743880559158), ('Alejandro Olmedo', 0.07003014466082645), ('Earl Butch Buchholz', 0.03818987548430243), ('Tut Bartzen', 0.03277447460597532), ('Ron Holmberg', 0.028885783162997537), ('Roy Emerson', 0.024990405238510684), ('Luis Ayala', 0.023529153341727196)]"
1960-01-01,95,91,0.01019036954087346,17,47,237,91,455,0.10039204490905738,0.01052631578947368,Rod Laver,0.10039204490905738,1.8500523792907908,"[('Rod Laver', 0.10039204490905738), ('Neale Fraser', 0.0542644338251343), ('Christian Kuhnke', 0.030817571513661532), ('Jiri Javorsky', 0.030817571513661532), ('Wolfgang Stuck', 0.030817571513661532), ('Pavel Korda', 0.030817571513661532), ('Bob Hewitt', 0.02933136500757826), ('Roy Emerson', 0.02933136500757826), ('Osamu Ishiguro', 0.01811842036796151), ('Gheorghe Viziru', 0.01585441458037864)]"
1960-05-01,259,413,0.006180599203855018,14,212,48,412,90,0.08442990171655017,0.0038610038610038602,Neale Fraser,0.08442990171655017,1.083029452478825,"[('Neale Fraser', 0.08442990171655017), ('Robert Haillet', 0.07795716129723712), ('Nicola Pietrangeli', 0.07751936099639448), ('Rod Laver', 0.06580348778825226), ('Luis Ayala', 0.057662727304479314), ('Ramanathan Krishnan', 0.037584140146913435), ('Pierre Darmon', 0.02620343818472608), ('Bob Hewitt', 0.02501212208301681), ('Jan Eric Lundquist', 0.023731061384213804), ('Sven Viktor Davidson', 0.02274665977094459)]"
1960-09-01,15,16,0.0761904761904762,4,2,246,14,411,0.1536612750358929,0.06666666666666667,Nicola Pietrangeli,0.1536612750358929,1.1055353884736816,"[('Nicola Pietrangeli', 0.1536612750358929), ('Orlando Sirola', 0.13899263346788016), ('Barry Mackay', 0.13371510584054438), ('Rod Laver', 0.13002502857048331), ('Earl Butch Buchholz', 0.08625398608270127), ('Neale Fraser', 0.0647180426724987), ('Charles Mckinley', 0.0468721765323572), ('Dennis Ralston', 0.0468721765323572), ('Tut Bartzen', 0.0468721765323572), ('Eduardo Dungo', 0.02533623312215462)]"
1961-01-01,70,71,0.014699792960662527,11,67,12,71,16,0.13873849782679412,0.014285714285714285,Roy Emerson,0.13873849782679412,1.8368073001153984,"[('Roy Emerson', 0.13873849782679412), ('Rod Laver', 0.07553241857111402), ('Barry Phillips Moore', 0.051727755124403425), ('Fred Stolle', 0.05055220107655799), ('Atsushi Miyagi', 0.0331865988667294), ('Juan Maria Jose', 0.0331865988667294), ('Osamu Ishiguro', 0.0331865988667294), ('Raymundo Deyro', 0.0331865988667294), ('Christian Kuhnke', 0.03156209805951387), ('Michael Sangster', 0.03156209805951387)]"
1961-05-01,276,443,0.005836627140974967,15,247,41,442,70,0.08084401261780524,0.0036231884057971024,Manuel Santana,0.08084401261780524,1.1033162575539475,"[('Manuel Santana', 0.08084401261780524), ('Rod Laver', 0.07327365301136453), ('Abe Segal', 0.0728352267153805), ('Michael Sangster', 0.06495255428411885), ('Roy Emerson', 0.056000308882963944), ('Robert Wilson', 0.030462782135832523), ('Ramanathan Krishnan', 0.0304381431140102), ('Jan Eric Lundquist', 0.029450211134956585), ('Charles Mckinley', 0.026041039264373775), ('Jackie Brichant', 0.024348262664790597)]"
1961-09-01,10,12,0.13333333333333333,3,0,266,12,443,0.16374486035601912,0.10000000000000005,Nicola Pietrangeli,0.16374486035601912,1.1613740167066597,"[('Nicola Pietrangeli', 0.16374486035601912), ('Rod Laver', 0.14099235732891194), ('Roy Emerson', 0.14099235732891194), ('Ramanathan Krishnan', 0.13102747180246108), ('Jon A Douglas', 0.10989187152062947), ('Charles Mckinley', 0.07140113522628926), ('Whitney Reed', 0.07140113522628926), ('Fausto Gardini', 0.07033648883967154), ('Jaidip Mukerjea', 0.050106161185408365), ('Orlando Sirola', 0.050106161185408365)]"
1962-01-01,69,70,0.014919011082693947,9,65,6,70,12,0.17337346728761419,0.01449275362318841,Rod Laver,0.17337346728761419,1.7244479033509612,"[('Rod Laver', 0.17337346728761419), ('Roy Emerson', 0.10053853581236838), ('Bob Hewitt', 0.04694977481340967), ('Neale Fraser', 0.04524662711432662), ('John Newcombe', 0.02982644922118184), ('Jaidip Mukerjea', 0.02725728963139674), ('Owen Davidson', 0.026311058902209028), ('Wilhelm Bungert', 0.025069193803072324), ('Fred Stolle', 0.023736678957989747), ('Michio Fujii', 0.020602352400477607)]"
1962-05-01,281,480,0.006100660904931368,15,250,38,479,69,0.1061008926090577,0.003558718861209964,Rod Laver,0.1061008926090577,2.9722457627525496,"[('Rod Laver', 0.1061008926090577), ('Roy Emerson', 0.03569721385044531), ('Martin Mulligan', 0.03290883435888565), ('Charles Mckinley', 0.027439986719998106), ('Pierre Darmon', 0.02687709703671193), ('Manuel Santana', 0.026561113761319914), ('Jan Eric Lundquist', 0.021940929723712907), ('Neale Fraser', 0.021114332000323036), ('Rafael Osuna', 0.01795850134986068), ('John Gavan Fraser', 0.017395628425798)]"
1962-09-01,12,12,0.09090909090909091,4,0,269,8,476,0.1839934630784189,0.08333333333333333,Rafael Osuna,0.1839934630784189,1.3240499249281146,"[('Rafael Osuna', 0.1839934630784189), ('Neale Fraser', 0.13896263246146726), ('Rod Laver', 0.13896263246146726), ('Tony Palafox', 0.08069294847062505), ('Mario Llamas', 0.08069294847062505), ('Pancho Contreras', 0.08069294847062505), ('Jan Eric Lundquist', 0.06076526004824198), ('Uffe Schmidt', 0.06076526004824198), ('Premjit Lall', 0.043617976622571844), ('S Akhtar Ali', 0.043617976622571844)]"
1963-01-01,83,86,0.012635909491625037,10,80,9,86,12,0.13535847567374587,0.012048192771084336,Roy Emerson,0.13535847567374587,1.8439661251513297,"[('Roy Emerson', 0.13535847567374587), ('Ken Fletcher', 0.07340616176592579), ('Bob Hewitt', 0.03995687168918009), ('Fred Stolle', 0.03995687168918009), ('Atsushi Miyagi', 0.024825822585463262), ('Jaidip Mukerjea', 0.024084130986733183), ('John Newcombe', 0.01973781556273855), ('Bob Howe', 0.01973781556273855), ('Owen Davidson', 0.019737815562738546), ('John Gavan Fraser', 0.01922211355172963)]"
1963-05-01,276,479,0.006310935441370224,17,246,53,479,86,0.06956641254150715,0.0036231884057971006,Rafael Osuna,0.06956641254150715,1.0624867590924814,"[('Rafael Osuna', 0.06956641254150715), ('Manuel Santana', 0.06547508657983372), ('Roy Emerson', 0.05571009625321134), ('Michael Sangster', 0.049129131027222904), ('Wilhelm Bungert', 0.04884221171354923), ('Fred Stolle', 0.04230069527327659), ('Charles Mckinley', 0.04213309398329317), ('Frank Froehling', 0.0415402138133006), ('Dennis Ralston', 0.03518356523011168), ('Pierre Darmon', 0.035135937782122796)]"
1963-09-01,13,16,0.10256410256410256,4,1,264,15,478,0.24899276933713627,0.07692307692307694,Roy Emerson,0.24899276933713627,1.9044060098729727,"[('Roy Emerson', 0.24899276933713627), ('Charles Mckinley', 0.13074563304583592), ('Dennis Ralston', 0.11296432074394099), ('Frank Froehling', 0.07740169614015112), ('Marty Riessen', 0.07740169614015112), ('Arthur Ashe', 0.05962038383825618), ('Orlando Bracamonte', 0.04183907153636124), ('Billy Knight', 0.04183907153636124), ('John Newcombe', 0.04183907153636124), ('Michael Sangster', 0.04183907153636124)]"
1964-01-01,84,89,0.0127653471026965,10,79,8,89,16,0.14206532243369938,0.011904761904761899,Roy Emerson,0.14206532243369938,1.9185777444440293,"[('Roy Emerson', 0.14206532243369938), ('Fred Stolle', 0.07404720650237057), ('Martin Mulligan', 0.04568509015491167), ('Felicisimo Ampon', 0.0445447660651956), ('Ken Fletcher', 0.04030142387448859), ('Jaidip Mukerjea', 0.025214289774372494), ('Owen Davidson', 0.022281233562500214), ('John Newcombe', 0.022281233562500214), ('Michael Sangster', 0.021784793964310684), ('Tony Roche', 0.021784793964310684)]"
1964-05-01,256,477,0.007306985294117647,12,225,53,474,86,0.09847000003132256,0.00390625,Nicola Pietrangeli,0.09847000003132256,1.0992674783510272,"[('Nicola Pietrangeli', 0.09847000003132256), ('Roy Emerson', 0.08957783430383474), ('Manuel Santana', 0.057057060046391876), ('Fred Stolle', 0.05209727662734171), ('Pierre Barthes', 0.04084301488255041), ('Michael Sangster', 0.039614743703151725), ('Jan Eric Lundquist', 0.03276168926972359), ('Roger Taylor', 0.031734737138713214), ('Rafael Osuna', 0.02959328256983886), ('Christian Kuhnke', 0.02958696304532578)]"
1964-09-01,4,4,0.3333333333333333,1,0,252,2,475,0.4161492488779942,0.25,Roy Emerson,0.4161492488779942,1.4944311768524725,"[('Roy Emerson', 0.4161492488779942), ('Charles Mckinley', 0.2784666536163115), ('Fred Stolle', 0.17945268439422316), ('Dennis Ralston', 0.12593141311147116)]"
1965-01-01,123,123,0.00819672131147541,19,121,2,123,4,0.11965864429934875,0.00813008130081301,Roy Emerson,0.11965864429934875,1.7913081319165316,"[('Roy Emerson', 0.11965864429934875), ('Fred Stolle', 0.06679958750107678), ('John Newcombe', 0.03542252809490143), ('Tony Roche', 0.032654460083675375), ('Owen Davidson', 0.021448497114731277), ('Bill Bowrey', 0.020032650693832588), ('Pierre Darmon', 0.018393191079704996), ('Juan Gisbert', 0.016919152216161377), ('Hoang Duc Luu', 0.014969817543437874), ('Osamu Ishiguro', 0.014335079795041485)]"
1965-05-01,272,452,0.0061319730844367265,16,214,65,450,121,0.06442636392240024,0.003676470588235294,Manuel Santana,0.06442636392240024,1.0034752876276187,"[('Manuel Santana', 0.06442636392240024), ('Fred Stolle', 0.06420323919955698), ('Cliff Drysdale', 0.05852891684944691), ('Pancho Guzman', 0.055750807652516415), ('Roy Emerson', 0.05067819183222735), ('Rafael Osuna', 0.0426562517485694), ('Arthur Ashe', 0.04047501921764864), ('Tony Roche', 0.03854164966725775), ('Charlie Pasarell', 0.03080044105163405), ('Dennis Ralston', 0.02454189007926789)]"
1965-09-01,8,12,0.21428571428571427,2,0,264,11,451,0.29903427205222466,0.12499999999999997,Fred Stolle,0.29903427205222466,1.0689834725983158,"[('Fred Stolle', 0.29903427205222466), ('Manuel Santana', 0.27973703964325985), ('Jaidip Mukerjea', 0.10420214876989697), ('Ramanathan Krishnan', 0.10420214876989697), ('Roy Emerson', 0.06125810575624086), ('Juan Gisbert', 0.05052209500282683), ('Koji Watanabe', 0.05052209500282683), ('Osamu Ishiguro', 0.05052209500282683)]"
1966-01-01,149,143,0.006484672592055142,26,143,2,143,12,0.11440504872349855,0.006711409395973154,Roy Emerson,0.11440504872349855,1.8892844129355177,"[('Roy Emerson', 0.11440504872349855), ('Arthur Ashe', 0.06055469887974101), ('John Newcombe', 0.0365855215176155), ('Fred Stolle', 0.031829031078033025), ('Tony Roche', 0.01916757350939096), ('Bo Holmstrom', 0.01802323909395835), ('Piotr Jamroz', 0.01802323909395835), ('Christer Holm', 0.01802323909395835), ('Wieslaw Gasiorek', 0.01802323909395835), ('Bill Bowrey', 0.017204318447512783)]"
1966-05-01,264,438,0.006308330452817145,12,191,76,436,141,0.06308152361656422,0.0037878787878787862,Manuel Santana,0.06308152361656422,1.15123255583548,"[('Manuel Santana', 0.06308152361656422), ('Cliff Drysdale', 0.05479477043696379), ('Fred Stolle', 0.054127174998087495), ('Dennis Ralston', 0.053011363574936646), ('John Newcombe', 0.052643143205380424), ('Tony Roche', 0.0395384870064859), ('Istvan Gulyas', 0.03509904822950299), ('Thomaz Koch', 0.03427046211172192), ('Bob Hewitt', 0.031702399193093526), ('Ken Fletcher', 0.02659234900277975)]"
1966-09-01,13,20,0.1282051282051282,3,1,252,19,437,0.20802078804980317,0.07692307692307693,Ramanathan Krishnan,0.20802078804980317,1.5422430712991038,"[('Ramanathan Krishnan', 0.20802078804980317), ('Fred Stolle', 0.13488197283621284), ('Roy Emerson', 0.13488197283621284), ('Edison Mandarino', 0.104942915223083), ('Jaidip Mukerjea', 0.0813974327553455), ('Thomaz Koch', 0.05887410998675862), ('Dennis Ralston', 0.05419843895436243), ('Ingo Buding', 0.04684733147866903), ('Koji Watanabe', 0.04684733147866903), ('Premjit Lall', 0.04157718185337766)]"
1967-01-01,105,102,0.00934065934065934,16,102,10,102,20,0.13711619723537763,0.009523809523809523,Roy Emerson,0.13711619723537763,2.0024525544546576,"[('Roy Emerson', 0.13711619723537763), ('Arthur Ashe', 0.06847413035097827), ('Tony Roche', 0.04702651296401383), ('John Newcombe', 0.04155082519857769), ('Cliff Richey', 0.027954196915744328), ('Bill Bowrey', 0.024309808986819312), ('Mark Cox', 0.024309808986819312), ('Jaidip Mukerjea', 0.022751425444421748), ('Owen Davidson', 0.02028476238323149), ('Ilie Nastase', 0.013343675321118312)]"
1967-05-01,291,497,0.00588932337954734,15,244,58,494,99,0.10898834856063785,0.003436426116838488,Nikola Pilic,0.10898834856063785,1.1843707235534524,"[('Nikola Pilic', 0.10898834856063785), ('John Newcombe', 0.0920221569084733), ('Bob Hewitt', 0.03575893401246001), ('Tony Roche', 0.030915823777862655), ('Clark Graebner', 0.030812783071301492), ('Roy Emerson', 0.029281054457486404), ('Cliff Drysdale', 0.0290006946104384), ('Bill Bowrey', 0.028334125019026702), ('Edison Mandarino', 0.027818585414233755), ('Charlie Pasarell', 0.023441838094728915)]"
1967-09-01,25,33,0.055,4,2,268,32,496,0.13801822187850762,0.04000000000000001,Alex Metreveli,0.13801822187850762,1.229911787906137,"[('Alex Metreveli', 0.13801822187850762), ('Ion Tiriac', 0.11221798444055626), ('Roy Emerson', 0.10603607754220988), ('Manuel Santana', 0.10026816769850218), ('Premjit Lall', 0.07327943369362205), ('Jaidip Mukerjea', 0.06402832103367558), ('Cliff Drysdale', 0.038988540209773), ('Juan Gisbert', 0.03175099688100341), ('Koji Watanabe', 0.02804705135915066), ('Robert Maud', 0.02804705135915066)]"
1968-01-01,697,1329,0.0027395735417800426,34,677,5,1329,33,0.06590115234307191,0.0014347202295552368,Marty Riessen,0.06590115234307191,1.916040126862977,"[('Marty Riessen', 0.06590115234307191), ('Arthur Ashe', 0.03439445313234024), ('Tom Okker', 0.030613298506383772), ('Ion Tiriac', 0.02964235948750844), ('Martin Mulligan', 0.024641482223839214), ('Jan Leschly', 0.023348166774996206), ('Ilie Nastase', 0.02307495044203686), ('Clark Graebner', 0.021857288920617033), ('Manuel Santana', 0.021392212618018363), ('Mark Cox', 0.020434882300567243)]"
1968-05-01,817,2062,0.0030929752561979504,34,523,403,1959,1226,0.036550816172215124,0.0012239902080783353,Rod Laver,0.036550816172215124,1.0194149130837626,"[('Rod Laver', 0.036550816172215124), ('Tom Okker', 0.03585470028258439), ('Arthur Ashe', 0.029062072321634217), ('Clark Graebner', 0.026484895668295906), ('John Newcombe', 0.02549778069913341), ('Cliff Drysdale', 0.024027540003212156), ('Ken Rosewall', 0.02112579765023325), ('Martin Mulligan', 0.019017253789694367), ('Marty Riessen', 0.018724284319566055), ('Richard Gonzalez', 0.018430655246016104)]"
1968-09-01,472,736,0.0033106624923530895,21,295,640,676,2002,0.06694853340165265,0.00211864406779661,Rod Laver,0.06694853340165265,1.3977219753702605,"[('Rod Laver', 0.06694853340165265), ('Andres Gimeno', 0.04789831925187968), ('Roy Emerson', 0.04575010664074446), ('Stan Smith', 0.04124715774135591), ('Fred Stolle', 0.03941152260320288), ('Arthur Ashe', 0.03412952350331641), ('Tony Roche', 0.029624311452662432), ('John Newcombe', 0.02640513560466869), ('Ken Rosewall', 0.025757536994220905), ('Gerald Battrick', 0.021601609778532323)]"
1969-01-01,344,766,0.006491965556986915,19,226,354,729,699,0.08850719575349157,0.0029069767441860456,Tony Roche,0.08850719575349157,1.144697509350296,"[('Tony Roche', 0.08850719575349157), ('Rod Laver', 0.07731928743666633), ('Tom Okker', 0.03705216137402341), ('Andres Gimeno', 0.030508181422326093), ('Cliff Richey', 0.025228538654724134), ('John Newcombe', 0.024046863534463968), ('Mark Cox', 0.023497684217298517), ('Thomaz Koch', 0.02068391736110197), ('Marty Riessen', 0.020340655031034414), ('Zeljko Franulovic', 0.018856538730554612)]"
1969-05-01,554,1767,0.00576768659298477,18,359,149,1676,675,0.07172573170518719,0.0018050541516245492,Rod Laver,0.07172573170518719,1.325023393708587,"[('Rod Laver', 0.07172573170518719), ('Tom Okker', 0.054131671973303944), ('Tony Roche', 0.05278372394314345), ('John Newcombe', 0.046180743999411716), ('Roy Emerson', 0.04197672604162105), ('Ken Rosewall', 0.026421868663340696), ('Fred Stolle', 0.02573264145354236), ('Andres Gimeno', 0.023042994693341326), ('Earl Butch Buchholz', 0.020516305367183817), ('Zeljko Franulovic', 0.018403331147451345)]"
1969-09-01,202,388,0.00955617949854687,14,67,419,317,1696,0.06257445835476065,0.0049504950495049506,Richard Gonzalez,0.06257445835476065,1.1288687915097715,"[('Richard Gonzalez', 0.06257445835476065), ('Tom Okker', 0.055431117261265), ('Stan Smith', 0.04729898151389886), ('Ken Rosewall', 0.04198309561097207), ('Cliff Richey', 0.041615299971565545), ('Arthur Ashe', 0.041226619516902034), ('Tony Roche', 0.03520578703874098), ('Earl Butch Buchholz', 0.03274635709910818), ('Ray Ruffels', 0.0315275910172596), ('Andres Gimeno', 0.028630419653328024)]"
1970-01-01,359,862,0.006707022922145625,16,246,89,816,342,0.04096757574392002,0.0027855153203342623,Cliff Richey,0.04096757574392002,1.044743307858105,"[('Cliff Richey', 0.04096757574392002), ('Ilie Nastase', 0.039213053996881075), ('Arthur Ashe', 0.03862895197816379), ('Clark Graebner', 0.03417092043421521), ('Rod Laver', 0.034013023612671944), ('Tony Roche', 0.030042838282371743), ('Andres Gimeno', 0.030010507285620616), ('Stan Smith', 0.029535290910291292), ('John Newcombe', 0.028529999657568274), ('Ken Rosewall', 0.026060429627413735)]"
1970-05-01,518,1563,0.005836314346952645,16,328,169,1476,775,0.05238101740032149,0.0019305019305019303,Rod Laver,0.05238101740032149,1.3860754138603446,"[('Rod Laver', 0.05238101740032149), ('Ken Rosewall', 0.037790885601552984), ('Tony Roche', 0.03690688865132896), ('Tom Okker', 0.03398729146075205), ('John Newcombe', 0.0323447009146196), ('Ilie Nastase', 0.026295157512513774), ('Cliff Richey', 0.026265905547321496), ('Nikola Pilic', 0.026204937696291605), ('Roy Emerson', 0.02515942098453433), ('Richard Gonzalez', 0.02426048919068688)]"
1970-09-01,281,616,0.007829181494661922,14,123,360,550,1497,0.07606135366753682,0.0035587188612099642,Stan Smith,0.07606135366753682,1.1437834447787094,"[('Stan Smith', 0.07606135366753682), ('Rod Laver', 0.06649978543993754), ('Arthur Ashe', 0.060078114060616444), ('Cliff Richey', 0.045474412785017064), ('Ken Rosewall', 0.03892769218113822), ('Marty Riessen', 0.03369026049071255), ('Dennis Ralston', 0.030527465324311234), ('Jan Kodes', 0.023073143718835416), ('Manuel Santana', 0.022292166471709382), ('Bob Carmichael', 0.02162875380757925)]"
1971-01-01,438,1073,0.0056058848729924875,22,286,129,1013,556,0.044978363671203794,0.0022831050228310497,Rod Laver,0.044978363671203794,1.1217075777747925,"[('Rod Laver', 0.044978363671203794), ('Ilie Nastase', 0.04009811876320781), ('Clark Graebner', 0.03957048620683147), ('Arthur Ashe', 0.03554389112650467), ('John Newcombe', 0.0341561691719794), ('Cliff Drysdale', 0.027495431154642633), ('Ken Rosewall', 0.026300971013085414), ('Zeljko Franulovic', 0.023231042256016184), ('Cliff Richey', 0.02180278214877801), ('Tom Okker', 0.01953087219233767)]"
1971-05-01,476,1594,0.007049977885891199,15,268,230,1485,964,0.03403506336593113,0.0021008403361344537,Rod Laver,0.03403506336593113,1.019472278979957,"[('Rod Laver', 0.03403506336593113), ('John Newcombe', 0.03338498168874709), ('Cliff Drysdale', 0.03255819075840275), ('Marty Riessen', 0.03237797825747689), ('Stan Smith', 0.03095235970521859), ('Ken Rosewall', 0.030619645367129317), ('Tom Okker', 0.024570242855045436), ('Ilie Nastase', 0.01839093871655035), ('Tom Gorman', 0.017564826796969687), ('Jan Kodes', 0.016527333937065635)]"
1971-09-01,303,828,0.009048586977903087,13,119,292,724,1490,0.04440718260246139,0.0033003300330033012,Ken Rosewall,0.04440718260246139,1.0172097474541968,"[('Ken Rosewall', 0.04440718260246139), ('Rod Laver', 0.043655876001582425), ('Bob Lutz', 0.04126941533330241), ('Arthur Ashe', 0.03510903819512345), ('Jan Kodes', 0.033148035193496045), ('Stan Smith', 0.03203404008035649), ('Marty Riessen', 0.028194930655213453), ('Ilie Nastase', 0.027247767499050085), ('Pierre Barthes', 0.023173418077676367), ('Manuel Orantes', 0.021700250772370585)]"
1972-01-01,378,981,0.006883920677024125,26,191,116,881,728,0.057634057407216485,0.0026455026455026454,Ilie Nastase,0.057634057407216485,1.0032815522015377,"[('Ilie Nastase', 0.057634057407216485), ('Manuel Orantes', 0.057445546846493833), ('Stan Smith', 0.0427478658958719), ('Jimmy Connors', 0.03135343698208026), ('Cliff Richey', 0.03134007569656836), ('Jan Kodes', 0.02787182730023176), ('Pierre Barthes', 0.021852108479651616), ('Clark Graebner', 0.021700339088772207), ('Andres Gimeno', 0.021339941691627423), ('Alex Metreveli', 0.02096581469182902)]"
1972-05-01,453,1563,0.007633475942096935,20,244,169,1452,870,0.03780221580534803,0.0022075055187637965,Ilie Nastase,0.03780221580534803,1.2041361778220159,"[('Ilie Nastase', 0.03780221580534803), ('Bob Hewitt', 0.031393638445215456), ('Andres Gimeno', 0.029191493959093266), ('Manuel Orantes', 0.026153988196094418), ('Andrew Pattison', 0.023747871893120942), ('Arthur Ashe', 0.022853061226817444), ('Jimmy Connors', 0.02169125390415885), ('Stan Smith', 0.020039508948499728), ('John Newcombe', 0.01656365258301976), ('Marty Riessen', 0.016356964820950736)]"
1972-09-01,322,788,0.007623691492037693,12,124,255,707,1482,0.06316202556622333,0.0031055900621118006,Ilie Nastase,0.06316202556622333,1.1731768093348909,"[('Ilie Nastase', 0.06316202556622333), ('Stan Smith', 0.05383845390025377), ('Onny Parun', 0.041232882152866274), ('Tom Okker', 0.03853851410225077), ('Tom Gorman', 0.03033207332351964), ('John Newcombe', 0.03030171682657738), ('Arthur Ashe', 0.02832495418433797), ('Manuel Orantes', 0.025012057247075538), ('Roscoe Tanner', 0.024219245930510204), ('Jan Kodes', 0.02340751074622247)]"
1973-01-01,321,1274,0.012402647975077882,21,142,143,1203,717,0.049736912172608394,0.003115264797507788,Ilie Nastase,0.049736912172608394,1.403513162066284,"[('Ilie Nastase', 0.049736912172608394), ('Stan Smith', 0.035437439075658245), ('Rod Laver', 0.030134472373430064), ('Jimmy Connors', 0.029134939723934127), ('Ken Rosewall', 0.02598589459458359), ('Adriano Panatta', 0.02496739307221428), ('Clark Graebner', 0.020948330217689163), ('John Alexander', 0.019203448383087015), ('Manuel Orantes', 0.019175571328932783), ('Karl Meiler', 0.016450272915426587)]"
1973-05-01,468,1708,0.007814930727136295,11,238,91,1613,1179,0.035405248076175816,0.002136752136752137,Ilie Nastase,0.035405248076175816,1.4302455986779639,"[('Ilie Nastase', 0.035405248076175816), ('Manuel Orantes', 0.024754663191344464), ('Tom Okker', 0.02344563898748739), ('Stan Smith', 0.02088588851815895), ('Jimmy Connors', 0.02060254042895053), ('Arthur Ashe', 0.017261574508564526), ('Jan Kodes', 0.017259264348434694), ('Adriano Panatta', 0.016259212980583488), ('John Newcombe', 0.015790008738942655), ('Roger Taylor', 0.01456948510142284)]"
1973-09-01,390,1087,0.007164985828224903,14,171,249,1023,1644,0.08423479434307123,0.0025641025641025645,Tom Okker,0.08423479434307123,1.2937189944414398,"[('Tom Okker', 0.08423479434307123), ('Ilie Nastase', 0.06511058019940366), ('Jimmy Connors', 0.04331269475455332), ('John Newcombe', 0.03795101895455657), ('Rod Laver', 0.03245912828260554), ('Tom Gorman', 0.03109097699334033), ('Bjorn Borg', 0.028959979367766845), ('Raul Ramirez', 0.02012275043516417), ('Kjell Johansson', 0.018846138965165304), ('Barry Phillips Moore', 0.017626798974389665)]"
1974-01-01,312,1227,0.012645312886470443,15,119,197,1180,1040,0.031052097962935447,0.003205128205128205,John Newcombe,0.031052097962935447,1.0087489722406293,"[('John Newcombe', 0.031052097962935447), ('Arthur Ashe', 0.030782780272838987), ('Rod Laver', 0.030003598768135804), ('Jimmy Connors', 0.02677795755666841), ('Karl Meiler', 0.02396425317049488), ('Bjorn Borg', 0.022239931129866927), ('Stan Smith', 0.021728925033568523), ('Vijay Amritraj', 0.021460319578411376), ('Ilie Nastase', 0.020532259125660035), ('Alex Metreveli', 0.01772033925360746)]"
1974-05-01,436,1571,0.008283243699251291,19,218,94,1494,1150,0.04426450189789207,0.0022935779816513763,Stan Smith,0.04426450189789207,1.0101928364028174,"[('Stan Smith', 0.04426450189789207), ('Jimmy Connors', 0.04381787348197099), ('Guillermo Vilas', 0.03569316158273665), ('Bjorn Borg', 0.03144666123691759), ('Alex Metreveli', 0.0314386706816376), ('Manuel Orantes', 0.024473681778602853), ('Ilie Nastase', 0.023222266414233434), ('Harold Solomon', 0.02159569518376486), ('Marty Riessen', 0.02127573971984776), ('John Newcombe', 0.019494299180043792)]"
1974-09-01,389,1064,0.007049532239684096,29,144,191,993,1500,0.05787160749171554,0.002570694087403599,Guillermo Vilas,0.05787160749171554,1.1254177233929739,"[('Guillermo Vilas', 0.05787160749171554), ('John Newcombe', 0.051422335270534844), ('Brian Gottfried', 0.04267119564703489), ('Ilie Nastase', 0.04114991960918509), ('Onny Parun', 0.03456332542614266), ('Arthur Ashe', 0.03184653845682136), ('Jimmy Connors', 0.029122109802294554), ('Bjorn Borg', 0.026218606385691724), ('Roscoe Tanner', 0.020932824673604293), ('Raul Ramirez', 0.019597591603427614)]"
1975-01-01,353,1452,0.011685552407932011,6,131,167,1382,994,0.037766752521317955,0.0028328611898017,Vitas Gerulaitis,0.037766752521317955,1.0420926499537733,"[('Vitas Gerulaitis', 0.037766752521317955), ('Rod Laver', 0.036241261775518015), ('John Alexander', 0.029281670899899154), ('Raul Ramirez', 0.02399422059380455), ('Ilie Nastase', 0.0223433329957534), ('Arthur Ashe', 0.02216957894843563), ('Jimmy Connors', 0.020384865260206792), ('Brian Gottfried', 0.01921445907863672), ('Mark Cox', 0.018632402110159554), ('Stan Smith', 0.01828402998913676)]"
1975-05-01,309,1375,0.014447526583448913,12,88,132,1303,1380,0.052689324447089875,0.003236245954692557,Manuel Orantes,0.052689324447089875,1.1693562824833272,"[('Manuel Orantes', 0.052689324447089875), ('Guillermo Vilas', 0.045058401136046505), ('Arthur Ashe', 0.041445837948532925), ('Bjorn Borg', 0.03948488621504911), ('Ilie Nastase', 0.03707269564604794), ('Raul Ramirez', 0.02718461083362771), ('Roscoe Tanner', 0.02458744451258886), ('Jaime Fillol', 0.024550829130255022), ('Jimmy Connors', 0.023944505234146263), ('John Alexander', 0.02077289698550624)]"
1975-09-01,359,1061,0.008255395963337017,18,145,95,993,1307,0.038754021797702515,0.0027855153203342614,Arthur Ashe,0.038754021797702515,1.0199664426730848,"[('Arthur Ashe', 0.038754021797702515), ('Ilie Nastase', 0.03799538904058218), ('Adriano Panatta', 0.036838691404017694), ('Bjorn Borg', 0.03408987681987095), ('Eddie Dibbs', 0.029683836834532528), ('Guillermo Vilas', 0.028330713748746125), ('Jimmy Connors', 0.025745032189451983), ('Raul Ramirez', 0.022666792626920455), ('Manuel Orantes', 0.020445815596077797), ('Brian Gottfried', 0.01921274842672087)]"
1976-01-01,278,1031,0.013388567124639638,10,89,170,958,988,0.05259452220542351,0.0035971223021582736,Ilie Nastase,0.05259452220542351,1.5584701260936071,"[('Ilie Nastase', 0.05259452220542351), ('Jimmy Connors', 0.03374753312548546), ('Arthur Ashe', 0.03345871809941384), ('Raul Ramirez', 0.02867814396244615), ('Eddie Dibbs', 0.024876110006809764), ('Roscoe Tanner', 0.02229121097064896), ('Harold Solomon', 0.021223880990521672), ('Tom Gorman', 0.020567598646396294), ('Wojtek Fibak', 0.01909532723788495), ('Guillermo Vilas', 0.018613510130192808)]"
1976-05-01,316,1353,0.013592525617842074,13,118,80,1277,955,0.07157433809000377,0.0031645569620253155,Adriano Panatta,0.07157433809000377,1.1965134386883487,"[('Adriano Panatta', 0.07157433809000377), ('Bjorn Borg', 0.05981908416211819), ('Jimmy Connors', 0.04241091485215354), ('Raul Ramirez', 0.04052293526190942), ('Ilie Nastase', 0.028828748756862095), ('Harold Solomon', 0.023700382505522987), ('Roscoe Tanner', 0.023440963253433603), ('Wojtek Fibak', 0.02312270273679537), ('Eddie Dibbs', 0.022123583661926825), ('Guillermo Vilas', 0.020392756851716896)]"
1976-09-01,375,1309,0.009333333333333334,24,154,95,1224,1268,0.059230939099612925,0.002666666666666666,Brian Gottfried,0.059230939099612925,1.2472454838034013,"[('Brian Gottfried', 0.059230939099612925), ('Manuel Orantes', 0.047489399535840915), ('Jimmy Connors', 0.03763765451031668), ('Harold Solomon', 0.031838407341238245), ('Raul Ramirez', 0.031786140682792764), ('Mark Cox', 0.03148403206621158), ('Roscoe Tanner', 0.02592755182123136), ('Wojtek Fibak', 0.024828547280722653), ('Guillermo Vilas', 0.020951537735210198), ('Bjorn Borg', 0.019711362209197898)]"
1977-01-01,288,1152,0.013937282229965157,8,70,157,1071,1228,0.05080872559673835,0.003472222222222222,Brian Gottfried,0.05080872559673835,1.13731640026683,"[('Brian Gottfried', 0.05080872559673835), ('Bjorn Borg', 0.044674222217157805), ('Guillermo Vilas', 0.04155288585444506), ('Dick Stockton', 0.030931097704209435), ('Jeff Borowiak', 0.02538008095847703), ('Stan Smith', 0.02354279863012009), ('Vitas Gerulaitis', 0.02280219661142372), ('Sandy Mayer', 0.022756881984708755), ('Ilie Nastase', 0.022637962657060934), ('Jimmy Connors', 0.022505714606512874)]"
1977-05-01,304,1408,0.015285739100225812,12,94,78,1327,1071,0.04312132058044075,0.003289473684210526,Guillermo Vilas,0.04312132058044075,1.399821486197387,"[('Guillermo Vilas', 0.04312132058044075), ('Dick Stockton', 0.03080487119652646), ('Harold Solomon', 0.028379964734066353), ('Jimmy Connors', 0.026896714929892575), ('Brian Gottfried', 0.0231398592020805), ('Manuel Orantes', 0.022350231122585433), ('Phil Dent', 0.02154928261011734), ('Wojtek Fibak', 0.018538288035771688), ('Buster C Mottram', 0.018067475489228154), ('Eddie Dibbs', 0.017950562944470918)]"
1977-09-01,396,1363,0.008713719473213144,17,168,76,1285,1330,0.030948209029676082,0.002525252525252526,Jimmy Connors,0.030948209029676082,1.0690961136670716,"[('Jimmy Connors', 0.030948209029676082), ('Ilie Nastase', 0.028948013779155592), ('Ken Rosewall', 0.024696987526147948), ('Bjorn Borg', 0.024500840046977945), ('Guillermo Vilas', 0.024495128133238706), ('Dick Stockton', 0.02303722849298154), ('Sherwood Stewart', 0.022113480097147482), ('Brian Gottfried', 0.021366440170264497), ('Eddie Dibbs', 0.019850465333608767), ('John Lloyd', 0.019100407821706224)]"
1978-01-01,283,958,0.012004109966669172,10,72,185,899,1304,0.05005760079975055,0.0035335689045936395,Jimmy Connors,0.05005760079975055,1.0474156733717304,"[('Jimmy Connors', 0.05005760079975055), ('Bjorn Borg', 0.04779153307741747), ('Brian Gottfried', 0.039153780060080356), ('Raul Ramirez', 0.03098868749545073), ('Vitas Gerulaitis', 0.027250595035049133), ('Harold Solomon', 0.0245356897032107), ('Eddie Dibbs', 0.02352896210332249), ('Roscoe Tanner', 0.022796954810389427), ('Bernard Mitton', 0.02019589438240222), ('Dick Stockton', 0.019970315463767943)]"
1978-05-01,421,2109,0.011927383780115371,11,210,72,2019,868,0.1076563364424756,0.002375296912114015,Bjorn Borg,0.1076563364424756,1.3274587526056334,"[('Bjorn Borg', 0.1076563364424756), ('Jimmy Connors', 0.0810995718180771), ('Vitas Gerulaitis', 0.055466986953702495), ('Adriano Panatta', 0.02269190770486593), ('Eddie Dibbs', 0.0212285671869032), ('Guillermo Vilas', 0.015971332045558655), ('Manuel Orantes', 0.014444948786571465), ('Jose Higueras', 0.014151238488338306), ('Harold Solomon', 0.01271815213260985), ('Corrado Barazzutti', 0.012169166965172121)]"
1978-09-01,485,1589,0.006769191445854988,13,187,123,1526,2046,0.04077716099314498,0.0020618556701030924,John McEnroe,0.04077716099314498,1.3545599238307588,"[('John McEnroe', 0.04077716099314498), ('Peter Fleming', 0.030103622789773125), ('Bjorn Borg', 0.021095428027578793), ('Sherwood Stewart', 0.01990770339297969), ('Ilie Nastase', 0.01871252052268582), ('Arthur Ashe', 0.01744566033825177), ('Tim Gullikson', 0.01729976453434522), ('Guillermo Vilas', 0.01646856994781118), ('Wojtek Fibak', 0.01593493015019728), ('Dick Stockton', 0.015845642773275503)]"
1979-01-01,338,1058,0.009288360578020472,11,76,223,977,1508,0.06557286826916246,0.0029585798816568042,Jimmy Connors,0.06557286826916246,1.0474227727797925,"[('Jimmy Connors', 0.06557286826916246), ('John McEnroe', 0.06260401241337946), ('Bjorn Borg', 0.05687487279426414), ('Roscoe Tanner', 0.04328447231684544), ('Arthur Ashe', 0.03620021441516237), ('John Alexander', 0.02630805837429049), ('Vitas Gerulaitis', 0.02082522373654502), ('Brian Gottfried', 0.017706059426943668), ('Bruce Manson', 0.017676916321409816), ('Butch Walts', 0.01623876696780711)]"
1979-05-01,461,2176,0.010261246816938602,8,206,83,2082,964,0.0361153641635602,0.0021691973969631233,John McEnroe,0.0361153641635602,1.1310139153208212,"[('John McEnroe', 0.0361153641635602), ('Bjorn Borg', 0.031931847764504105), ('Victor Pecci', 0.02589622731991357), ('Guillermo Vilas', 0.024850496699058325), ('Eddie Dibbs', 0.02211565441273226), ('Jose Higueras', 0.02114073920652249), ('Vitas Gerulaitis', 0.019836196170065417), ('Roscoe Tanner', 0.019205629622241763), ('Jimmy Connors', 0.018515052408345747), ('Harold Solomon', 0.017845097340229116)]"
1979-09-01,517,1607,0.006023870571124406,16,178,122,1518,2087,0.03404143983463221,0.0019342359767891683,Johan Kriek,0.03404143983463221,1.000418372472211,"[('Johan Kriek', 0.03404143983463221), ('Bjorn Borg', 0.03402720378926047), ('John McEnroe', 0.030935384992733538), ('Peter Fleming', 0.025432549851235428), ('Butch Walts', 0.01992752541127751), ('Guillermo Vilas', 0.017969522382190014), ('Jimmy Connors', 0.01777090278550988), ('Hans Gildemeister', 0.015329232282422322), ('Gene Mayer', 0.015241694360179634), ('Hank Pfister', 0.015229499501253067)]"
1980-01-01,443,1339,0.006838401274731111,12,145,219,1287,1555,0.03847930681972136,0.0022573363431151235,Bjorn Borg,0.03847930681972136,1.1476744833305388,"[('Bjorn Borg', 0.03847930681972136), ('John McEnroe', 0.033528066867928294), ('Jimmy Connors', 0.03242486528575529), ('Gene Mayer', 0.020594124962392008), ('Heinz Gunthardt', 0.01982269574706984), ('Ivan Lendl', 0.017688921370612693), ('Vijay Amritraj', 0.017254359766756894), ('Vitas Gerulaitis', 0.017125751400332824), ('Roscoe Tanner', 0.01681703775614799), ('Harold Solomon', 0.016752205894003756)]"
1980-05-01,445,1889,0.009560684279785403,11,172,170,1803,1253,0.03024240164329446,0.0022471910112359557,Guillermo Vilas,0.03024240164329446,1.0017106506989462,"[('Guillermo Vilas', 0.03024240164329446), ('Ivan Lendl', 0.0301907558057736), ('John McEnroe', 0.028902778392724378), ('Bjorn Borg', 0.02876174812199435), ('Harold Solomon', 0.025276290256176902), ('Jose Luis Clerc', 0.02275681019801656), ('Jimmy Connors', 0.02091413066795326), ('Vitas Gerulaitis', 0.020210293752088788), ('Brian Gottfried', 0.020177572745817437), ('Wojtek Fibak', 0.01997464872485364)]"
1980-09-01,421,1427,0.008070354032349281,12,106,130,1355,1817,0.04259585607572766,0.002375296912114014,Ivan Lendl,0.04259585607572766,1.3648786318998327,"[('Ivan Lendl', 0.04259585607572766), ('John McEnroe', 0.03120853025329928), ('Bjorn Borg', 0.027637636521825652), ('Brian Teacher', 0.027071851511054994), ('Jose Luis Clerc', 0.021894021241814773), ('Gene Mayer', 0.02046664114431857), ('Johan Kriek', 0.019266513425954163), ('Kim Warwick', 0.018943033114135165), ('Fritz Buehning', 0.01856057097564424), ('Bill Scanlon', 0.017359138790551256)]"
1981-01-01,566,1592,0.004978266987710685,20,239,94,1530,1365,0.0331970605513433,0.0017667844522968198,Jimmy Connors,0.0331970605513433,1.1459440311921734,"[('Jimmy Connors', 0.0331970605513433), ('Bjorn Borg', 0.02896918143271536), ('Gene Mayer', 0.027521110166595822), ('Ivan Lendl', 0.02546132521123867), ('John McEnroe', 0.024420622438057014), ('Wojtek Fibak', 0.024390792622953007), ('Guillermo Vilas', 0.023229142814116477), ('Yannick Noah', 0.021134330887302124), ('Victor Pecci', 0.014984029360494512), ('Roscoe Tanner', 0.014049769470416319)]"
1981-05-01,558,2224,0.007155589016943045,13,191,199,2151,1519,0.048849615422631644,0.0017921146953405018,Ivan Lendl,0.048849615422631644,1.2435390810815328,"[('Ivan Lendl', 0.048849615422631644), ('Jose Luis Clerc', 0.039282734387524096), ('John McEnroe', 0.02926138740663093), ('Eddie Dibbs', 0.020844963107820927), ('Bjorn Borg', 0.02056868453028473), ('Peter Mcnamara', 0.01693955421550105), ('Carlos Kirmayr', 0.0163499693098165), ('Jimmy Connors', 0.014183379457749841), ('Guillermo Vilas', 0.014058365952614804), ('Victor Pecci', 0.012210025205189951)]"
1981-09-01,506,1530,0.005987555277266857,15,148,200,1458,2152,0.0430257483138604,0.0019762845849802366,John McEnroe,0.0430257483138604,1.2142948545065495,"[('John McEnroe', 0.0430257483138604), ('Vitas Gerulaitis', 0.03543270248916988), ('Ivan Lendl', 0.02898371947416028), ('Eliot Teltscher', 0.02557591977447756), ('Vincent Van Patten', 0.02554873730317081), ('Jimmy Connors', 0.02389799088404762), ('Bill Scanlon', 0.01882378889898005), ('Pat Dupre', 0.016712092705790986), ('Mark Edmondson', 0.0163641003967755), ('Sandy Mayer', 0.01631246133195066)]"
1982-01-01,543,1604,0.005450109749716282,22,185,148,1545,1471,0.05996896598701091,0.001841620626151013,Ivan Lendl,0.05996896598701091,1.018775211450095,"[('Ivan Lendl', 0.05996896598701091), ('Guillermo Vilas', 0.058863785958879804), ('Vitas Gerulaitis', 0.0261228468307839), ('Yannick Noah', 0.024298025933534282), ('Jimmy Connors', 0.019006016147385608), ('Bill Scanlon', 0.017516929458045942), ('John McEnroe', 0.017007761173781832), ('Tony Giammalva', 0.013601849422090638), ('Johan Kriek', 0.013347984671860472), ('Tomas Smid', 0.011870078188946101)]"
1982-05-01,567,2386,0.007434828400670568,21,187,163,2302,1520,0.03481631698567342,0.0017636684303350967,Ivan Lendl,0.03481631698567342,1.1475802263262131,"[('Ivan Lendl', 0.03481631698567342), ('Jose Higueras', 0.030338895867116897), ('Jimmy Connors', 0.02779419732375155), ('Mats Wilander', 0.026727823784422556), ('Guillermo Vilas', 0.022605345437300414), ('Jose Luis Clerc', 0.02038067066477401), ('Vitas Gerulaitis', 0.019839142500098515), ('Andres Gomez', 0.017605173746655118), ('Mel Purcell', 0.015303008121352395), ('Yannick Noah', 0.015034839695472537)]"
1982-09-01,458,1402,0.006698326851595272,11,118,227,1339,2323,0.03732507629344414,0.002183406113537118,John McEnroe,0.03732507629344414,1.138013904845573,"[('John McEnroe', 0.03732507629344414), ('Wojtek Fibak', 0.03279843605997864), ('Mats Wilander', 0.03084704479124204), ('Henri Leconte', 0.021254879876039853), ('Ivan Lendl', 0.02075576768660107), ('Yannick Noah', 0.018211430867523), ('Guillermo Vilas', 0.0152681976648118), ('Pat Dupre', 0.014070519194125324), ('Brian Teacher', 0.013239174473238616), ('Vitas Gerulaitis', 0.01305869003298449)]"
1983-01-01,524,1482,0.005407732839023251,18,185,119,1420,1340,0.035695637538748104,0.0019083969465648854,Ivan Lendl,0.035695637538748104,1.6319214800229016,"[('Ivan Lendl', 0.035695637538748104), ('Mats Wilander', 0.021873379311268804), ('Guillermo Vilas', 0.020986361029169315), ('John McEnroe', 0.020505728520083522), ('Bill Scanlon', 0.017708352221940317), ('Yannick Noah', 0.01733029007254936), ('Jimmy Connors', 0.016666567530589222), ('Gene Mayer', 0.014463513132606224), ('Shlomo Glickstein', 0.014374177426066186), ('Peter Mcnamara', 0.013542095846888176)]"
1983-05-01,504,1965,0.007751112373378775,15,161,181,1884,1401,0.026131045217876816,0.0019841269841269836,Ivan Lendl,0.026131045217876816,1.005484672204708,"[('Ivan Lendl', 0.026131045217876816), ('John McEnroe', 0.02598850677711451), ('Jimmy Connors', 0.02491888220318273), ('Mats Wilander', 0.024832957427201745), ('Jimmy Arias', 0.024795911649880365), ('Yannick Noah', 0.02011070496366712), ('Jose Higueras', 0.019445399598756085), ('Jose Luis Clerc', 0.016791058314753502), ('Tomas Smid', 0.013377328290213382), ('Guillermo Vilas', 0.011847899812665241)]"
1983-09-01,449,1189,0.005910952911231308,25,129,184,1122,1898,0.06284488805274746,0.0022271714922048997,Anders Jarryd,0.06284488805274746,1.0195426182252274,"[('Anders Jarryd', 0.06284488805274746), ('Mats Wilander', 0.06164027567787694), ('Ivan Lendl', 0.026823858992080497), ('John McEnroe', 0.024671943699041087), ('Andres Gomez', 0.020898931714815855), ('Mike Bauer', 0.016379785265352075), ('Henri Leconte', 0.01626812561255342), ('Scott Davis', 0.015561940491129127), ('Nduka Odizor', 0.014898858191163857), ('Guillermo Vilas', 0.013857114071506213)]"
1984-01-01,437,1072,0.005626351479016648,19,147,159,1028,1145,0.040408828801925464,0.0022883295194508005,John McEnroe,0.040408828801925464,1.540506613938395,"[('John McEnroe', 0.040408828801925464), ('Henrik Sundstrom', 0.02623087005035177), ('Ivan Lendl', 0.02301514698542035), ('Jimmy Connors', 0.019748806505564508), ('Tomas Smid', 0.016509205929612268), ('Mark Dickson', 0.016180487942606975), ('Jimmy Arias', 0.0151993390890199), ('Tim Wilkison', 0.015004739652920939), ('Pedro Rebolledo', 0.014854007923447946), ('Jan Gunnarsson', 0.013140618712055387)]"
1984-05-01,507,1940,0.007562114585525957,19,191,121,1884,1016,0.0450383133083844,0.0019723865877712033,John McEnroe,0.0450383133083844,1.1578397835343919,"[('John McEnroe', 0.0450383133083844), ('Ivan Lendl', 0.03889857124351143), ('Vijay Amritraj', 0.025124296724881826), ('Jimmy Connors', 0.020676485942554387), ('Andres Gomez', 0.017660129728980404), ('Henrik Sundstrom', 0.014379831853602169), ('Joakim Nystrom', 0.011815621554791163), ('Leif Shiras', 0.011031329734055836), ('Mats Wilander', 0.01083617172507654), ('Aaron Krickstein', 0.010811832987191223)]"
1984-09-01,376,1190,0.008439716312056738,12,68,199,1114,1864,0.03942470711834945,0.002659574468085106,Mats Wilander,0.03942470711834945,1.072670933737462,"[('Mats Wilander', 0.03942470711834945), ('Henrik Sundstrom', 0.03675377590495867), ('John McEnroe', 0.03171416628363412), ('Jimmy Connors', 0.02578417008258408), ('Ivan Lendl', 0.02128223638449612), ('Aaron Krickstein', 0.01981641740784445), ('Ramesh Krishnan', 0.017189663388498033), ('Eliot Teltscher', 0.016235656757723035), ('Joakim Nystrom', 0.015927181570736724), ('Brad Gilbert', 0.0157089276192826)]"
1985-01-01,525,1556,0.005656125045438023,14,214,65,1501,1135,0.04055202592832851,0.0019047619047619045,Joakim Nystrom,0.04055202592832851,1.0992542176074898,"[('Joakim Nystrom', 0.04055202592832851), ('John McEnroe', 0.036890489277893686), ('Miloslav Mecir', 0.022430281070569175), ('Ivan Lendl', 0.021026654848537808), ('Stefan Edberg', 0.020017876529663383), ('Tim Mayotte', 0.015757876337165227), ('Scott Davis', 0.015344543632900836), ('Jimmy Connors', 0.014100426308349782), ('Kevin Curren', 0.01246192120285738), ('Anders Jarryd', 0.011720643184385135)]"
1985-05-01,456,1732,0.008347792558318873,13,123,192,1668,1492,0.05623993632619899,0.0021929824561403508,Ivan Lendl,0.05623993632619899,1.27290254611078,"[('Ivan Lendl', 0.05623993632619899), ('John McEnroe', 0.04418243682364703), ('Mats Wilander', 0.04251167172764365), ('Henri Leconte', 0.03246928459968616), ('Boris Becker', 0.027774726860396018), ('Yannick Noah', 0.020593265105593565), ('Jimmy Connors', 0.015537042609513472), ('Joakim Nystrom', 0.015482706967146811), ('Vijay Amritraj', 0.012551300881370292), ('Kevin Curren', 0.012531216352018523)]"
1985-09-01,394,1276,0.008240658219346173,10,97,159,1220,1676,0.06784668870665068,0.002538071065989847,Stefan Edberg,0.06784668870665068,1.6498504524384199,"[('Stefan Edberg', 0.06784668870665068), ('Ivan Lendl', 0.041122932449044525), ('Paul Annacone', 0.03268479197045678), ('John McEnroe', 0.027910582393565853), ('Boris Becker', 0.024560436526749062), ('Mats Wilander', 0.01921362292980331), ('David Pate', 0.018416738272921323), ('Thierry Tulasne', 0.018229345242709114), ('Peter Lundgren', 0.015846240103968658), ('Johan Kriek', 0.015069901987207127)]"
1986-01-01,506,1486,0.005815364145110163,19,192,80,1425,1215,0.055198851926822896,0.0019762845849802366,Boris Becker,0.055198851926822896,1.1665798266502798,"[('Boris Becker', 0.055198851926822896), ('Ivan Lendl', 0.047316823646197465), ('Joakim Nystrom', 0.04373643128197468), ('Anders Jarryd', 0.04035686350690751), ('Mats Wilander', 0.022262181888758732), ('Yannick Noah', 0.01423479630467434), ('Broderick Dyke', 0.014209741040489238), ('Brad Gilbert', 0.013751135025519794), ('Thierry Tulasne', 0.013562216997849348), ('Jimmy Connors', 0.012138760943663656)]"
1986-05-01,548,1968,0.006565339809711899,15,183,141,1887,1405,0.03819514537396848,0.0018248175182481751,Ivan Lendl,0.03819514537396848,1.0602029083492608,"[('Ivan Lendl', 0.03819514537396848), ('Boris Becker', 0.036026259759500606), ('Emilio Sanchez', 0.027046301307583002), ('Miloslav Mecir', 0.02408042014465273), ('Mats Wilander', 0.020611802492226376), ('Mikael Pernfors', 0.01828517987782609), ('Martin Jaite', 0.017251075398034724), ('Henri Leconte', 0.016034341525646277), ('Stefan Edberg', 0.01601731508806522), ('Yannick Noah', 0.015820752845809468)]"
1986-09-01,473,1440,0.006449994625004479,10,130,205,1385,1913,0.03981265115294206,0.0021141649048625794,Boris Becker,0.03981265115294206,1.0223264483874275,"[('Boris Becker', 0.03981265115294206), ('Stefan Edberg', 0.03894318807435802), ('Ivan Lendl', 0.034646421181660676), ('Pat Cash', 0.028504509784408702), ('John McEnroe', 0.019901697052974544), ('Mel Purcell', 0.017983323287376594), ('Sergio Casal', 0.014949663219469599), ('Jonas Svensson', 0.01473788781500573), ('Brad Gilbert', 0.014654280834874496), ('Andres Gomez', 0.013469920110154788)]"
1987-01-01,522,1600,0.005883174855310668,17,184,135,1551,1391,0.045491259432550786,0.001915708812260536,Miloslav Mecir,0.045491259432550786,1.0273926189768354,"[('Miloslav Mecir', 0.045491259432550786), ('Stefan Edberg', 0.044278359209797356), ('John McEnroe', 0.0254530546504099), ('Boris Becker', 0.0239999108424303), ('Mats Wilander', 0.018830682513021127), ('Ivan Lendl', 0.01677855283102864), ('Ulf Stenlund', 0.01480576340359554), ('Tim Mayotte', 0.014166820374917505), ('Anders Jarryd', 0.013794918290320974), ('Pat Cash', 0.01285168539414026)]"
1987-05-01,560,2101,0.006711602351137235,13,185,147,2028,1527,0.03437964348896738,0.0017857142857142852,Joakim Nystrom,0.03437964348896738,1.133503700260458,"[('Joakim Nystrom', 0.03437964348896738), ('Ivan Lendl', 0.03033042016631051), ('Mats Wilander', 0.027001961120059446), ('Pat Cash', 0.025245535506383823), ('Miloslav Mecir', 0.01928702487337092), ('Kent Carlsson', 0.018818526337313502), ('Emilio Sanchez', 0.018477302934045096), ('Stefan Edberg', 0.01586767670682027), ('Martin Jaite', 0.014275016398208834), ('Anders Jarryd', 0.013093864475443933)]"
1987-09-01,567,1774,0.005527822960096223,11,185,178,1720,2047,0.03319602320903764,0.0017636684303350967,Stefan Edberg,0.03319602320903764,1.095094738282997,"[('Stefan Edberg', 0.03319602320903764), ('Ivan Lendl', 0.030313380247891434), ('Mats Wilander', 0.028817507870072867), ('Peter Lundgren', 0.021577520748601035), ('Brad Gilbert', 0.020846096186655977), ('David Pate', 0.019431938466599706), ('Pat Cash', 0.013641952076409196), ('Tim Mayotte', 0.011827299760938936), ('Martin Jaite', 0.010492374903009642), ('Eliot Teltscher', 0.010011545287008244)]"
1988-01-01,571,1683,0.005170983500783482,24,201,197,1640,1731,0.02658526095021894,0.0017513134851138354,Henri Leconte,0.02658526095021894,1.1280413246758665,"[('Henri Leconte', 0.02658526095021894), ('Yannick Noah', 0.02356763034178557), ('Stefan Edberg', 0.020790469365143234), ('Mats Wilander', 0.019965823140747133), ('Miloslav Mecir', 0.018903882154895555), ('Boris Becker', 0.018774686521717127), ('Andrei Chesnokov', 0.015346726064139636), ('Kent Carlsson', 0.01411704172708581), ('Mikael Pernfors', 0.012764131276159704), ('Andre Agassi', 0.012022672664410915)]"
1988-05-01,691,2737,0.005740472744814279,15,273,153,2670,1616,0.026344128263738265,0.0014471780028943557,Mats Wilander,0.026344128263738265,1.2942411027740697,"[('Mats Wilander', 0.026344128263738265), ('Andre Agassi', 0.020354884578516627), ('Guillermo Perez Roldan', 0.01934071247832902), ('Thomas Muster', 0.018994315453071935), ('Stefan Edberg', 0.018967806428635343), ('Ronald Agenor', 0.018510271964706886), ('Ivan Lendl', 0.018136581319905424), ('Boris Becker', 0.01589907808668208), ('Emilio Sanchez', 0.01408401580209396), ('Henri Leconte', 0.012525831139526024)]"
1988-09-01,719,1970,0.00381603976429659,11,221,193,1899,2666,0.04342287085304839,0.0013908205841446453,Stefan Edberg,0.04342287085304839,1.0995394069203304,"[('Stefan Edberg', 0.04342287085304839), ('Jakob Hlasek', 0.03949187321504948), ('Boris Becker', 0.02783147556875805), ('Henri Leconte', 0.02041879353261327), ('Brad Gilbert', 0.016527715455892492), ('Tim Mayotte', 0.014090088214077897), ('Amos Mansdorf', 0.012282398432526561), ('John Fitzgerald', 0.011992296107255426), ('Jimmy Connors', 0.011126888578444835), ('John McEnroe', 0.01017271193563884)]"
1989-01-01,655,1886,0.004402735952564372,30,186,250,1839,1923,0.03752199967120262,0.0015267175572519082,Ivan Lendl,0.03752199967120262,1.0328828953889635,"[('Ivan Lendl', 0.03752199967120262), ('Stefan Edberg', 0.03632744799890657), ('John McEnroe', 0.03544422362162503), ('Boris Becker', 0.02190143893415828), ('Brad Gilbert', 0.01885515149948459), ('Thomas Muster', 0.014845544529702817), ('Alberto Mancini', 0.014264409720822083), ('Amos Mansdorf', 0.013067966618863698), ('Michael Chang', 0.011666152658808606), ('Jay Berger', 0.011035930190029478)]"
1989-05-01,758,2985,0.005202106635343652,12,262,159,2912,1813,0.02718853240594994,0.0013192612137203166,Boris Becker,0.02718853240594994,1.326141608090849,"[('Boris Becker', 0.02718853240594994), ('Ivan Lendl', 0.020501982774744035), ('Stefan Edberg', 0.020353932573983494), ('Brad Gilbert', 0.019681633565331882), ('Michael Chang', 0.01609120757855368), ('Tim Mayotte', 0.012955648467516553), ('Jay Berger', 0.012353959365224858), ('Horst Skoff', 0.011243233196501107), ('Mats Wilander', 0.010225315778906938), ('Andre Agassi', 0.009773088721967773)]"
1989-09-01,568,1486,0.004614104379362595,10,120,310,1435,2934,0.04253573658961473,0.0017605633802816897,Stefan Edberg,0.04253573658961473,1.5047959341196204,"[('Stefan Edberg', 0.04253573658961473), ('Boris Becker', 0.028266780647902418), ('Ivan Lendl', 0.024173173957841104), ('Andres Gomez', 0.020915323483007526), ('Jim Courier', 0.01858083665547218), ('Jan Gunnarsson', 0.01739431376760445), ('Aaron Krickstein', 0.016874760441549546), ('Marc Rosset', 0.012739231317250922), ('Martin Jaite', 0.010166935329668217), ('Brad Gilbert', 0.009851106392874608)]"
1990-01-01,549,2058,0.0068405727733237606,22,180,199,1985,1413,0.020420231222292414,0.0018214936247723133,Stefan Edberg,0.020420231222292414,1.1203106484099121,"[('Stefan Edberg', 0.020420231222292414), ('Thomas Muster', 0.018227293698649935), ('Emilio Sanchez', 0.017641201652830237), ('Ivan Lendl', 0.016694244166065453), ('Boris Becker', 0.015735092702534363), ('Andre Agassi', 0.014147580308104184), ('Pete Sampras', 0.013917855187144914), ('Andrei Chesnokov', 0.01134448231377734), ('Juan Aguilera', 0.011111866035807659), ('Yannick Noah', 0.010658212299341184)]"
1990-05-01,549,2246,0.007465464746785795,12,175,175,2158,1970,0.01877643472956638,0.0018214936247723133,Stefan Edberg,0.01877643472956638,1.1550311795803558,"[('Stefan Edberg', 0.01877643472956638), ('Boris Becker', 0.016256214603997277), ('Goran Prpic', 0.014210727305458689), ('Goran Ivanisevic', 0.013419384275153965), ('Pete Sampras', 0.01243653687525609), ('Andres Gomez', 0.01237352201261436), ('Michael Chang', 0.012059670477111496), ('Andre Agassi', 0.011599882488760562), ('Jordi Arrese', 0.01104316652796471), ('Juan Aguilera', 0.010371205949692453)]"
1990-09-01,542,1739,0.0059306600459719935,8,168,175,1657,2164,0.03288150621970842,0.0018450184501845016,Stefan Edberg,0.03288150621970842,1.1416462069044573,"[('Stefan Edberg', 0.03288150621970842), ('Boris Becker', 0.02880183547306283), ('Ivan Lendl', 0.016308273592216635), ('Andre Agassi', 0.015350328513465565), ('Anders Jarryd', 0.015244815209597525), ('Leander Paes', 0.014983455150788912), ('Vladimir Gabrichidze', 0.013168741167821286), ('Magnus Larsson', 0.01256358854510435), ('Goran Ivanisevic', 0.012506503895362857), ('Jakob Hlasek', 0.011313974301117307)]"
1991-01-01,1075,4487,0.003886362652115543,9,624,91,4419,1671,0.013577641474098984,0.0009302325581395348,Stefan Edberg,0.013577641474098984,1.1162569737956405,"[('Stefan Edberg', 0.013577641474098984), ('Ivan Lendl', 0.01216354458949586), ('Guy Forget', 0.009982078259691739), ('Sergi Bruguera', 0.009794847959623725), ('Jim Courier', 0.009630971902256568), ('Boris Becker', 0.008920204817038969), ('Michael Stich', 0.008233238085741319), ('Magnus Gustafsson', 0.007866792147052359), ('Goran Prpic', 0.007661456849334257), ('Emilio Sanchez', 0.0066635203091561165)]"
1991-05-01,1426,6112,0.0030078000049211387,15,626,275,5954,4329,0.010561079765992784,0.0007012622720897614,Karel Novacek,0.010561079765992784,1.0043411334076264,"[('Karel Novacek', 0.010561079765992784), ('Michael Stich', 0.010515430877713953), ('Jim Courier', 0.009492939385830986), ('Stefan Edberg', 0.00889978850322735), ('Magnus Gustafsson', 0.008727702784244987), ('Pete Sampras', 0.007947274328937298), ('Eui Jong Chang', 0.005333082893305166), ('Emilio Sanchez', 0.005276267747912309), ('Petr Korda', 0.005266654102664902), ('Kevin Ullyett', 0.005118193451015408)]"
1991-09-01,1112,4300,0.003480563883726502,10,289,603,4181,5993,0.012269662242898256,0.0008992805755395682,Pete Sampras,0.012269662242898256,1.0533485526035151,"[('Pete Sampras', 0.012269662242898256), ('Stefan Edberg', 0.011648245220038394), ('Michael Chang', 0.010684682980154545), ('Boris Becker', 0.010614716737516308), ('Guy Forget', 0.009520270809292216), ('Goran Ivanisevic', 0.007924901477071615), ('Andre Agassi', 0.006859936859345964), ('Olivier Delaitre', 0.005837184151644922), ('Jim Courier', 0.005476707181205394), ('Petr Korda', 0.00524524728025127)]"
1992-01-01,980,4125,0.004299472598027976,12,282,414,4030,4205,0.012950448270828831,0.0010204081632653064,Jim Courier,0.012950448270828831,1.1432531871231708,"[('Jim Courier', 0.012950448270828831), ('Michael Chang', 0.011327716744369406), ('Nicklas Utgren', 0.00873958126261057), ('Richard Krajicek', 0.007564847336202382), ('Boris Becker', 0.006754095076254617), ('Aaron Krickstein', 0.006713891124559841), ('Malivai Washington', 0.006565787058381879), ('Chris Wilkinson', 0.005989472980208038), ('Carlos Costa', 0.005947009846727323), ('Goran Ivanisevic', 0.005885405541462211)]"
1992-05-01,1380,6276,0.003297915944130908,8,621,221,6118,3967,0.01040394686688391,0.0007246376811594203,Pete Sampras,0.01040394686688391,1.1304816386276506,"[('Pete Sampras', 0.01040394686688391), ('Petr Korda', 0.009203109994350544), ('Jim Courier', 0.00870329372972743), ('Stefan Edberg', 0.008575056228229693), ('Goran Ivanisevic', 0.006768697150934552), ('Wayne Ferreira', 0.006189637187682707), ('Ivan Lendl', 0.006089750967813364), ('Emilio Sanchez', 0.0060204427090386784), ('Karel Novacek', 0.005862253233855859), ('Andre Agassi', 0.005687598176601991)]"
1992-09-01,1066,3813,0.003358613217768147,11,289,603,3706,6169,0.017529866233314283,0.0009380863039399624,Goran Ivanisevic,0.017529866233314283,1.0292352991835063,"[('Goran Ivanisevic', 0.017529866233314283), ('Boris Becker', 0.017031932588418557), ('Pete Sampras', 0.011273425355124744), ('Petr Korda', 0.009490298109869367), ('Ivan Lendl', 0.009450139423963907), ('Guy Forget', 0.009088707281295462), ('Jim Courier', 0.008925344615437456), ('Henrik Holm', 0.008879923808881552), ('Richard Krajicek', 0.00862719447588018), ('Michael Chang', 0.00850660989113333)]"
1993-01-01,1162,5117,0.0037929495760821064,12,415,319,5024,3720,0.011849980707604386,0.0008605851979345956,Pete Sampras,0.011849980707604386,1.1891602896976416,"[('Pete Sampras', 0.011849980707604386), ('Jim Courier', 0.009964998671976666), ('Stefan Edberg', 0.009065823148711504), ('Ivan Lendl', 0.007820694949212389), ('Alexander Volkov', 0.007743044017000528), ('Sergi Bruguera', 0.006916980855425522), ('Nicklas Kulti', 0.006616335185528957), ('Michael Stich', 0.006387560868102993), ('Petr Korda', 0.0061362569509009835), ('Andrei Medvedev', 0.006095657094857718)]"
1993-05-01,1354,6195,0.0033816203611210277,10,509,317,6017,4939,0.008506236770756946,0.0007385524372230429,Pete Sampras,0.008506236770756946,1.0347323925762268,"[('Pete Sampras', 0.008506236770756946), ('Jim Courier', 0.008220711781892251), ('Sergi Bruguera', 0.00814722131133553), ('Michael Chang', 0.00780983931711376), ('Thomas Muster', 0.007342445076914218), ('Michael Stich', 0.007323271887045524), ('Javier Sanchez', 0.0067033528523294545), ('Andrei Medvedev', 0.006241405499332571), ('Cedric Pioline', 0.005961839419131714), ('Magnus Gustafsson', 0.005869541765126486)]"
1993-09-01,1227,4688,0.003116395511007763,11,407,534,4566,6073,0.016937996148283084,0.0008149959250203749,Michael Stich,0.016937996148283084,1.2248538558014481,"[('Michael Stich', 0.016937996148283084), ('Goran Ivanisevic', 0.013828585400664138), ('Pete Sampras', 0.009215845259747849), ('Petr Korda', 0.008927823204285472), ('Stefan Edberg', 0.00831990153908858), ('Martin Damm Sr', 0.008064565340443173), ('Arnaud Boetsch', 0.008014270246668512), ('Brian Gyetko', 0.0072950889617109), ('Cedric Pioline', 0.006253235710912483), ('Marc Rosset', 0.006174112940139522)]"
1994-01-01,1159,5164,0.0038476382921969836,10,374,442,5021,4545,0.014281590785904937,0.0008628127696289907,Pete Sampras,0.014281590785904937,1.5184353013272176,"[('Pete Sampras', 0.014281590785904937), ('Stefan Edberg', 0.009405465463969283), ('Karim Alami', 0.007901272257078623), ('Michael Chang', 0.007887716292533795), ('Sergi Bruguera', 0.0077300640381330376), ('Jacco Eltingh', 0.007602820876542558), ('Lars Koslowski', 0.007267674826595029), ('Petr Korda', 0.0068988509497746545), ('Todd Martin', 0.006682436850187066), ('Thomas Muster', 0.006450129504953054)]"
1994-05-01,1467,6934,0.0032241835152806955,10,591,283,6751,4981,0.007815589341860732,0.0006816632583503749,Michael Stich,0.007815589341860732,1.0257739468308469,"[('Michael Stich', 0.007815589341860732), ('Yevgeny Kafelnikov', 0.007619212172435439), ('Pete Sampras', 0.007477171259512975), ('Alberto Berasategui', 0.006187408431470509), ('Andre Agassi', 0.005941898431790542), ('Sergi Bruguera', 0.0058406829890321876), ('Todd Martin', 0.005738659240731496), ('Boris Becker', 0.0055068704739134515), ('Goran Ivanisevic', 0.005255531290799425), ('Bernd Karbacher', 0.00502180344311737)]"
1994-09-01,1160,4353,0.003237779298443962,10,303,610,4209,6790,0.02182038511390978,0.0008620689655172414,Pete Sampras,0.02182038511390978,1.5017779378070892,"[('Pete Sampras', 0.02182038511390978), ('Magnus Larsson', 0.014529701472224394), ('Boris Becker', 0.01426281870300876), ('Goran Ivanisevic', 0.014042898980841927), ('Andre Agassi', 0.011314998518802745), ('Stefan Edberg', 0.007706875511104156), ('Marc Rosset', 0.007445783859761304), ('Alberto Berasategui', 0.007026021754590527), ('Frederik Fetterlein', 0.0069934433343875725), ('Christian Ruud', 0.006868117542734732)]"
1995-01-01,1095,4776,0.003986877363451955,13,338,403,4661,4238,0.015367814796087212,0.0009132420091324201,Andre Agassi,0.015367814796087212,1.0773358215864774,"[('Andre Agassi', 0.015367814796087212), ('Pete Sampras', 0.01426464662936453), ('Jim Courier', 0.013727816406252147), ('Thomas Enqvist', 0.01052314679429237), ('Michael Chang', 0.010151709717456549), ('Thomas Muster', 0.008877404371905394), ('Paul Haarhuis', 0.008803274930433282), ('Yevgeny Kafelnikov', 0.00827312241415509), ('Magnus Larsson', 0.007409196420796931), ('Boris Becker', 0.005753522599592128)]"
1995-05-01,1596,7418,0.002914024874097469,8,743,242,7255,4613,0.010182433617104823,0.0006265664160401002,Thomas Muster,0.010182433617104823,1.028777100827878,"[('Thomas Muster', 0.010182433617104823), ('Andre Agassi', 0.009897609121461598), ('Pete Sampras', 0.008278985766678482), ('Sergi Bruguera', 0.007298348616176736), ('Michael Chang', 0.00699291185897357), ('Yevgeny Kafelnikov', 0.006785255884908668), ('Michael Stich', 0.006200479946830979), ('Thomas Enqvist', 0.006148353316734771), ('Jim Courier', 0.005775787262034151), ('Goran Ivanisevic', 0.005545643467271873)]"
1995-09-01,1292,4984,0.002988059751602545,8,368,672,4843,7277,0.009513872393750842,0.0007739938080495355,Pete Sampras,0.009513872393750842,1.1434708652036,"[('Pete Sampras', 0.009513872393750842), ('Wayne Ferreira', 0.008320170354368281), ('Arnaud Boetsch', 0.008105333400686492), ('Boris Becker', 0.00778259829683625), ('Jim Courier', 0.007029669134517042), ('Thomas Muster', 0.007027295784500234), ('Michael Chang', 0.006051350526043402), ('Joao Cunha Silva', 0.005911932164655256), ('Thomas Enqvist', 0.0057238691372343865), ('Malivai Washington', 0.005376033115550764)]"
1996-01-01,1083,4976,0.004246436696859378,8,287,496,4858,4866,0.015095093402959508,0.0009233610341643582,Goran Ivanisevic,0.015095093402959508,1.4150952452112915,"[('Goran Ivanisevic', 0.015095093402959508), ('Pete Sampras', 0.01066719251162887), ('Michael Chang', 0.010344741449368094), ('Thomas Muster', 0.009767732272534344), ('Todd Martin', 0.00805034292100155), ('Andre Agassi', 0.007250210713956952), ('Marcelo Rios', 0.0068211621734006085), ('Carlos Moya', 0.00677039778009873), ('Yevgeny Kafelnikov', 0.0067334783771131725), ('Stephane Simian', 0.006489465802832807)]"
1996-05-01,1651,7822,0.0028713543674173596,9,780,212,7623,4777,0.0078848804286892,0.0006056935190793458,Yevgeny Kafelnikov,0.0078848804286892,1.2685673034887186,"[('Yevgeny Kafelnikov', 0.0078848804286892), ('Stefan Edberg', 0.006215579108025876), ('Thomas Muster', 0.006175082584631284), ('Andre Agassi', 0.006159001383201166), ('Wayne Ferreira', 0.006057986180896715), ('Mark Merklein', 0.006030581187109651), ('Pete Sampras', 0.0056063948250291325), ('Richard Krajicek', 0.005526340314998809), ('Michael Chang', 0.005431388415019798), ('Eduardo Medica', 0.005276851450447047)]"
1996-09-01,1355,5498,0.002996724206533055,11,358,654,5319,7643,0.013738742308952652,0.0007380073800738006,Boris Becker,0.013738742308952652,1.2338556991364045,"[('Boris Becker', 0.013738742308952652), ('Yevgeny Kafelnikov', 0.011134804757613567), ('Thomas Enqvist', 0.010908929861816328), ('Pete Sampras', 0.008563762548635327), ('Petr Korda', 0.007129763796685232), ('Goran Ivanisevic', 0.006386182299268433), ('Arnaud Boetsch', 0.006360476565634698), ('Jan Siemerink', 0.006073116620630034), ('Steve Campbell', 0.00535193910201614), ('David Prinosil', 0.005261846582731289)]"
1997-01-01,1101,5091,0.004203616546940798,11,250,504,4941,5348,0.008288865271526816,0.000908265213442325,Thomas Muster,0.008288865271526816,1.0030459020388434,"[('Thomas Muster', 0.008288865271526816), ('Goran Ivanisevic', 0.008263694866484612), ('Michael Chang', 0.008162353459154306), ('Carlos Moya', 0.007942428406149789), ('Albert Portas', 0.007857646601235972), ('Pete Sampras', 0.007646469392010104), ('Sergi Bruguera', 0.007568269447559124), ('Martijn Belgraver', 0.006372459638047859), ('Albert Costa', 0.006300237977500226), ('Bohdan Ulihrach', 0.006201460110991639)]"
1997-05-01,1857,8451,0.0024519873544649323,14,951,195,8253,4893,0.00937648174505429,0.0005385029617662896,Patrick Rafter,0.00937648174505429,1.240423188584531,"[('Patrick Rafter', 0.00937648174505429), ('Felix Mantilla', 0.007559099048893113), ('Yevgeny Kafelnikov', 0.007253129872884211), ('Greg Rusedski', 0.006248542156889984), ('Gustavo Kuerten', 0.005848226276580382), ('Albert Costa', 0.0055546944380463524), ('Julian Alonso', 0.005377080025545049), ('Michael Chang', 0.005298319917746599), ('Alex Corretja', 0.005079496676520143), ('Richard Krajicek', 0.005071339600117167)]"
1997-09-01,1377,5624,0.002968198476634409,12,349,829,5444,8271,0.011114388059474735,0.0007262164124909222,Pete Sampras,0.011114388059474735,1.2987731260738926,"[('Pete Sampras', 0.011114388059474735), ('Richard Krajicek', 0.008557605509649567), ('Jonas Bjorkman', 0.008358638586286037), ('Tim Henman', 0.008155107212017369), ('Greg Rusedski', 0.007947384435745393), ('Federico Browne', 0.007217141843786366), ('Yevgeny Kafelnikov', 0.006773737738955753), ('Magnus Larsson', 0.006409010583814639), ('Carlos Moya', 0.00612205848885412), ('Patrick Rafter', 0.006052752889433964)]"
1998-01-01,1172,5070,0.003694225932154484,19,295,500,4922,5476,0.010103967651249263,0.0008532423208191126,Marcelo Rios,0.010103967651249263,1.1396379234074108,"[('Marcelo Rios', 0.010103967651249263), ('Andre Agassi', 0.008865945440846111), ('Petr Korda', 0.007929792827165853), ('Thomas Enqvist', 0.007513457382729834), ('Alberto Berasategui', 0.006831026761342875), ('Cedric Pioline', 0.0059156728090110165), ('Pete Sampras', 0.005765156801112227), ('Carlos Moya', 0.005672301058371256), ('Tim Henman', 0.005635276680722108), ('Mark Philippoussis', 0.005432829849835686)]"
1998-05-01,1872,8592,0.002453096520440187,31,912,212,8388,4866,0.006923123824184083,0.0005341880341880342,Patrick Rafter,0.006923123824184083,1.2375864036548334,"[('Patrick Rafter', 0.006923123824184083), ('Alex Corretja', 0.005594052911165436), ('Karol Kucera', 0.00553744415295897), ('Marcelo Rios', 0.005075385309271837), ('Carlos Moya', 0.004724660459630949), ('Richard Krajicek', 0.00455555076349377), ('Pete Sampras', 0.004503522205054304), ('Albert Costa', 0.004441279933850292), ('Tim Henman', 0.004418642640047503), ('Ronald Agenor', 0.004320567542432142)]"
1998-09-01,1509,5676,0.0024943179121557127,9,392,755,5504,8420,0.009385143770102886,0.0006626905235255135,Greg Rusedski,0.009385143770102886,1.1688773191889565,"[('Greg Rusedski', 0.009385143770102886), ('Yevgeny Kafelnikov', 0.008029194865903389), ('Pete Sampras', 0.007873696254179004), ('Tim Henman', 0.007850222372993362), ('Younes El Aynaoui', 0.007271610210470066), ('Ville Liukko', 0.00712760041853868), ('Francisco Clavet', 0.006497212365583987), ('Marcelo Rios', 0.006415538123708386), ('Jonas Bjorkman', 0.0053813570549329694), ('Alberto Martin', 0.0053575282241199685)]"
1999-01-01,1198,5149,0.003590640485465193,11,288,599,5000,5527,0.007272442435369913,0.0008347245409015025,Jerome Golmard,0.007272442435369913,1.0950759908008803,"[('Jerome Golmard', 0.007272442435369913), ('Thomas Enqvist', 0.006641039066203284), ('Richard Krajicek', 0.006389253374514517), ('Jean Rene Lisnard', 0.00595871915483323), ('Carlos Moya', 0.005956256412556914), ('Yevgeny Kafelnikov', 0.005831425628071577), ('Paulo Taicher', 0.005826517058484755), ('Jerome Hanquez', 0.005758703701194312), ('Karol Kucera', 0.005757988253148854), ('Felix Mantilla', 0.00574199072794601)]"
1999-05-01,1923,8485,0.002295721381404684,21,922,197,8288,4952,0.007788284962752258,0.0005200208008320333,Patrick Rafter,0.007788284962752258,1.0334693180210193,"[('Patrick Rafter', 0.007788284962752258), ('Pete Sampras', 0.0075360582331229446), ('Andre Agassi', 0.007330368541246578), ('Yevgeny Kafelnikov', 0.00535209903025292), ('Fernando Meligeni', 0.005028271287915512), ('Attila Savolt', 0.005006219127099251), ('Cedric Pioline', 0.0049089889283003485), ('Gustavo Kuerten', 0.0044590152594133755), ('Alexander Popp', 0.004369602947444679), ('Nicolas Lapentti', 0.004350946492918055)]"
1999-09-01,1567,5582,0.002274725928533996,10,403,759,5399,8302,0.009061916678334045,0.0006381620931716658,Thomas Enqvist,0.009061916678334045,1.4329824931029576,"[('Thomas Enqvist', 0.009061916678334045), ('Rogier Wassen', 0.00632381534453468), ('Andre Agassi', 0.006259633550353987), ('Greg Rusedski', 0.006114257506488767), ('Yevgeny Kafelnikov', 0.005571932743636878), ('Nicolas Kiefer', 0.00548029227481952), ('Tommy Haas', 0.005229866731142477), ('Karim Alami', 0.004951466727618646), ('Roger Federer', 0.004784303141185393), ('Magnus Gustafsson', 0.00468194495446016)]"
2000-01-01,1183,5012,0.003584337047827872,14,262,646,4851,5421,0.010057446578703704,0.0008453085376162299,Lleyton Hewitt,0.010057446578703704,1.1824628773271029,"[('Lleyton Hewitt', 0.010057446578703704), ('Magnus Norman', 0.008505507252319033), ('German Puentes', 0.008396971302162392), ('Alex Corretja', 0.008227895713386538), ('Pete Sampras', 0.007216079063880623), ('Juan Carlos Ferrero', 0.007185292938806772), ('Tim Henman', 0.006957000362863869), ('Nicolas Lapentti', 0.006738873416472743), ('David Sanchez', 0.006627039618264804), ('Andre Agassi', 0.006431128942363098)]"
2000-05-01,1831,8536,0.002547504573630224,14,860,212,8337,4813,0.008100582718384519,0.0005461496450027306,Gustavo Kuerten,0.008100582718384519,1.073895429265658,"[('Gustavo Kuerten', 0.008100582718384519), ('Marat Safin', 0.007543176456132038), ('Magnus Norman', 0.007040469771129149), ('Alex Corretja', 0.005223541353680825), ('Pete Sampras', 0.004884388753240039), ('Lleyton Hewitt', 0.004611300352294517), ('Thomas Enqvist', 0.004561642844031729), ('Olivier Rochus', 0.0043953548053043984), ('Gorka Fraile', 0.004371168804207253), ('Clemens Trimmel', 0.004347433277085927)]"
2000-09-01,1557,5416,0.002235529733040766,9,398,672,5227,8347,0.008211302001330049,0.0006422607578676941,Yevgeny Kafelnikov,0.008211302001330049,1.0104566589057917,"[('Yevgeny Kafelnikov', 0.008211302001330049), ('Marat Safin', 0.008126327763747873), ('Gustavo Kuerten', 0.006536936756652116), ('Mark Philippoussis', 0.006488502659204516), ('Antony Dupuis', 0.0063335980983719965), ('Tim Henman', 0.005841770659813236), ('Diego Hipperdinger', 0.0057855997428082305), ('Dominik Hrbaty', 0.005726879437309837), ('Andre Agassi', 0.005113229809450205), ('Roger Federer', 0.004944117484672635)]"
2001-01-01,1321,5490,0.003148441263505609,19,328,564,5308,5234,0.007388895182596345,0.000757002271006813,Andre Agassi,0.007388895182596345,1.0201681151533195,"[('Andre Agassi', 0.007388895182596345), ('Jan Michael Gambill', 0.0072428211319718406), ('Francisco Clavet', 0.0067042617593761535), ('Lleyton Hewitt', 0.006354503360317119), ('Greg Rusedski', 0.006138470436544473), ('Roger Federer', 0.005717162223298667), ('Gustavo Kuerten', 0.005693782312511293), ('Yevgeny Kafelnikov', 0.005689018044138702), ('Guillermo Coria', 0.005053841546915413), ('Tommy Haas', 0.005027044811359545)]"
2001-05-01,1856,8581,0.0024923900920159866,34,814,279,8361,5270,0.010520306561372395,0.0005387931034482759,Gustavo Kuerten,0.010520306561372395,1.165217058661404,"[('Gustavo Kuerten', 0.010520306561372395), ('Lleyton Hewitt', 0.009028623880136182), ('Patrick Rafter', 0.008483491179076716), ('Juan Carlos Ferrero', 0.0071405742434171755), ('Alex Corretja', 0.005776719671698757), ('Yevgeny Kafelnikov', 0.005691052840709804), ('Andre Agassi', 0.0053923470518938985), ('Fabrice Santoro', 0.005249018532710871), ('Pete Sampras', 0.004930346765114087), ('Andy Roddick', 0.00471577592733818)]"
2001-09-01,1667,5925,0.0021334268560453578,8,462,651,5736,8392,0.010580160560011658,0.0005998800239952009,Tommy Haas,0.010580160560011658,1.0221438992114966,"[('Tommy Haas', 0.010580160560011658), ('Yevgeny Kafelnikov', 0.010350950162862018), ('Sebastien Grosjean', 0.008545283805279202), ('Marcelo Rios', 0.00799292646845828), ('Marat Safin', 0.0074330009944132015), ('Lleyton Hewitt', 0.0068011566474015985), ('Agustin Calleri', 0.006664549283197231), ('Ivan Ljubicic', 0.006210671820010631), ('Guillermo Canas', 0.006078036257905919), ('Jarkko Nieminen', 0.005714381077305127)]"
2002-01-01,1300,5573,0.0033001717297329305,13,297,664,5426,5778,0.008210332619112404,0.000769230769230769,Roger Federer,0.008210332619112404,1.0502090284261159,"[('Roger Federer', 0.008210332619112404), ('Lleyton Hewitt', 0.007817808071424341), ('Gaston Gaudio', 0.006852403032200455), ('Juan Ignacio Chela', 0.006841683469540899), ('Tim Henman', 0.006241630388478317), ('Juan Giner', 0.006228647675078146), ('Andre Agassi', 0.005833330106176377), ('Carlos Moya', 0.00558851472773136), ('Andy Roddick', 0.005520991093871346), ('Rainer Schuettler', 0.005435869303798567)]"
2002-05-01,1880,8638,0.002445279856872714,15,845,265,8444,5379,0.007243591380028952,0.0005319148936170212,Lleyton Hewitt,0.007243591380028952,1.0677012127804677,"[('Lleyton Hewitt', 0.007243591380028952), ('Andre Agassi', 0.006784286927206405), ('Guillermo Canas', 0.005919896516436227), ('Andy Roddick', 0.00549634467164615), ('Carlos Moya', 0.005438859458601276), ('Juan Carlos Ferrero', 0.005284428918542864), ('Jose Acasuso', 0.005149957910091609), ('Tommy Haas', 0.005052845375821626), ('Jiri Novak', 0.004999041650060982), ('Albert Costa', 0.004855601892049482)]"
2002-09-01,1489,5092,0.002298215588148212,18,333,724,4914,8460,0.010052797898940228,0.000671591672263264,Marat Safin,0.010052797898940228,1.006721371363867,"[('Marat Safin', 0.010052797898940228), ('Paradorn Srichaphan', 0.009985680432432947), ('Roger Federer', 0.007630063895862194), ('Carlos Moya', 0.007265308795700711), ('Lleyton Hewitt', 0.007009838513686425), ('Rik De Voest', 0.0069730475372809094), ('Jiri Novak', 0.006571666234466523), ('Juan Carlos Ferrero', 0.006545164021874855), ('Jean Julien Rojer', 0.006393692503228766), ('Pavel Snobel', 0.005325472961059545)]"
2003-01-01,1447,5753,0.0027495242219080637,15,436,478,5606,4945,0.007241762928516341,0.000691085003455425,Andre Agassi,0.007241762928516341,1.0172350065989129,"[('Andre Agassi', 0.007241762928516341), ('Thomas Enqvist', 0.007119065782772168), ('Carlos Moya', 0.006707087202523944), ('Juan Carlos Ferrero', 0.006683754170031938), ('Nicolas Almagro', 0.006521465379361363), ('Gustavo Kuerten', 0.006487981412038084), ('Roger Federer', 0.00594602421961974), ('Wesley Moodie', 0.005778860378197374), ('Stefano Pescosolido', 0.005720864908166539), ('Lleyton Hewitt', 0.005529148158633789)]"
2003-05-01,1993,9097,0.00229140344619824,21,858,312,8904,5560,0.010829870976513147,0.0005017561465127947,Andy Roddick,0.010829870976513147,1.3761824726504888,"[('Andy Roddick', 0.010829870976513147), ('Roger Federer', 0.00786950218574948), ('Guillermo Coria', 0.0072245217419743685), ('David Nalbandian', 0.006027268011905268), ('Juan Carlos Ferrero', 0.00571845240333367), ('Martin Verkerk', 0.005663654694931278), ('Tim Henman', 0.004941013442265547), ('Martin Vassallo Arguello', 0.004754373461865623), ('Rainer Schuettler', 0.0041521757143022295), ('Fernando Gonzalez', 0.004142262219875002)]"
2003-09-01,1666,5619,0.0020256751349188324,11,463,790,5442,8920,0.009594046412967393,0.0006002400960384152,Rainer Schuettler,0.009594046412967393,1.114850819612582,"[('Rainer Schuettler', 0.009594046412967393), ('Roger Federer', 0.008605677319501267), ('Nicolas Massu', 0.006497388457552938), ('Paul Goldstein', 0.00616437100954108), ('Dennis Van Scheppingen', 0.006085715723197438), ('Tim Henman', 0.005642104346917682), ('Juan Carlos Ferrero', 0.0055369598276583725), ('Davide Sanguinetti', 0.005517995885124348), ('Joachim Johansson', 0.005471589803965306), ('Robby Ginepri', 0.0053750853461407505)]"
2004-01-01,1367,5671,0.0030369695210574286,26,339,638,5511,5459,0.01066923498502898,0.000731528895391368,Roger Federer,0.01066923498502898,1.2202930285117857,"[('Roger Federer', 0.01066923498502898), ('Tim Henman', 0.00874317457835574), ('Andy Roddick', 0.008423398762106533), ('Rafael Nadal', 0.0071936981955314045), ('Guillermo Coria', 0.007065529771033705), ('Dominik Hrbaty', 0.006454072851063863), ('Daniel Gimeno Traver', 0.006110390770583986), ('Carlos Moya', 0.005868975756372472), ('Lleyton Hewitt', 0.0058143343506665635), ('Juan Ignacio Chela', 0.005525110260426252)]"
2004-05-01,2058,9485,0.002240565647746702,40,943,252,9256,5442,0.010973390769462228,0.0004859086491739552,Roger Federer,0.010973390769462228,1.5621864796095188,"[('Roger Federer', 0.010973390769462228), ('Lleyton Hewitt', 0.007024379555637375), ('Andy Roddick', 0.005847234434411073), ('Tomas Berdych', 0.005553974149068592), ('Gaston Gaudio', 0.005350994346282304), ('Nicolas Massu', 0.004920998656905427), ('Victor Ionita', 0.004838105517995415), ('Dominik Hrbaty', 0.00482247238398874), ('Janko Tipsarevic', 0.004741443125507209), ('Fernando Gonzalez', 0.0043089983966429785)]"
2004-09-01,1784,6378,0.002005110548302478,14,469,743,6161,9268,0.00888558649524054,0.0005605381165919282,Marat Safin,0.00888558649524054,1.4316534145927435,"[('Marat Safin', 0.00888558649524054), ('Kevin Kim', 0.006206520659728379), ('Andy Roddick', 0.004996469572839399), ('Roger Federer', 0.004931018972648981), ('Bruno Echagaray', 0.004894906901411958), ('Nicolas Lapentti', 0.004850490953249376), ('Justin Bower', 0.004843112834076157), ('David Sherwood', 0.004812272630072231), ('Radek Stepanek', 0.004780677398424394), ('Mariano Puerta', 0.0047236124263214715)]"
2005-01-01,1514,6435,0.0028092070396502004,25,375,645,6249,6192,0.014745873268510633,0.0006605019815059444,Roger Federer,0.014745873268510633,1.2017166961608914,"[('Roger Federer', 0.014745873268510633), ('Rafael Nadal', 0.012270673541958002), ('Marat Safin', 0.01098784482346804), ('Richard Gasquet', 0.008681372158504478), ('Ivan Ljubicic', 0.0076424247379752105), ('Gaston Gaudio', 0.006856233488642113), ('Lleyton Hewitt', 0.006712769594346654), ('Robin Vik', 0.006459960256062509), ('Dominik Hrbaty', 0.006215397884947861), ('Taylor Dent', 0.005999220174082058)]"
2005-05-01,2180,10053,0.0021163230334595028,31,963,297,9794,6176,0.014651205855130505,0.00045871559633027525,Rafael Nadal,0.014651205855130505,1.526312177987683,"[('Rafael Nadal', 0.014651205855130505), ('Roger Federer', 0.009599088617930648), ('James Blake', 0.006933050813505284), ('Gilles Muller', 0.005326694884611833), ('Tomas Berdych', 0.005233722663487554), ('Andy Roddick', 0.005044452860688205), ('Boris Pashanski', 0.004744307937291011), ('Guillermo Coria', 0.004704498353143323), ('Nikolay Davydenko', 0.004660434056792862), ('Andre Agassi', 0.004280984622349471)]"
2005-09-01,1858,6091,0.0017653506674480467,14,504,826,5861,9823,0.011857408785021381,0.0005382131324004304,Ivan Ljubicic,0.011857408785021381,1.0219871971850596,"[('Ivan Ljubicic', 0.011857408785021381), ('David Nalbandian', 0.011602306582392797), ('Juan Carlos Ferrero', 0.006495243367258743), ('Roger Federer', 0.005907457121035613), ('Dominik Hrbaty', 0.005609149920888671), ('Rafael Nadal', 0.005500994192952536), ('Marcos Daniel', 0.005397463797055331), ('Raemon Sluiter', 0.0053298812638951495), ('Evgeny Korolev', 0.004819046094939707), ('Olivier Rochus', 0.004801837974645463)]"
2006-01-01,1601,6865,0.0026799656464709556,18,431,688,6654,5880,0.015979795189851445,0.0006246096189881322,Rafael Nadal,0.015979795189851445,1.2837312685744882,"[('Rafael Nadal', 0.015979795189851445), ('Roger Federer', 0.012447928613280656), ('James Blake', 0.009988431585980773), ('Ivan Ljubicic', 0.007365963014395648), ('Carlos Moya', 0.006835356450313591), ('Arnaud Clement', 0.0060215007389040585), ('Pablo Santos', 0.0055768355892496105), ('Mario Ancic', 0.005390418169561007), ('Jarkko Nieminen', 0.005070024753050299), ('Werner Eschauer', 0.004915627024712412)]"
2006-05-01,2294,10778,0.0020489941146075523,22,1023,330,10507,6594,0.011805974970987823,0.00043591979075850045,Rafael Nadal,0.011805974970987823,1.0687691619435657,"[('Rafael Nadal', 0.011805974970987823), ('Roger Federer', 0.011046328235667428), ('Andy Murray', 0.0073615193036819975), ('Tomas Berdych', 0.00561064663240222), ('Andy Roddick', 0.005362405742196585), ('Fernando Gonzalez', 0.005256468910501089), ('Lleyton Hewitt', 0.005215528707091516), ('Nikolay Davydenko', 0.005172335538640802), ('Juan Carlos Ferrero', 0.004719339865090867), ('Tommy Robredo', 0.004536408110841089)]"
2006-09-01,1798,5808,0.0017975825485932245,10,420,916,5582,10552,0.010711429113408388,0.0005561735261401556,Roger Federer,0.010711429113408388,1.6198979390627,"[('Roger Federer', 0.010711429113408388), ('James Blake', 0.0066124098655290595), ('Amer Delic', 0.006230213883263531), ('Guillermo Canas', 0.006176390716972463), ('Dudi Sela', 0.005486323691906333), ('Diego Cristin', 0.005423944873000355), ('Chris Guccione', 0.0052255011347736606), ('Mario Ancic', 0.005049855294789633), ('Fernando Gonzalez', 0.004898736039143643), ('Nikolay Davydenko', 0.004821885580732337)]"
2007-01-01,1530,6974,0.0029811444961677716,28,389,657,6790,5624,0.01262664030521913,0.00065359477124183,Rafael Nadal,0.01262664030521913,1.1315306140443098,"[('Rafael Nadal', 0.01262664030521913), ('Guillermo Canas', 0.011158902948360425), ('Mikhail Youzhny', 0.010432015864061322), ('Novak Djokovic', 0.01022408894345904), ('Roger Federer', 0.009182588892982829), ('Ivan Ljubicic', 0.006803287470031849), ('Andy Murray', 0.006151870580250974), ('Andy Roddick', 0.005954053025749081), ('Tommy Haas', 0.005731757035775967), ('David Ferrer', 0.005407688592693625)]"
2007-05-01,2348,10877,0.0019737763747841495,43,1093,275,10601,6698,0.013366015100415683,0.00042589437819420773,Rafael Nadal,0.013366015100415683,1.0642715005457,"[('Rafael Nadal', 0.013366015100415683), ('Roger Federer', 0.012558839632144922), ('Novak Djokovic', 0.011392537507612661), ('David Ferrer', 0.00635886776460896), ('Carlos Moya', 0.006091421184490506), ('Filippo Volandri', 0.005687058820515761), ('Juan Monaco', 0.00495559594538555), ('Andy Roddick', 0.0046331952150057126), ('Eric Prodon', 0.004421282687682369), ('Fernando Verdasco', 0.004399503370349194)]"
2007-09-01,2012,7263,0.0017950477147062923,25,542,878,7011,10625,0.014016862891622002,0.000497017892644135,Stan Wawrinka,0.014016862891622002,1.1432962233915405,"[('Stan Wawrinka', 0.014016862891622002), ('David Nalbandian', 0.01226004477653356), ('Roger Federer', 0.009557729159214746), ('Andy Murray', 0.008942278978891225), ('Rafael Nadal', 0.007545504439129009), ('Richard Gasquet', 0.006897626733565913), ('Nicolas Kiefer', 0.00661026250724808), ('David Ferrer', 0.006524637864981497), ('Jo-Wilfried Tsonga', 0.005383535443579399), ('Tomas Berdych', 0.005363121161063581)]"
2008-01-01,1573,6915,0.0027964748644831922,14,334,773,6722,7070,0.011222679517147074,0.0006357279084551811,Nikolay Davydenko,0.011222679517147074,1.016239365731514,"[('Nikolay Davydenko', 0.011222679517147074), ('Rafael Nadal', 0.01104334263716375), ('Andy Roddick', 0.009992730126205057), ('Novak Djokovic', 0.009795298158206024), ('Roger Federer', 0.008135919573700886), ('Mario Ancic', 0.00590304576865376), ('Mardy Fish', 0.005650584353559558), ('Robin Soderling', 0.005498876156936395), ('Nicolas Almagro', 0.005302300211189757), ('Andreas Seppi', 0.005259084243848424)]"
2008-05-01,2372,11341,0.0020165319704154258,22,1100,301,11071,6645,0.01858998775084565,0.00042158516020236085,Rafael Nadal,0.01858998775084565,1.3823448428997482,"[('Rafael Nadal', 0.01858998775084565), ('Andy Murray', 0.013448155028993622), ('Novak Djokovic', 0.011712003462368557), ('Roger Federer', 0.008527081190910682), ('Stan Wawrinka', 0.006593210654143302), ('Juan Carlos Ferrero', 0.005675906217424273), ('Juan Martin del Potro', 0.004457609891466082), ('Fernando Verdasco', 0.004256879759200431), ('Gilles Simon', 0.0039884715167148406), ('Igor Andreev', 0.00385806407937853)]"
2008-09-01,2082,7478,0.0017259676659183935,10,562,852,7192,11055,0.012152486479506923,0.0004803073967339096,Nikolay Davydenko,0.012152486479506923,1.0356583023591523,"[('Nikolay Davydenko', 0.012152486479506923), ('David Nalbandian', 0.011734069482013967), ('Jo-Wilfried Tsonga', 0.01163708701536684), ('Andy Murray', 0.009708377514534643), ('Roger Federer', 0.008616612406181588), ('Juan Martin del Potro', 0.008405650755612894), ('Novak Djokovic', 0.007765081182398293), ('Gilles Simon', 0.0074744339162679), ('Andy Roddick', 0.004776098739379964), ('Robin Soderling', 0.004511761374757334)]"
2009-01-01,1560,6825,0.002806286080821039,31,340,862,6610,7263,0.02568271422510372,0.0006410256410256409,Rafael Nadal,0.02568271422510372,1.3224104903053904,"[('Rafael Nadal', 0.02568271422510372), ('Andy Murray', 0.019421136185310123), ('Novak Djokovic', 0.012112788006960555), ('Juan Martin del Potro', 0.011945349061875731), ('Fernando Verdasco', 0.01079785789563111), ('Roger Federer', 0.009449901610709202), ('Radek Stepanek', 0.009312525116311258), ('Gael Monfils', 0.00911484473910223), ('Andy Roddick', 0.008666041622086248), ('David Ferrer', 0.0069102895230798295)]"
2009-05-01,2285,10708,0.0020517576366082,39,974,249,10418,6535,0.021091510732750784,0.000437636761487965,Roger Federer,0.021091510732750784,1.0666273461685947,"[('Roger Federer', 0.021091510732750784), ('Juan Martin del Potro', 0.019774020241008324), ('Jo-Wilfried Tsonga', 0.010257795314295914), ('Andy Murray', 0.00973904243624395), ('Andy Roddick', 0.007806253696069977), ('Lleyton Hewitt', 0.006998939781073816), ('Fernando Gonzalez', 0.005228011583518186), ('Robin Soderling', 0.0051418038081265695), ('Tommy Haas', 0.004875172972082943), ('Novak Djokovic', 0.004850122075534159)]"
2009-09-01,1958,6707,0.0017503495740650754,18,515,842,6454,10455,0.018903928531154898,0.0005107252298263534,Nikolay Davydenko,0.018903928531154898,1.2015698777249757,"[('Nikolay Davydenko', 0.018903928531154898), ('Novak Djokovic', 0.015732691773987506), ('Robin Soderling', 0.014666406859439932), ('Mikhail Youzhny', 0.013818907875285896), ('Jo-Wilfried Tsonga', 0.007715189848446904), ('Rafael Nadal', 0.007210011024298616), ('Marin Cilic', 0.007168458654675917), ('Gael Monfils', 0.006428308893869439), ('Radek Stepanek', 0.006231064283313065), ('Andy Murray', 0.006124336474287867)]"
2010-01-01,1523,6617,0.0028546086593391044,24,365,800,6438,6528,0.012774300457163688,0.0006565988181221272,Fernando Verdasco,0.012774300457163688,1.0739862093670365,"[('Fernando Verdasco', 0.012774300457163688), ('Rafael Nadal', 0.011894287231762815), ('Andy Roddick', 0.01125889223322343), ('David Ferrer', 0.0098545818610841), ('Tomas Berdych', 0.009111963992304628), ('Nikolay Davydenko', 0.008729451569913359), ('Marin Cilic', 0.0087213880369983), ('Ivan Ljubicic', 0.008402374501264439), ('Robin Soderling', 0.00837169484596162), ('Novak Djokovic', 0.007148697561169998)]"
2010-05-01,2129,10152,0.002240806337120396,48,892,286,9882,6347,0.012049311664856437,0.0004697040864255519,Rafael Nadal,0.012049311664856437,1.200975716571086,"[('Rafael Nadal', 0.012049311664856437), ('Andy Murray', 0.010032935303020539), ('Roger Federer', 0.009001123499143254), ('Mardy Fish', 0.007009978513327175), ('Novak Djokovic', 0.006696724713711847), ('Marcos Baghdatis', 0.006395305291076958), ('Tomas Berdych', 0.006122767080806859), ('Robin Soderling', 0.0058813760139303835), ('Nicolas Almagro', 0.005869354049953021), ('Sam Querrey', 0.005426550167276676)]"
2010-09-01,1980,7106,0.0018134860479478974,19,588,737,6804,9850,0.018896324658906824,0.000505050505050505,Roger Federer,0.018896324658906824,1.3384515786092677,"[('Roger Federer', 0.018896324658906824), ('Gael Monfils', 0.014118048766875266), ('Andy Murray', 0.012603780925895777), ('Novak Djokovic', 0.010638243458803428), ('Robin Soderling', 0.010186890958201902), ('Rafael Nadal', 0.00971389046051251), ('David Ferrer', 0.007006610487199516), ('Viktor Troicki', 0.006123803956786163), ('Jarkko Nieminen', 0.005992680710609055), ('Carlos Berlocq', 0.005895468990127489)]"
2011-01-01,1628,7071,0.0026695550666048515,39,400,752,6846,6881,0.01529686021795718,0.0006142506142506142,Novak Djokovic,0.01529686021795718,1.4116819466801849,"[('Novak Djokovic', 0.01529686021795718), ('Rafael Nadal', 0.010835911200770402), ('David Ferrer', 0.008951826046167111), ('Roger Federer', 0.007004324705824272), ('Juan Martin del Potro', 0.006979389794852373), ('Milos Raonic', 0.005557012044343732), ('Nicolas Almagro', 0.005493471539402086), ('Robin Soderling', 0.005413903688003589), ('Florian Mayer', 0.005101219376612513), ('Nikolay Davydenko', 0.004995255920619978)]"
2011-05-01,2526,11141,0.0017467447457334808,37,1200,302,10859,6789,0.020746044135295735,0.000395882818685669,Novak Djokovic,0.020746044135295735,1.3031991201722606,"[('Novak Djokovic', 0.020746044135295735), ('Rafael Nadal', 0.015919320243673478), ('Andy Murray', 0.015635935306029875), ('Roger Federer', 0.014903905748626552), ('Jo-Wilfried Tsonga', 0.009191487547575324), ('Mardy Fish', 0.00669747377172066), ('Tomas Berdych', 0.0047312982061558555), ('Richard Gasquet', 0.004675005562783663), ('Gael Monfils', 0.004013320528070889), ('John Isner', 0.0039815976003329786)]"
2011-09-01,2029,6932,0.0016846456168592878,15,482,979,6668,10877,0.009574718458765267,0.0004928536224741252,Roger Federer,0.009574718458765267,1.0587942379215516,"[('Roger Federer', 0.009574718458765267), ('Tomas Berdych', 0.009043039823828999), ('David Ferrer', 0.008716755559636939), ('Jo-Wilfried Tsonga', 0.008516711093812884), ('Andy Murray', 0.007515453597510054), ('Aljaz Bedene', 0.00592137749389297), ('Carlos Berlocq', 0.005640912367466336), ('Jesse Levine', 0.004788444966108271), ('Kei Nishikori', 0.004778268059102596), ('Daniel Brands', 0.004723324833274258)]"
2012-01-01,1835,8268,0.0024567732120200038,43,522,716,8054,6718,0.015001664037406078,0.0005449591280653951,Rafael Nadal,0.015001664037406078,1.0105152452892978,"[('Rafael Nadal', 0.015001664037406078), ('Novak Djokovic', 0.014845559339494467), ('Roger Federer', 0.013902950825594736), ('Andy Murray', 0.01283814927772174), ('John Isner', 0.011517936781698006), ('Jo-Wilfried Tsonga', 0.007657853429494692), ('Tomas Berdych', 0.0072753410435795075), ('Juan Martin del Potro', 0.006948792092840566), ('David Ferrer', 0.006558172594556033), ('Nicolas Almagro', 0.0057938272303084985)]"
2012-05-01,2473,10995,0.001798550559636305,57,1041,403,10663,7936,0.014214689510127712,0.0004043671653861706,Novak Djokovic,0.014214689510127712,1.0667077846053656,"[('Novak Djokovic', 0.014214689510127712), ('Roger Federer', 0.013325757733535726), ('Andy Murray', 0.010892070765821606), ('David Ferrer', 0.008234945589463376), ('Rafael Nadal', 0.007724932893417057), ('Janko Tipsarevic', 0.00688115747351198), ('Juan Martin del Potro', 0.006711279273184542), ('Tomas Berdych', 0.006442432946178928), ('Tommy Haas', 0.006233796598054347), ('Richard Gasquet', 0.005550252529982732)]"
2012-09-01,2214,7705,0.0015725831305609336,36,630,889,7400,10690,0.011720934277946637,0.00045167118337850043,Sam Querrey,0.011720934277946637,1.019247507740099,"[('Sam Querrey', 0.011720934277946637), ('David Ferrer', 0.011499595720311923), ('Novak Djokovic', 0.010471845646747784), ('Tomas Berdych', 0.00747798419933812), ('Roger Federer', 0.00674838670978246), ('Andy Murray', 0.006633692711705418), ('Juan Martin del Potro', 0.006509805864142051), ('Michael Llodra', 0.0058949486722750565), ('Jo-Wilfried Tsonga', 0.005692144676478844), ('Yen Hsun Lu', 0.005336041577721618)]"
2013-01-01,1760,7556,0.0024406946095405445,17,398,852,7342,7491,0.017522275003986815,0.0005681818181818182,Novak Djokovic,0.017522275003986815,1.269366052538941,"[('Novak Djokovic', 0.017522275003986815), ('Juan Martin del Potro', 0.013803957470691281), ('Rafael Nadal', 0.011583059602764014), ('Tommy Haas', 0.011319655216714476), ('David Ferrer', 0.008164128898661827), ('Tomas Berdych', 0.007371937896379598), ('Stan Wawrinka', 0.007176130732215796), ('Jo-Wilfried Tsonga', 0.006542961485298208), ('Ernests Gulbis', 0.006206094143078996), ('Milos Raonic', 0.0061836742046126585)]"
2013-05-01,2818,12195,0.0015362219596976986,27,1350,292,11865,7226,0.011079014172147185,0.00035486160397445,Rafael Nadal,0.011079014172147185,1.0649406806132422,"[('Rafael Nadal', 0.011079014172147185), ('Steve Darcis', 0.010403409667632733), ('Stan Wawrinka', 0.006021297999817449), ('Novak Djokovic', 0.005790916505086736), ('Andy Murray', 0.00551560380392549), ('John Isner', 0.0051372510318972745), ('Tommy Haas', 0.005007549027393046), ('Mikhail Youzhny', 0.005004809504730296), ('Tomas Berdych', 0.004993522213804526), ('Roger Federer', 0.004593352695742308)]"
2013-09-01,2364,8656,0.0015495516396676627,19,649,1103,8336,11875,0.014523300726887638,0.0004230118443316412,Novak Djokovic,0.014523300726887638,2.0043758363149506,"[('Novak Djokovic', 0.014523300726887638), ('Juan Martin del Potro', 0.007245797152288944), ('Rafael Nadal', 0.006530704069523638), ('Roger Federer', 0.005794526053857803), ('David Ferrer', 0.005442584143131469), ('Matthew Ebden', 0.004563035398561808), ('Stan Wawrinka', 0.004442460141558167), ('Peter Polansky', 0.00426507345599939), ('Dustin Brown', 0.0038060399943557087), ('Richard Gasquet', 0.003720517623384343)]"
2014-01-01,1997,8576,0.00215152387900488,35,510,877,8311,8391,0.013982404824826381,0.0005007511266900349,Roger Federer,0.013982404824826381,1.0329810777514314,"[('Roger Federer', 0.013982404824826381), ('Stan Wawrinka', 0.013535973819833125), ('Novak Djokovic', 0.011853922405130266), ('Rafael Nadal', 0.011329298878486934), ('Alexandr Dolgopolov', 0.011177839805407357), ('Kei Nishikori', 0.008787947882942135), ('Kevin Anderson', 0.007766009896063635), ('Tomas Berdych', 0.007172550883308079), ('David Ferrer', 0.007134708414784512), ('Andrey Golubev', 0.0059569178665685694)]"
2014-05-01,2774,12247,0.0015921111781622718,43,1213,436,11957,8286,0.012932551211102672,0.0003604902667627974,Novak Djokovic,0.012932551211102672,1.4411155504533513,"[('Novak Djokovic', 0.012932551211102672), ('Roger Federer', 0.008973986303204003), ('Rafael Nadal', 0.008528998654493311), ('Jo-Wilfried Tsonga', 0.007886409921711012), ('Kei Nishikori', 0.0073684211737318015), ('Marin Cilic', 0.006509899310310733), ('Tommy Robredo', 0.006204116296510886), ('Milos Raonic', 0.006163816677199062), ('Andy Murray', 0.005312042867341436), ('Grigor Dimitrov', 0.004929062931477977)]"
2014-09-01,2221,8185,0.0016600346406739923,30,557,1110,7920,11982,0.02980054855648468,0.00045024763619990995,Roger Federer,0.02980054855648468,1.2719970157844371,"[('Roger Federer', 0.02980054855648468), ('Novak Djokovic', 0.023428159175441745), ('Milos Raonic', 0.011623034605345188), ('Gael Monfils', 0.009741565978134897), ('Andy Murray', 0.008346046202726819), ('Kei Nishikori', 0.006682888922849663), ('David Ferrer', 0.006240592163725172), ('Tomas Berdych', 0.006033557977428965), ('David Goffin', 0.005894652439963224), ('Viktor Troicki', 0.0054590078433844925)]"
2015-01-01,1964,8564,0.0022213391739025327,40,506,763,8321,7942,0.016753406221686792,0.0005091649694501017,Novak Djokovic,0.016753406221686792,1.2369892520545271,"[('Novak Djokovic', 0.016753406221686792), ('Roger Federer', 0.013543695867899339), ('Ivo Karlovic', 0.009120694621927942), ('Tomas Berdych', 0.008896457318504731), ('David Ferrer', 0.007998639454740797), ('Andy Murray', 0.006747510836300536), ('Kei Nishikori', 0.006518657298721957), ('Gael Monfils', 0.0064715603112485715), ('Stan Wawrinka', 0.005799416077350041), ('Andreas Seppi', 0.005152988319240172)]"
2015-05-01,2883,12965,0.001560392672545249,51,1285,366,12625,8224,0.016887566343407396,0.000346860908775581,Novak Djokovic,0.016887566343407396,1.1032324867318115,"[('Novak Djokovic', 0.016887566343407396), ('Roger Federer', 0.01530735048732539), ('Andy Murray', 0.012316250914002184), ('Stan Wawrinka', 0.011301664056636365), ('Kevin Anderson', 0.005269501572799611), ('Richard Gasquet', 0.004881901231163485), ('Nick Kyrgios', 0.004656226443599724), ('Kei Nishikori', 0.004438417483680227), ('David Goffin', 0.004360016535640465), ('Teymuraz Gabashvili', 0.003962912843472311)]"
2015-09-01,2367,8578,0.0015316976416713181,33,568,1084,8271,12658,0.021393126210238558,0.00042247570764681025,Roger Federer,0.021393126210238558,1.151414030370796,"[('Roger Federer', 0.021393126210238558), ('Novak Djokovic', 0.01857987278767935), ('Rafael Nadal', 0.008720601674659644), ('John Isner', 0.007859368223237698), ('Albert Ramos', 0.0069044984045562715), ('Stan Wawrinka', 0.00684257687013559), ('Andy Murray', 0.005658979294351527), ('David Ferrer', 0.005602147613050194), ('Jo-Wilfried Tsonga', 0.005273816259934292), ('Tomas Berdych', 0.004807075251850467)]"
2016-01-01,1938,8744,0.002329307127029819,29,462,891,8505,8339,0.014458453110767957,0.0005159958720330237,Novak Djokovic,0.014458453110767957,1.5879113727576297,"[('Novak Djokovic', 0.014458453110767957), ('Rafael Nadal', 0.00910532751312111), ('Feliciano Lopez', 0.008265789683138196), ('Milos Raonic', 0.007719313725943804), ('Jiri Vesely', 0.006934458572991614), ('Kei Nishikori', 0.006504394205260994), ('Dominic Thiem', 0.006482094624668639), ('Andy Murray', 0.005793142888562058), ('Nick Kyrgios', 0.005778975743772547), ('Gael Monfils', 0.005720033906963793)]"
2016-05-01,2682,12919,0.0017966906624099048,45,1143,399,12599,8424,0.014122792859367255,0.0003728560775540641,Andy Murray,0.014122792859367255,1.003960061330711,"[('Andy Murray', 0.014122792859367255), ('Novak Djokovic', 0.01406708633473729), ('Kei Nishikori', 0.00889077771185588), ('Stan Wawrinka', 0.007827057405044476), ('Marin Cilic', 0.006704475386922936), ('Juan Martin del Potro', 0.006470046104113069), ('Milos Raonic', 0.004941352185684449), ('Sam Querrey', 0.004607791399573275), ('Dominic Thiem', 0.004382371855308416), ('Gael Monfils', 0.004088152095046378)]"
2016-09-01,2620,9941,0.0014487494498512047,17,796,858,9633,12611,0.016121228070652974,0.00038167938931297704,Juan Martin del Potro,0.016121228070652974,1.2148113186148406,"[('Juan Martin del Potro', 0.016121228070652974), ('Andy Murray', 0.013270561299210495), ('David Goffin', 0.010563284500436372), ('Kei Nishikori', 0.00793845191168094), ('Marin Cilic', 0.007772429485716335), ('Daniil Medvedev', 0.005714953910619442), ('Alexander Zverev', 0.0049151294815872664), ('Henri Laaksonen', 0.004442669127716556), ('Novak Djokovic', 0.00441509309944785), ('Marius Copil', 0.004412414936882925)]"
2017-01-01,1877,8441,0.002397158737858012,37,347,1090,8199,9699,0.011253697494131272,0.0005327650506126798,Evgeny Donskoy,0.011253697494131272,1.0920132219120051,"[('Evgeny Donskoy', 0.011253697494131272), ('Roger Federer', 0.01030545900756328), ('Rafael Nadal', 0.007703029494872492), ('David Goffin', 0.005836376724444279), ('Dominic Thiem', 0.00533201392946935), ('Grigor Dimitrov', 0.005135660975294884), ('Gleb Sakharov', 0.004810571042977887), ('Jack Sock', 0.004635702596474473), ('Nick Kyrgios', 0.0045772226557369055), ('Jo-Wilfried Tsonga', 0.004517963410895933)]"
2017-05-01,2615,12813,0.0018744486593003404,45,1096,358,12485,8113,0.00917786712465583,0.0003824091778202676,Alexander Zverev,0.00917786712465583,1.4675374930409313,"[('Alexander Zverev', 0.00917786712465583), ('Rafael Nadal', 0.0062539234385338115), ('Dominic Thiem', 0.0052741261450227886), ('Roger Federer', 0.005148488239805166), ('Gilles Muller', 0.0050325852806810956), ('Marin Cilic', 0.004850358044264987), ('Juan Martin del Potro', 0.004789270192143391), ('Kevin Anderson', 0.004417600428711399), ('Cedrik Marcel Stebe', 0.004248651428246632), ('Denis Shapovalov', 0.004169514318308288)]"
2017-09-01,2174,8427,0.001783831085780959,23,496,937,8174,12560,0.016930494722725974,0.00045998160073597056,David Goffin,0.016930494722725974,1.6949448209719589,"[('David Goffin', 0.016930494722725974), ('Roger Federer', 0.00998881763774307), ('Grigor Dimitrov', 0.009070704464652198), ('Rafael Nadal', 0.007866730658690315), ('Filip Krajinovic', 0.007014603287729083), ('John Isner', 0.0064212030156636), ('Stefanos Tsitsipas', 0.006382278699078864), ('Juan Martin del Potro', 0.005905538404323264), ('Julien Benneteau', 0.005427569955104857), ('Jack Sock', 0.005087286547462168)]"
2018-01-01,1911,9141,0.0025043767003378073,23,452,715,8921,8207,0.007407366993760491,0.0005232862375719519,Marin Cilic,0.007407366993760491,1.0168440566275454,"[('Marin Cilic', 0.007407366993760491), ('Juan Martin del Potro', 0.00728466370578758), ('Roger Federer', 0.004801875493197141), ('Alexander Zverev', 0.0045053323680115335), ('Frances Tiafoe', 0.004472113536062279), ('Rafael Nadal', 0.004423851358241301), ('Roberto Bautista Agut', 0.004370254474475136), ('Gregoire Barrere', 0.004334947219619464), ('Grigor Dimitrov', 0.004210801109330291), ('Marco Cecchinato', 0.004170543925916979)]"
2018-05-01,2493,11829,0.0019040472230753332,46,951,369,11569,8881,0.009403643532328353,0.0004011231448054552,Novak Djokovic,0.009403643532328353,1.001944150543222,"[('Novak Djokovic', 0.009403643532328353), ('Rafael Nadal', 0.009385396907831637), ('Dominic Thiem', 0.006693126106385956), ('Juan Martin del Potro', 0.006330417285494368), ('Stefanos Tsitsipas', 0.005370626299327669), ('Alexander Zverev', 0.005042833214219733), ('Marin Cilic', 0.00486143042952826), ('David Goffin', 0.004145501627323667), ('Marco Cecchinato', 0.0035126103364318652), ('Gianluca Mager', 0.003473769246857381)]"
2018-09-01,2153,8380,0.0018086632812864215,27,506,846,8165,11614,0.008898925472415479,0.00046446818392940084,Novak Djokovic,0.008898925472415479,1.0258081581123308,"[('Novak Djokovic', 0.008898925472415479), ('Kevin Anderson', 0.008675038701964587), ('Kei Nishikori', 0.007794645986299168), ('Alexander Zverev', 0.0076749774472403935), ('Roger Federer', 0.007176477305718903), ('Karen Khachanov', 0.005801000405212305), ('Dominic Thiem', 0.004985359269874095), ('Tommy Paul', 0.004963577861059057), ('Roberto Bautista Agut', 0.004564737668485089), ('Daniil Medvedev', 0.004398206420460145)]"
2019-01-01,1630,7904,0.002976721764641637,31,313,836,7704,8180,0.007339350850161338,0.0006134969325153375,Stefanos Tsitsipas,0.007339350850161338,1.043360215473521,"[('Stefanos Tsitsipas', 0.007339350850161338), ('Dominic Thiem', 0.007034340337416861), ('Roger Federer', 0.00652884997537832), ('Dmitry Popko', 0.005727492372097998), ('Daniil Medvedev', 0.00564488143477597), ('Filip Krajinovic', 0.004585283818314827), ('Felix Auger Aliassime', 0.004283447393869807), ('Rafael Nadal', 0.004208179272071857), ('Gael Monfils', 0.004032136920432955), ('Hubert Hurkacz', 0.00393262976252322)]"
2019-05-01,2316,11195,0.0020880194869384544,14,937,251,10920,7629,0.010927423901631211,0.00043177892918825554,Rafael Nadal,0.010927423901631211,1.21695251435662,"[('Rafael Nadal', 0.010927423901631211), ('Roger Federer', 0.008979334668130692), ('Stefanos Tsitsipas', 0.007707796259087913), ('Novak Djokovic', 0.006790283646156355), ('Daniil Medvedev', 0.006136640115813352), ('Andrey Rublev', 0.0049657847913558515), ('Dominic Thiem', 0.00479008033614791), ('David Goffin', 0.004211241620978322), ('Christopher Oconnell', 0.00411135746136012), ('Stan Wawrinka', 0.003954465777826417)]"
2019-09-01,2106,8211,0.001852190213235344,32,463,673,7990,10974,0.01221089756465211,0.0004748338081671415,Stefanos Tsitsipas,0.01221089756465211,1.0331632659661238,"[('Stefanos Tsitsipas', 0.01221089756465211), ('Dominic Thiem', 0.011818942820458823), ('Alexander Zverev', 0.008619246059789304), ('Denis Shapovalov', 0.007799143682047912), ('Novak Djokovic', 0.00693077942517271), ('Roger Federer', 0.0068485978223517385), ('Rafael Nadal', 0.006303743213412814), ('Daniil Medvedev', 0.005918307704450167), ('Vasek Pospisil', 0.005456562362596368), ('Matteo Berrettini', 0.005451947734106756)]"
2020-01-01,1494,4805,0.002154184946977013,22,248,860,4708,8114,0.012773920542432173,0.0006693440428380187,Novak Djokovic,0.012773920542432173,2.06100720217814,"[('Novak Djokovic', 0.012773920542432173), ('Gael Monfils', 0.006197901942764817), ('Andrey Rublev', 0.0051504900635986626), ('Stefanos Tsitsipas', 0.004999948845082871), ('Dominic Thiem', 0.004768943149630301), ('Ernests Gulbis', 0.004757425996755722), ('Benjamin Bonzi', 0.004594978509029087), ('Felix Auger Aliassime', 0.004545366944437314), ('Lucas Catarina', 0.004448304208822638), ('Roberto Marcora', 0.00443189654569201)]"
2020-05-01,392,631,0.004116864136959131,9,24,1126,612,4786,0.06259920477219029,0.0025510204081632647,Aslan Karatsev,0.06259920477219029,1.0597636889421667,"[('Aslan Karatsev', 0.06259920477219029), ('Stan Wawrinka', 0.05906902210876414), ('Yannick Hanfmann', 0.0387512630431747), ('Pablo Carreno Busta', 0.03499832100786791), ('Novak Djokovic', 0.033383021906694066), ('Bernabe Zapata Miralles', 0.032484232820036874), ('Filip Krajinovic', 0.024242738360109158), ('Dominic Thiem', 0.024163442766420157), ('Alex De Minaur', 0.02008912790881413), ('Jan Lennard Struff', 0.019775261929327628)]"
2020-09-01,985,3709,0.003826709586892823,9,622,29,3681,603,0.015624611918712356,0.001015228426395939,Andrey Rublev,0.015624611918712356,1.0346946209274432,"[('Andrey Rublev', 0.015624611918712356), ('Daniil Medvedev', 0.015100698894817213), ('Rafael Nadal', 0.011793934784769058), ('Diego Schwartzman', 0.009749714195612994), ('Alexander Zverev', 0.009593924966922317), ('Novak Djokovic', 0.008856468232612668), ('Ugo Humbert', 0.008741597865783872), ('Stefanos Tsitsipas', 0.008633422221396167), ('Dominic Thiem', 0.008028293003845036), ('Jannik Sinner', 0.007436524563656772)]"
2021-01-01,1259,5539,0.0034972364318717635,23,459,185,5405,3575,0.01449408379603051,0.0007942811755361396,Stefanos Tsitsipas,0.01449408379603051,1.3156469199454115,"[('Stefanos Tsitsipas', 0.01449408379603051), ('Andrey Rublev', 0.01101669724323293), ('Aslan Karatsev', 0.010423003420677245), ('Daniil Medvedev', 0.008462267550263245), ('Novak Djokovic', 0.008196614825212854), ('Hubert Hurkacz', 0.007753792700634256), ('Roberto Bautista Agut', 0.007139033914384007), ('Daniel Evans', 0.00690918637089935), ('Jannik Sinner', 0.006470298517451452), ('Rafael Nadal', 0.005260600972575954)]"
2021-05-01,1655,8241,0.0030105539258485333,22,631,235,8072,5370,0.01232538480598902,0.0006042296072507553,Novak Djokovic,0.01232538480598902,1.1037812386686765,"[('Novak Djokovic', 0.01232538480598902), ('Alexander Zverev', 0.011166510513310824), ('Daniil Medvedev', 0.00891560828026338), ('Stefanos Tsitsipas', 0.008294901974759681), ('Rafael Nadal', 0.0068014304531153515), ('Felix Auger Aliassime', 0.00620939561468668), ('Pablo Carreno Busta', 0.0058173352268544596), ('Casper Ruud', 0.005093698362767621), ('Matteo Berrettini', 0.004776135536122747), ('Ugo Humbert', 0.004376041777880452)]"
2021-09-01,1945,7709,0.002038835464999418,29,658,368,7515,8047,0.018566847787749526,0.0005141388174807196,Alexander Zverev,0.018566847787749526,1.2322236608336683,"[('Alexander Zverev', 0.018566847787749526), ('Daniil Medvedev', 0.01506775788998242), ('Taylor Fritz', 0.009440889579702795), ('Novak Djokovic', 0.009431891781716677), ('Grigor Dimitrov', 0.005828591028452429), ('Casper Ruud', 0.005206928570848229), ('Tommy Paul', 0.004565279387356312), ('Cameron Norrie', 0.004487807740935876), ('Sebastian Baez', 0.004440796958642279), ('Santiago Fa Rodriguez Taverna', 0.0043459390610322566)]"
2022-01-01,1642,7962,0.00295488402024552,20,365,668,7759,7506,0.013563511715420255,0.0006090133982947625,Taylor Fritz,0.013563511715420255,1.483343492903283,"[('Taylor Fritz', 0.013563511715420255), ('Rafael Nadal', 0.009143877854530504), ('Carlos Alcaraz', 0.0078100807900887284), ('Stefanos Tsitsipas', 0.006730536535306864), ('Miomir Kecmanovic', 0.005818548889820803), ('Felix Auger Aliassime', 0.0054395137247992284), ('Daniil Medvedev', 0.005264817803561416), ('Sebastian Korda', 0.005211136802160511), ('Andrey Rublev', 0.005072420969144936), ('Alexander Zverev', 0.0050189584124402395)]"
2022-05-01,2411,11976,0.0020610927440104223,29,1034,265,11739,7725,0.008474800557787614,0.00041476565740356696,Carlos Alcaraz,0.008474800557787614,1.5408803005272986,"[('Carlos Alcaraz', 0.008474800557787614), ('Rafael Nadal', 0.005499973330107138), ('Nick Kyrgios', 0.005360302901716684), ('Jannik Sinner', 0.004812168672206787), ('Cameron Norrie', 0.004671200389965678), ('Casper Ruud', 0.004580037867242306), ('Stefanos Tsitsipas', 0.004558520278741206), ('Novak Djokovic', 0.004342432635734909), ('Hubert Hurkacz', 0.0037352000529638023), ('Borna Coric', 0.003717563600997642)]"
2022-09-01,2180,8478,0.0017847594427205476,21,491,722,8262,11760,0.012679218959405833,0.00045871559633027525,Felix Auger Aliassime,0.012679218959405833,1.2734125732067003,"[('Felix Auger Aliassime', 0.012679218959405833), ('Holger Rune', 0.009956882181143458), ('Novak Djokovic', 0.006561606270202777), ('Taylor Fritz', 0.005124656440900907), ('Marc Andrea Huesler', 0.004630447123111716), ('Michael Mmoh', 0.0046120549405164035), ('Alexander Bublik', 0.004588217195447636), ('Lorenzo Musetti', 0.0045382763324507795), ('Gregoire Barrere', 0.003909008271962115), ('Stefanos Tsitsipas', 0.003745195109659496)]"
2023-01-01,1801,9174,0.0028299093096427913,23,343,722,8949,8253,0.009796899928550904,0.0005552470849528042,Carlos Alcaraz,0.009796899928550904,1.0103668948012519,"[('Carlos Alcaraz', 0.009796899928550904), ('Daniil Medvedev', 0.009696378591737253), ('Jannik Sinner', 0.009607605232875667), ('Cameron Norrie', 0.00819320409558288), ('Novak Djokovic', 0.006065609066826053), ('Holger Rune', 0.0052747449026476064), ('Stefanos Tsitsipas', 0.005092225414212085), ('Karen Khachanov', 0.005061440224703775), ('Jan Lennard Struff', 0.005061317823824625), ('Andrey Rublev', 0.004956391334942824)]"
2023-05-01,2422,12291,0.0020961303704067524,32,962,341,12007,8890,0.010405839669859472,0.00041288191577208916,Carlos Alcaraz,0.010405839669859472,1.1135874284536895,"[('Carlos Alcaraz', 0.010405839669859472), ('Novak Djokovic', 0.009344429906423118), ('Holger Rune', 0.0066391469220308365), ('Daniil Medvedev', 0.006569357520685859), ('Alexander Zverev', 0.00544839697907283), ('Tommy Paul', 0.004600625462885172), ('Alex De Minaur', 0.004467471960838065), ('Casper Ruud', 0.004003701602750579), ('Fabian Marozsan', 0.0038118985281212856), ('Andrey Rublev', 0.003650122542858331)]"
2023-09-01,2237,9009,0.0018011040533937686,41,503,688,8752,12034,0.015262386553362846,0.0004470272686633885,Jannik Sinner,0.015262386553362846,1.8736678359918277,"[('Jannik Sinner', 0.015262386553362846), ('Novak Djokovic', 0.008145726932054469), ('Alex De Minaur', 0.006231236132151644), ('Ben Shelton', 0.005968075988012812), ('Daniil Medvedev', 0.005416724555154044), ('Hubert Hurkacz', 0.004722569566857995), ('Andrey Rublev', 0.004603572977701633), ('Grigor Dimitrov', 0.004603524061079435), ('Luciano Darderi', 0.004557906083501156), ('Alexander Zverev', 0.004517414287155818)]"
2024-01-01,1953,10136,0.0026587931135789414,28,423,707,9840,8713,0.007983314597360854,0.0005120327700972862,Jannik Sinner,0.007983314597360854,1.2318601523877746,"[('Jannik Sinner', 0.007983314597360854), ('Alex De Minaur', 0.006480698788646102), ('Casper Ruud', 0.006341449657796996), ('Carlos Alcaraz', 0.006065213874548367), ('Stefanos Tsitsipas', 0.005733118218117504), ('Alexander Zverev', 0.005443599339861116), ('Daniil Medvedev', 0.005203365020318762), ('Felix Auger Aliassime', 0.0052026613904344295), ('Andrey Rublev', 0.005150232543942876), ('Grigor Dimitrov', 0.005015932536694027)]"
2024-05-01,2521,12456,0.0019606732022440076,24,941,373,12148,9828,0.007086687484728023,0.0003966679888932963,Carlos Alcaraz,0.007086687484728023,1.1627494919209962,"[('Carlos Alcaraz', 0.007086687484728023), ('Alexander Zverev', 0.006094767216814689), ('Jannik Sinner', 0.0059571026742720355), ('Novak Djokovic', 0.005665659925737308), ('Lorenzo Musetti', 0.0052190960991239195), ('Taylor Fritz', 0.005053066143484001), ('Jack Draper', 0.004585143450798474), ('Tommy Paul', 0.004270354161215761), ('Daniil Medvedev', 0.004144897246414485), ('Brandon Nakashima', 0.004107918078625236)]"
2024-09-01,2344,9555,0.0017398058846407642,28,544,721,9258,12159,0.00836839320777727,0.0004266211604095563,Carlos Alcaraz,0.00836839320777727,1.3101966711650233,"[('Carlos Alcaraz', 0.00836839320777727), ('Nishesh Basavareddy', 0.006387127514479271), ('Benjamin Bonzi', 0.005748260900588459), ('Alexander Zverev', 0.005159184274679885), ('Jannik Sinner', 0.005128290927089334), ('Ugo Humbert', 0.004966265941441696), ('Learner Tien', 0.004921731389171817), ('Joao Fonseca', 0.0046808854532985516), ('Taylor Fritz', 0.004552973759491472), ('Arthur Fils', 0.0042837299606505175)]"
2025-01-01,1903,9160,0.00253073209437973,22,379,820,8908,9303,0.006984916284603337,0.0005254860746190226,Carlos Alcaraz,0.006984916284603337,1.1960677931738275,"[('Carlos Alcaraz', 0.006984916284603337), ('Jack Draper', 0.005839899982649397), ('Jakub Mensik', 0.004920855511780744), ('Alejandro Davidovich Fokina', 0.004837949811948882), ('Francisco Cerundolo', 0.004648311883569348), ('Holger Rune', 0.004414968073975551), ('Alex De Minaur', 0.004376524865835987), ('Casper Ruud', 0.003984428356216945), ('Emilio Nava', 0.003941540855841708), ('Zsombor Piros', 0.0038732557847055114)]"
2025-05-01,2621,12653,0.0018425750907962988,47,1052,334,12376,8883,0.0299116199795295,0.00038153376573826786,Jannik Sinner,0.0299116199795295,1.1481154673416347,"[('Jannik Sinner', 0.0299116199795295), ('Carlos Alcaraz', 0.026052797676166976), ('Alexander Bublik', 0.008114874260496103), ('Filip Misolic', 0.0034030309391162774), ('Taylor Fritz', 0.0033076648281278593), ('Novak Djokovic', 0.0031792611062536453), ('Alexander Zverev', 0.002998103203981813), ('Ben Shelton', 0.0029851640872306353), ('Dino Prizmic', 0.0029376750275310424), ('Zachary Svajda', 0.002860082221618204)]"
2025-09-01,2422,9528,0.0016249231282430671,32,577,776,9259,12384,0.006601622020241693,0.00041288191577208916,Jannik Sinner,0.006601622020241693,1.1030502666798356,"[('Jannik Sinner', 0.006601622020241693), ('Tallon Griekspoor', 0.005984878676574254), ('Rafael Jodar', 0.00478075959578941), ('Valentin Vacherot', 0.004621001466815845), ('Adolfo Daniel Vallejo', 0.004601670683686189), ('Learner Tien', 0.004327199612458009), ('Felix Auger Aliassime', 0.004244983717106058), ('Gianluca Cadenasso', 0.0042075911995240476), ('Patrick Kypson', 0.004114395276617259), ('Roman Andres Burruchaga', 0.004014142670723389)]"
2026-01-01,2107,10140,0.0022851517868129165,31,451,766,9886,9274,0.010949952708441426,0.00047460844803037496,Jannik Sinner,0.010949952708441426,1.365796173703037,"[('Jannik Sinner', 0.010949952708441426), ('Carlos Alcaraz', 0.0080172670851414), ('Jakub Mensik', 0.007324508940509651), ('Novak Djokovic', 0.006285382801906318), ('Alexander Zverev', 0.00614066800026252), ('Arthur Fils', 0.0056243684363951425), ('Daniil Medvedev', 0.005424880535492976), ('Rafael Jodar', 0.004950866970284078), ('Sebastian Korda', 0.004862676672712055), ('Alex De Minaur', 0.0047625889786912946)]"
