snapshot,nodes,edges,density,communities,new_nodes,removed_nodes,new_edges,removed_edges,pagerank_max,pagerank_mean,dominant_node,dominant_score,dominance_ratio,top_pagerank
1967-09-01,23,21,0.041501976284584984,5,0,0,0,0,0.20559234416647806,0.04347826086956521,Patricia Walkden,0.20559234416647806,1.7276368266832247,"[('Patricia Walkden', 0.20559234416647806), ('Carole Graebner', 0.11900206165504192), ('Frances Maclennan', 0.08153815187633151), ('Virginia Wade', 0.07101549154089373), ('Annette Van Zyl', 0.058636909847473107), ('Edda Buding', 0.058636909847473107), ('Nell Truman', 0.04625832815405248), ('Christine Bell', 0.04407424209762109), ('Laura Rossouw', 0.03169566040420047), ('Winnie Shaw', 0.03169566040420047)]"
1968-01-01,462,992,0.004657670601271469,20,440,1,983,12,0.06823327302788275,0.0021645021645021645,Nancy Richey,0.06823327302788275,1.0574813074312976,"[('Nancy Richey', 0.06823327302788275), ('Judy Tegart', 0.06452433016865948), ('Billie Jean King', 0.056593095118169304), ('Virginia Wade', 0.03766815881216611), ('Margaret Court', 0.03281061428403902), ('Esme Emmanuel', 0.030786736582335054), ('Francoise Durr', 0.028542265643282348), ('Ann Jones', 0.022334955036000498), ('Fay Toyne', 0.019990661622315196), ('Annette Van Zyl', 0.01816396005124749)]"
1968-05-01,541,1524,0.005216676935715753,12,287,208,1457,925,0.07498316865521049,0.0018484288354898332,Margaret Court,0.07498316865521049,1.3049830570838934,"[('Margaret Court', 0.07498316865521049), ('Ann Jones', 0.05745911278171487), ('Virginia Wade', 0.05430617487572652), ('Billie Jean King', 0.04765193122338431), ('Judy Tegart', 0.04605531018915722), ('Maria Bueno', 0.040520133851930616), ('Nancy Richey', 0.033630150591371956), ('Annette Van Zyl', 0.03062103210272506), ('Gail Sherriff', 0.02282122534896403), ('Lesley Turner', 0.021306892263980557)]"
1968-09-01,302,436,0.00479637411718114,16,137,376,402,1490,0.08933174365872298,0.0033112582781456954,Margaret Court,0.08933174365872298,1.0059263770291338,"[('Margaret Court', 0.08933174365872298), ('Rosie Casals', 0.08880544908520252), ('Virginia Wade', 0.07061850655918733), ('Ann Jones', 0.05131313978748766), ('Maria Eugenia Guzman', 0.0321152902069226), ('Nancy Richey', 0.03121878847394817), ('Julie Heldman', 0.029220864366784963), ('Winnie Shaw', 0.02735619062056937), ('Helga Masthoff', 0.025705578474904504), ('Karen Krantzcke', 0.023779873708810087)]"
1969-01-01,478,1020,0.004473566485092497,17,297,121,982,398,0.09702285978909282,0.0020920502092050207,Margaret Court,0.09702285978909282,1.0366988309042757,"[('Margaret Court', 0.09702285978909282), ('Julie Heldman', 0.09358827935058363), ('Peaches Bartkowicz', 0.04729143793286317), ('Billie Jean King', 0.04281088542477115), ('Ann Jones', 0.04073569138461801), ('Kerry Reid', 0.03459607343599068), ('Judy Tegart', 0.02539498422082921), ('Karen Krantzcke', 0.025126408429586206), ('Helga Masthoff', 0.02414192271543115), ('Francoise Durr', 0.017133625909917363)]"
1969-05-01,500,1548,0.006204408817635271,23,282,260,1466,938,0.07535174831615564,0.0019999999999999996,Margaret Court,0.07535174831615564,1.0716299211605183,"[('Margaret Court', 0.07535174831615564), ('Ann Jones', 0.07031508436658217), ('Kerry Reid', 0.05058383517052532), ('Rosie Casals', 0.048538558536280384), ('Billie Jean King', 0.044842632247530316), ('Judy Tegart', 0.026634334377999436), ('Nancy Richey', 0.026351700722343614), ('Virginia Wade', 0.025883516425792515), ('Mary Ann Eisel', 0.02445940062189905), ('Francoise Durr', 0.023184964090965744)]"
1969-09-01,291,436,0.005166488920488209,17,129,338,396,1508,0.11814795877136379,0.003436426116838487,Billie Jean King,0.11814795877136379,1.818950102843441,"[('Billie Jean King', 0.11814795877136379), ('Julie Heldman', 0.0649539306145183), ('Virginia Wade', 0.06336460884435795), ('Ann Jones', 0.06322773830979958), ('Nancy Richey', 0.04540087800364909), ('Helga Masthoff', 0.04366077002841808), ('Margaret Court', 0.021810474606055893), ('Winnie Shaw', 0.020615788898380408), ('Corinne Molesworth', 0.012404253727883698), ('Peaches Bartkowicz', 0.012327528437593837)]"
1970-01-01,474,1043,0.004652054843400148,18,302,119,1010,403,0.1101731431153768,0.002109704641350211,Billie Jean King,0.1101731431153768,1.0029783105385262,"[('Billie Jean King', 0.1101731431153768), ('Margaret Court', 0.10984598765273586), ('Kerry Reid', 0.061645709627852395), ('Virginia Wade', 0.052161885659211045), ('Helga Masthoff', 0.02757259866785044), ('Ann Jones', 0.02534218265304656), ('Nancy Richey', 0.01968568285512962), ('Evonne Goolagong', 0.01744774718802187), ('Joyce Williams', 0.015981269542038996), ('Rosie Casals', 0.014731759313572373)]"
1970-05-01,474,1401,0.006248829180828004,12,243,243,1323,965,0.07058406890725616,0.0021097046413502104,Margaret Court,0.07058406890725616,1.1514245048692788,"[('Margaret Court', 0.07058406890725616), ('Patti Hogan', 0.061301517041509865), ('Evonne Goolagong', 0.04062499786921967), ('Joyce Williams', 0.0369214165006312), ('Kerry Reid', 0.03268767186898327), ('Helga Masthoff', 0.032209885035575266), ('Ann Jones', 0.03124150729410385), ('Karen Krantzcke', 0.02482812878796497), ('Virginia Wade', 0.023224584388463677), ('Winnie Shaw', 0.022617542099092825)]"
1970-09-01,315,550,0.005560610656152058,24,147,306,497,1348,0.10582079833442615,0.0031746031746031746,Nancy Richey,0.10582079833442615,1.8621090999132224,"[('Nancy Richey', 0.10582079833442615), ('Margaret Court', 0.056828463133206095), ('Chris Evert', 0.05291034119836868), ('Virginia Wade', 0.05243139921352404), ('Rosie Casals', 0.052238334562654774), ('Judy Tegart', 0.04111960740092522), ('Billie Jean King', 0.038718359258001274), ('Francoise Durr', 0.03311664822244306), ('Ann Jones', 0.032873885212420705), ('Sharon Walsh Pete', 0.02776777514425605)]"
1971-01-01,397,894,0.005686588810014503,16,242,160,842,498,0.1198784689442404,0.0025188916876574307,Evonne Goolagong,0.1198784689442404,1.3295758106281508,"[('Evonne Goolagong', 0.1198784689442404), ('Margaret Court', 0.0901629436892391), ('Betty Stove', 0.03731032800016913), ('Billie Jean King', 0.03145637764801912), ('Gail Sherriff', 0.02986673194020523), ('Heide Orth', 0.024888406483011893), ('Olga Morozova', 0.022986248466756738), ('Rosie Casals', 0.020964236836541222), ('Jill Cooper', 0.018340636547861222), ('Ann Jones', 0.01729287219556233)]"
1971-05-01,374,1215,0.008709552551217904,16,194,217,1148,827,0.06921389885131732,0.00267379679144385,Margaret Court,0.06921389885131732,1.1216176833803388,"[('Margaret Court', 0.06921389885131732), ('Evonne Goolagong', 0.06170899396193541), ('Billie Jean King', 0.0609845914698069), ('Francoise Durr', 0.03983753771063273), ('Gail Sherriff', 0.03512695809206776), ('Judy Tegart', 0.03209974031655833), ('Virginia Wade', 0.02953345342693472), ('Kerry Reid', 0.028711886844274333), ('Helga Masthoff', 0.027974381300829937), ('Helen Gourlay', 0.023010800267685497)]"
1971-09-01,224,407,0.008147821909032672,12,101,251,358,1166,0.16684428723025307,0.004464285714285713,Billie Jean King,0.16684428723025307,1.342311084643434,"[('Billie Jean King', 0.16684428723025307), ('Rosie Casals', 0.12429628954049268), ('Francoise Durr', 0.11513242523104944), ('Kerry Reid', 0.08410914687996196), ('Virginia Wade', 0.052926963429130516), ('Evonne Goolagong', 0.03835383426210777), ('Julie Heldman', 0.017495172097997055), ('Linda Tuero', 0.01426746888790306), ('Jackie Fayter', 0.013940913664424213), ('Valerie Ziegenfuss', 0.012581657463654868)]"
1972-01-01,478,1206,0.0052893344911976,24,335,81,1150,351,0.08999871752248365,0.0020920502092050207,Billie Jean King,0.08999871752248365,1.6906641795890014,"[('Billie Jean King', 0.08999871752248365), ('Nancy Richey', 0.053232758231361026), ('Francoise Durr', 0.037106159712740165), ('Kerry Reid', 0.0338624425760045), ('Chris Evert', 0.03227858105682993), ('Evonne Goolagong', 0.026664373319760355), ('Virginia Wade', 0.02648491493787885), ('Linda Tuero', 0.02313043686650939), ('Rosie Casals', 0.022232099344981618), ('Brenda Kirk', 0.01820800407831239)]"
1972-05-01,500,1632,0.006541082164328658,18,275,253,1532,1106,0.06639767494573225,0.0019999999999999996,Billie Jean King,0.06639767494573225,1.2848259901591246,"[('Billie Jean King', 0.06639767494573225), ('Margaret Court', 0.051678340455666646), ('Chris Evert', 0.05110765253882224), ('Evonne Goolagong', 0.05091811968304817), ('Kerry Reid', 0.037582486484285575), ('Francoise Durr', 0.032467019717460854), ('Virginia Wade', 0.03239376102834055), ('Nancy Richey', 0.02757111378545015), ('Rosie Casals', 0.020850585345840465), ('Lesley Hunt', 0.01772976430942908)]"
1972-09-01,324,588,0.005618621717692925,17,145,321,535,1579,0.10638364747279364,0.003086419753086419,Margaret Court,0.10638364747279364,1.6634585695382331,"[('Margaret Court', 0.10638364747279364), ('Billie Jean King', 0.06395328950231995), ('Virginia Wade', 0.052100058953869356), ('Jeanne Evert', 0.02646226129646919), ('Chris Evert', 0.025226206587433773), ('Francoise Durr', 0.02479324711710102), ('Kerry Reid', 0.022510820228383268), ('Evonne Goolagong', 0.01955150734544698), ('Rosie Casals', 0.01749518292911754), ('Julie Heldman', 0.01669194870209033)]"
1973-01-01,375,1114,0.007942959001782532,19,189,138,1056,530,0.05343619077682941,0.002666666666666666,Virginia Wade,0.05343619077682941,1.0704105717425494,"[('Virginia Wade', 0.05343619077682941), ('Margaret Court', 0.04992120984926301), ('Chris Evert', 0.04122229620415514), ('Evonne Goolagong', 0.034458570650127515), ('Marina Chuvirina', 0.03299179741343995), ('Billie Jean King', 0.030445001792562387), ('Laura Rossouw', 0.024620562765732955), ('Kerry Reid', 0.021974980288923356), ('Galina Baksheeva', 0.02137861687365801), ('Ingrid Bentzer', 0.021255781154912036)]"
1973-05-01,502,1673,0.006652034576265795,18,259,132,1555,996,0.06415565652538087,0.00199203187250996,Margaret Court,0.06415565652538087,1.242186725943323,"[('Margaret Court', 0.06415565652538087), ('Evonne Goolagong', 0.051647353159937154), ('Chris Evert', 0.04568693540236998), ('Billie Jean King', 0.04149298963770377), ('Julie Heldman', 0.03031137438231183), ('Rosie Casals', 0.02810048965603082), ('Kristien Shaw', 0.026493368593941333), ('Virginia Wade', 0.024901547360813327), ('Helga Masthoff', 0.022625665087240565), ('Nancy Richey', 0.01939027751665235)]"
1973-09-01,326,657,0.006201038225578103,23,141,317,581,1597,0.10050417459119927,0.003067484662576687,Chris Evert,0.10050417459119927,1.1712182485017781,"[('Chris Evert', 0.10050417459119927), ('Evonne Goolagong', 0.08581165356650151), ('Margaret Court', 0.05408254382364516), ('Julie Heldman', 0.050611341707828994), ('Nancy Richey', 0.03535284813034005), ('Rosie Casals', 0.03221278492096518), ('Kerry Harris', 0.027531439593680214), ('Eugenia Birioukova', 0.026250250982985144), ('Virginia Wade', 0.02553643991106878), ('Francoise Durr', 0.02407865913288787)]"
1974-01-01,361,1234,0.009495229301323484,19,196,161,1186,609,0.1015392351316293,0.002770083102493075,Billie Jean King,0.1015392351316293,1.1384252053510788,"[('Billie Jean King', 0.1015392351316293), ('Chris Evert', 0.08919271521251641), ('Rosie Casals', 0.06151369736659535), ('Olga Morozova', 0.0529772075521726), ('Virginia Wade', 0.04302639096555818), ('Kerry Reid', 0.02942576399239574), ('Evonne Goolagong', 0.025260166613110684), ('Francoise Durr', 0.021698140328934443), ('Sharon Walsh Pete', 0.014870060253881181), ('Nancy Richey', 0.014865336812442861)]"
1974-05-01,414,1187,0.006942251231123744,14,198,145,1143,1190,0.08029488193319373,0.0024154589371980675,Evonne Goolagong,0.08029488193319373,1.250492000888754,"[('Evonne Goolagong', 0.08029488193319373), ('Chris Evert', 0.06421063219606865), ('Olga Morozova', 0.050753444096506097), ('Billie Jean King', 0.04385483691420842), ('Kerry Reid', 0.040503285347968064), ('Julie Heldman', 0.026806402680967383), ('Martina Navratilova', 0.02526492888914536), ('Jeanne Evert', 0.024140462705815432), ('Virginia Wade', 0.024009052864551662), ('Kate Latham', 0.021724908058491355)]"
1974-09-01,295,641,0.007390752911334025,16,140,259,610,1156,0.1275322250549313,0.0033898305084745753,Evonne Goolagong,0.1275322250549313,1.4273466160923174,"[('Evonne Goolagong', 0.1275322250549313), ('Chris Evert', 0.08934916271709774), ('Olga Morozova', 0.04648070385267805), ('Virginia Wade', 0.042403825921791295), ('Julie Heldman', 0.037815502426290885), ('Margaret Court', 0.030170275409936033), ('Martina Navratilova', 0.022863106928960965), ('Wendy Overton', 0.02111570207472217), ('Sue Barker', 0.020241596965843402), ('Dianne Fromholtz', 0.01830159696099919)]"
1975-01-01,316,949,0.009533855736387382,11,163,142,894,586,0.09827114639603303,0.0031645569620253164,Chris Evert,0.09827114639603303,1.2938576014579246,"[('Chris Evert', 0.09827114639603303), ('Martina Navratilova', 0.07595205707745632), ('Virginia Wade', 0.0599826882689545), ('Evonne Goolagong', 0.058457291078234525), ('Gail Sherriff', 0.03768062159680882), ('Helga Masthoff', 0.03491737830438359), ('Billie Jean King', 0.031812735278156645), ('Linda Mottram', 0.0283008577190923), ('Margaret Court', 0.024055633369674367), ('Chris Oneil', 0.020407697976235796)]"
1975-05-01,416,1372,0.007947173308619092,17,196,96,1300,877,0.06240550136788002,0.0024038461538461544,Chris Evert,0.06240550136788002,1.1320271450923838,"[('Chris Evert', 0.06240550136788002), ('Virginia Wade', 0.0551272128397479), ('Billie Jean King', 0.042531464299777444), ('Evonne Goolagong', 0.040382450130401794), ('Helena Anliot', 0.0320548926008649), ('Martina Navratilova', 0.02774715737014154), ('Dianne Fromholtz', 0.024521170912853614), ('Pam Teeguarden', 0.02216194526085522), ('Margaret Court', 0.01656802379289705), ('Sue Barker', 0.015836978280577917)]"
1975-09-01,243,563,0.009573853008196442,14,69,242,531,1340,0.057061919109155965,0.004115226337448561,Chris Evert,0.057061919109155965,1.15471189185901,"[('Chris Evert', 0.057061919109155965), ('Martina Navratilova', 0.04941658565349148), ('Virginia Wade', 0.03701982739844088), ('Evonne Goolagong', 0.03624153968731599), ('Carrie Meyer', 0.03346881771216353), ('Sue Barker', 0.02681095807047779), ('Nancy Richey', 0.02452005596653368), ('Francoise Durr', 0.02255068969478735), ('Cynthia Doerner', 0.018979251789824816), ('Heidi Eisterlehner', 0.018013090203694748)]"
1976-01-01,250,888,0.014265060240963856,9,116,109,844,519,0.13034430998205612,0.003999999999999999,Chris Evert,0.13034430998205612,1.2638214007541915,"[('Chris Evert', 0.13034430998205612), ('Evonne Goolagong', 0.103135071066428), ('Martina Navratilova', 0.04040734048655387), ('Dianne Fromholtz', 0.03755351341358179), ('Rosie Casals', 0.0256769367108107), ('Virginia Wade', 0.020536330997372957), ('Sue Barker', 0.018342919455040647), ('Michelle Tyler', 0.017556771492383404), ('Marita Redondo', 0.01744675394327186), ('Linda Mottram', 0.01425635608760187)]"
1976-05-01,299,811,0.009101928127314763,16,136,87,772,849,0.03297921310431918,0.0033444816053511705,Chris Evert,0.03297921310431918,1.0688343403956697,"[('Chris Evert', 0.03297921310431918), ('Sue Barker', 0.030855308309153565), ('Evonne Goolagong', 0.030543346822971853), ('Virginia Wade', 0.025870028706050197), ('Helga Masthoff', 0.025601620802011487), ('Mima Jausovec', 0.024992488062485958), ('Jeanne Evert', 0.024796035145888625), ('Billie Jean King', 0.022693903736570403), ('Virginia Ruzici', 0.020021122467669045), ('Olga Morozova', 0.01752171134679513)]"
1976-09-01,233,591,0.010933106408169305,9,80,146,550,770,0.11395650237282669,0.004291845493562231,Virginia Wade,0.11395650237282669,1.4219428509201868,"[('Virginia Wade', 0.11395650237282669), ('Betty Stove', 0.08014140814385165), ('Chris Evert', 0.07369655467551715), ('Martina Navratilova', 0.03430011646971107), ('Dianne Fromholtz', 0.03197065547442115), ('Evonne Goolagong', 0.029523141985628668), ('Sue Barker', 0.02568421516861591), ('Margaret Court', 0.022391708128022103), ('Valerie Ziegenfuss', 0.02138223854238137), ('Mima Jausovec', 0.019679671335747224)]"
1977-01-01,260,927,0.013765963765963765,8,112,85,873,537,0.1106004729162276,0.003846153846153847,Chris Evert,0.1106004729162276,1.1084079924168295,"[('Chris Evert', 0.1106004729162276), ('Martina Navratilova', 0.09978317882305113), ('Virginia Wade', 0.06510960594393758), ('Sue Barker', 0.05860532981205018), ('Rosie Casals', 0.03502663421749406), ('Kerry Reid', 0.017877690071657806), ('Margaret Court', 0.015726242110190695), ('Kathy May', 0.015011010016073495), ('Regina Marsikova', 0.014492418315810088), ('Mima Jausovec', 0.011165012422935734)]"
1977-05-01,406,1150,0.006993857568570213,12,221,75,1109,886,0.07265245845322446,0.0024630541871921183,Virginia Wade,0.07265245845322446,1.0949343291467464,"[('Virginia Wade', 0.07265245845322446), ('Chris Evert', 0.06635325655543252), ('Wendy Turnbull', 0.044869120663817215), ('Kerry Reid', 0.037473971391385585), ('Mima Jausovec', 0.03323040187504309), ('Betty Stove', 0.023738304888735386), ('Martina Navratilova', 0.022249301532516814), ('Billie Jean King', 0.02077992130986118), ('Regina Marsikova', 0.02002426015361565), ('Sue Barker', 0.018417202221198848)]"
1977-09-01,193,511,0.013789939550949913,11,55,268,474,1113,0.1158341346052668,0.0051813471502590676,Dianne Fromholtz,0.1158341346052668,1.2987545938437484,"[('Dianne Fromholtz', 0.1158341346052668), ('Chris Evert', 0.08918862358934815), ('Billie Jean King', 0.08787904855710042), ('Virginia Wade', 0.08623621192611536), ('Evonne Goolagong', 0.04491843938630937), ('Martina Navratilova', 0.03641471328703274), ('Michelle Tyler', 0.02868438965554288), ('Wendy Turnbull', 0.026470945999521003), ('Kerry Reid', 0.020577979249794758), ('Virginia Ruzici', 0.016873449398890357)]"
1978-01-01,285,992,0.012255992092908327,8,178,86,936,455,0.07664275796944844,0.0035087719298245615,Martina Navratilova,0.07664275796944844,1.1263681470866802,"[('Martina Navratilova', 0.07664275796944844), ('Evonne Goolagong', 0.06804414539569749), ('Billie Jean King', 0.048862350657446756), ('Virginia Wade', 0.03054628920842863), ('Tracy Austin', 0.028097813123689454), ('Chris Evert', 0.024398354687451655), ('Marita Redondo', 0.022732375096597337), ('Rosie Casals', 0.022302410545929716), ('Wendy Turnbull', 0.02216846175907355), ('Dianne Fromholtz', 0.019900918442101647)]"
1978-05-01,425,1183,0.006564927857935627,15,216,76,1129,938,0.06739952487488393,0.002352941176470588,Martina Navratilova,0.06739952487488393,1.064817782711814,"[('Martina Navratilova', 0.06739952487488393), ('Pam Shriver', 0.0632967686764536), ('Chris Evert', 0.039405416078156105), ('Virginia Ruzici', 0.028171732837713532), ('Regina Marsikova', 0.021242940472181525), ('Mima Jausovec', 0.01988786963560137), ('Evonne Goolagong', 0.0182419207314644), ('Billie Jean King', 0.01594311249127212), ('Tracy Austin', 0.015081257932057671), ('Lea Antonoplis', 0.013949200468143566)]"
1978-09-01,269,712,0.009876269211563003,11,87,243,674,1145,0.1006365734835336,0.003717472118959107,Betty Stove,0.1006365734835336,1.2266673011978686,"[('Betty Stove', 0.1006365734835336), ('Chris Evert', 0.08204064246699956), ('Virginia Wade', 0.06395007361303384), ('Martina Navratilova', 0.050361351945079964), ('Virginia Ruzici', 0.044816489559050335), ('Kerry Reid', 0.04024422568686967), ('Tracy Austin', 0.03218233351377602), ('Wendy Turnbull', 0.02941341647400919), ('Regina Marsikova', 0.02032979460891425), ('Dianne Fromholtz', 0.01723443711260577)]"
1979-01-01,267,1035,0.014572949227000084,8,112,114,986,663,0.0796385607698521,0.0037453183520599247,Martina Navratilova,0.0796385607698521,1.3316166281335322,"[('Martina Navratilova', 0.0796385607698521), ('Tracy Austin', 0.0598059224309011), ('Chris Evert', 0.05650339012299199), ('Dianne Fromholtz', 0.049965869203250565), ('Sue Barker', 0.04264233353765783), ('Wendy Turnbull', 0.03491595341930469), ('Virginia Wade', 0.030088980823468753), ('Kerry Reid', 0.02892459828298584), ('Greer Stevens', 0.025813622399661573), ('Kathy Jordan', 0.015491384128817887)]"
1979-05-01,363,1341,0.01020501346970458,11,172,76,1263,957,0.11757049858263796,0.0027548209366391185,Martina Navratilova,0.11757049858263796,1.0198251714309805,"[('Martina Navratilova', 0.11757049858263796), ('Tracy Austin', 0.11528495459439134), ('Chris Evert', 0.07970972313682699), ('Billie Jean King', 0.03259552445222993), ('Evonne Goolagong', 0.01913022615959593), ('Regina Marsikova', 0.011803559338567323), ('Sylvia Hanika', 0.011025384155269696), ('Virginia Ruzici', 0.010723794506993938), ('Wendy Turnbull', 0.010165932806883835), ('Virginia Wade', 0.01015689333010391)]"
1979-09-01,242,607,0.010407736360207125,13,79,200,540,1274,0.06899256177329639,0.004132231404958678,Tracy Austin,0.06899256177329639,1.121284936338011,"[('Tracy Austin', 0.06899256177329639), ('Evonne Goolagong', 0.06152991049591573), ('Martina Navratilova', 0.05720775178974187), ('Billie Jean King', 0.045586898999599425), ('Wendy Turnbull', 0.04445181362378933), ('Dianne Fromholtz', 0.030678044754058355), ('Chris Evert', 0.02947804333796951), ('Hana Mandlikova', 0.029167436141784287), ('Mimi Wikstedt', 0.0201161347425745), ('Virginia Ruzici', 0.018089900477229807)]"
1980-01-01,574,1863,0.005664301220424321,16,395,63,1803,547,0.08553181150680025,0.001742160278745645,Martina Navratilova,0.08553181150680025,1.0689476843133043,"[('Martina Navratilova', 0.08553181150680025), ('Tracy Austin', 0.08001496496224339), ('Billie Jean King', 0.03755421394958997), ('Greer Stevens', 0.026695666166343796), ('Evonne Goolagong', 0.01113315482549633), ('Virginia Wade', 0.010401723599542511), ('Andrea Jaeger', 0.009499973602304005), ('Wendy Turnbull', 0.00940886173543099), ('Isabelle Villiger', 0.00897584020670045), ('Chris Evert', 0.008647880796108887)]"
1980-05-01,738,2532,0.0046552161586744766,21,400,236,2438,1769,0.07794998283875305,0.0013550135501355011,Evonne Goolagong,0.07794998283875305,1.0267521735495486,"[('Evonne Goolagong', 0.07794998283875305), ('Chris Evert', 0.07591898497694427), ('Andrea Jaeger', 0.03716710070865411), ('Kathy Jordan', 0.025889397042546947), ('Hana Mandlikova', 0.02575246632805175), ('Martina Navratilova', 0.021296143963152183), ('Virginia Ruzici', 0.021254516391654328), ('Tracy Austin', 0.02027340621213438), ('Renee Richards', 0.011640368482398937), ('Pam Shriver', 0.01142432728073455)]"
1980-09-01,458,1394,0.006660105300373615,13,195,475,1297,2435,0.0535947590202386,0.002183406113537118,Hana Mandlikova,0.0535947590202386,1.368795186296207,"[('Hana Mandlikova', 0.0535947590202386), ('Martina Navratilova', 0.03915469571839998), ('Andrea Jaeger', 0.03851496233865441), ('Wendy Turnbull', 0.03651107104759716), ('Chris Evert', 0.03380444916021605), ('Tracy Austin', 0.033172895466245446), ('Regina Marsikova', 0.023779180478948513), ('Sue Barker', 0.02146426804268277), ('Sylvia Hanika', 0.019029273951550543), ('Sherry Acker', 0.018810657831746475)]"
1981-01-01,449,1601,0.007959155265669742,15,218,227,1530,1323,0.047107971068212295,0.0022271714922048997,Martina Navratilova,0.047107971068212295,1.0414660811253962,"[('Martina Navratilova', 0.047107971068212295), ('Andrea Jaeger', 0.04523236226503696), ('Hana Mandlikova', 0.031722639282861204), ('Chris Evert', 0.023534232035309403), ('Sylvia Hanika', 0.02117640764111006), ('Wendy Turnbull', 0.018259834660038124), ('Virginia Ruzici', 0.01727812460271254), ('Claudia Kohde Kilsch', 0.01517059078692014), ('Mima Jausovec', 0.014236925875290808), ('Pam Shriver', 0.014028558219410939)]"
1981-05-01,584,1994,0.00585657557743368,15,291,156,1906,1513,0.04904205756454167,0.0017123287671232874,Tracy Austin,0.04904205756454167,1.24606526668477,"[('Tracy Austin', 0.04904205756454167), ('Chris Evert', 0.03935753517552171), ('Hana Mandlikova', 0.03264492422986832), ('Andrea Jaeger', 0.02976675412051675), ('Pam Shriver', 0.02322356952881561), ('Sylvia Hanika', 0.022861727329687376), ('Sandy Collins', 0.01921199362771587), ('Regina Marsikova', 0.016508549841648915), ('Virginia Ruzici', 0.014623528187628266), ('Mima Jausovec', 0.012354923431890305)]"
1981-09-01,398,1144,0.0072402313836183434,17,137,323,1065,1915,0.11038501222042632,0.0025125628140703514,Martina Navratilova,0.11038501222042632,1.2423726230711944,"[('Martina Navratilova', 0.11038501222042632), ('Tracy Austin', 0.08885016473362894), ('Chris Evert', 0.06475634206905498), ('Pam Shriver', 0.030044946090434184), ('Sue Barker', 0.026354797792207937), ('Virginia Ruzici', 0.02453471680521421), ('Bettina Bunge', 0.017343036752938357), ('Wendy Turnbull', 0.017265468356494503), ('Andrea Jaeger', 0.01723674021334883), ('Anne Smith', 0.01672741444883338)]"
1982-01-01,370,1393,0.01020288581264191,9,172,200,1318,1069,0.055321501369905365,0.002702702702702703,Sylvia Hanika,0.055321501369905365,1.1464935272504477,"[('Sylvia Hanika', 0.055321501369905365), ('Martina Navratilova', 0.04825278124559404), ('Andrea Jaeger', 0.03958069043218005), ('Wendy Turnbull', 0.026655855824014515), ('Chris Evert', 0.02000285524812), ('Mima Jausovec', 0.01834602810451093), ('Anne Smith', 0.015077160796938958), ('Kate Brasher', 0.014786269753775214), ('Catherine Tanvier', 0.01390487848320127), ('Barbara Potter', 0.01361329838023478)]"
1982-05-01,488,1977,0.008318746423401892,11,222,104,1887,1303,0.059902432020998646,0.0020491803278688526,Martina Navratilova,0.059902432020998646,1.0822555157816185,"[('Martina Navratilova', 0.059902432020998646), ('Andrea Jaeger', 0.055349620443132005), ('Chris Evert', 0.040668899229133616), ('Hana Mandlikova', 0.0345196850213687), ('Pam Shriver', 0.03358152456217602), ('Bettina Bunge', 0.026664790013904306), ('Tracy Austin', 0.017532135984794653), ('Virginia Ruzici', 0.013908224157692165), ('Kathy Jordan', 0.013492532034284433), ('Bonnie Gadusek', 0.01211686534896136)]"
1982-09-01,289,917,0.011017397154940408,7,61,260,854,1914,0.1603171031256022,0.003460207612456749,Chris Evert,0.1603171031256022,1.0197531156847919,"[('Chris Evert', 0.1603171031256022), ('Martina Navratilova', 0.15721168257274207), ('Pam Shriver', 0.02047204723795927), ('Andrea Jaeger', 0.01844619174021761), ('Wendy Turnbull', 0.01682930741434106), ('Tracy Austin', 0.016050902982661396), ('Barbara Potter', 0.012966796292815098), ('Laura Arraya', 0.010851504127049466), ('Evonne Goolagong', 0.00811805505992234), ('Catrin Jexell', 0.007434957719667523)]"
1983-01-01,297,1328,0.015106015106015107,11,106,98,1270,859,0.052638634948266066,0.003367003367003366,Martina Navratilova,0.052638634948266066,2.3299682440374907,"[('Martina Navratilova', 0.052638634948266066), ('Chris Evert', 0.022591996729127557), ('Sylvia Hanika', 0.021801745784559276), ('Sandra Cecchini', 0.017951602098368893), ('Andrea Jaeger', 0.01690521030086693), ('Isabel Cueto', 0.01591709035689661), ('Karin Stampfli', 0.01525278619669606), ('Bettina Bunge', 0.014580442533481048), ('Patricia Hy Boulais', 0.014165422588437834), ('Sabrina Goles', 0.013934119256806276)]"
1983-05-01,469,2131,0.009708782096841798,7,215,43,2039,1236,0.05092611774592453,0.0021321961620469083,Kathy Horvath,0.05092611774592453,1.1044655057551827,"[('Kathy Horvath', 0.05092611774592453), ('Martina Navratilova', 0.04610928768762551), ('Chris Evert', 0.037383877889266365), ('Hana Mandlikova', 0.022030812261812686), ('Andrea Temesvari', 0.018346156693708822), ('Jo Durie', 0.017895382909230144), ('Andrea Jaeger', 0.016175546504550338), ('Pam Shriver', 0.015770740544502285), ('Mima Jausovec', 0.015263834618266577), ('Kathy Jordan', 0.012286011977530206)]"
1983-09-01,393,1211,0.007860777898945837,9,96,172,1147,2067,0.04871363019244385,0.002544529262086514,Martina Navratilova,0.04871363019244385,1.9877850734316687,"[('Martina Navratilova', 0.04871363019244385), ('Kathy Jordan', 0.024506487569275138), ('Pam Shriver', 0.022892371090237208), ('Jo Durie', 0.021193064469635228), ('Zina Garrison', 0.019461949396365266), ('Kim Jones', 0.01614329674069916), ('Tine Scheuer Larsen', 0.015924250160300232), ('Chris Evert', 0.014793335511336964), ('Stina Almgren', 0.014781764500951984), ('Virginia Ruzici', 0.013991080459339621)]"
1984-01-01,296,1259,0.014418231791113147,5,69,166,1213,1165,0.09768734588356259,0.0033783783783783786,Hana Mandlikova,0.09768734588356259,1.4328425744443851,"[('Hana Mandlikova', 0.09768734588356259), ('Martina Navratilova', 0.06817730546668249), ('Pam Shriver', 0.03084851284296775), ('Laura Arraya', 0.029632091238693863), ('Pam Casale', 0.026995100478637003), ('Chris Evert', 0.024845734125248393), ('Manuela Maleeva Fragniere', 0.01871771171000117), ('Zina Garrison', 0.014215997832044365), ('Bonnie Gadusek', 0.014037999403316874), ('Barbara Potter', 0.013177671861521165)]"
1984-05-01,453,1943,0.009489343413624021,11,194,37,1868,1184,0.046453132976050596,0.002207505518763797,Martina Navratilova,0.046453132976050596,1.5310461862395695,"[('Martina Navratilova', 0.046453132976050596), ('Chris Evert', 0.030340778347219547), ('Manuela Maleeva Fragniere', 0.022857917173328263), ('Helena Sukova', 0.015641808794666454), ('Pam Shriver', 0.014247182180888043), ('Kathy Jordan', 0.014224998792079674), ('Hana Mandlikova', 0.01218388982789395), ('Claudia Kohde Kilsch', 0.011057954740355995), ('Carling Bassett Seguso', 0.01029143920874487), ('Kate Gompert', 0.00990400825356074)]"
1984-09-01,429,1497,0.008153061891379649,6,122,146,1443,1889,0.03963322464035107,0.0023310023310023306,Helena Sukova,0.03963322464035107,1.5154182837802463,"[('Helena Sukova', 0.03963322464035107), ('Martina Navratilova', 0.026153323517705666), ('Manuela Maleeva Fragniere', 0.0240937874560621), ('Claudia Kohde Kilsch', 0.02149752837123645), ('Bettina Bunge', 0.020833910058326563), ('Zina Garrison', 0.01905432061223291), ('Chris Evert', 0.018789369661276725), ('Wendy Turnbull', 0.013972295130409745), ('Yvonne Vermaak', 0.013492079729805493), ('Terry Phelps', 0.012432313879787433)]"
1985-01-01,418,1776,0.010188978004199512,6,113,124,1728,1449,0.05955855734341757,0.0023923444976076554,Chris Evert,0.05955855734341757,1.0625018815407645,"[('Chris Evert', 0.05955855734341757), ('Martina Navratilova', 0.05605501352811724), ('Hana Mandlikova', 0.04773081208548282), ('Zina Garrison', 0.02499496864866386), ('Belinda Cordwell', 0.01716353356914486), ('Kathy Rinaldi Stunkel', 0.017069210265246017), ('Catarina Lindqvist Ryan', 0.01659485308323133), ('Kathy Jordan', 0.01608899719221309), ('Gabriela Sabatini', 0.0149632372818207), ('Louise Field', 0.01347162683044682)]"
1985-05-01,473,2154,0.009648116959902534,8,137,82,2051,1673,0.05909950442251956,0.002114164904862579,Chris Evert,0.05909950442251956,1.1612145841000585,"[('Chris Evert', 0.05909950442251956), ('Martina Navratilova', 0.05089455922422959), ('Hana Mandlikova', 0.04861960233393081), ('Claudia Kohde Kilsch', 0.0410821382230436), ('Pam Shriver', 0.012896087118890943), ('Federica Bonsignori', 0.012276794628349545), ('Steffi Graf', 0.012066828449774743), ('Bettina Bunge', 0.011787556826850926), ('Kathy Rinaldi Stunkel', 0.011410237720298613), ('Sylvia Hanika', 0.011275552840934809)]"
1985-09-01,538,1684,0.00582888551985767,13,184,119,1609,2079,0.045689961090070515,0.0018587360594795536,Martina Navratilova,0.045689961090070515,2.064587344998429,"[('Martina Navratilova', 0.045689961090070515), ('Chris Evert', 0.02213031151273732), ('Hana Mandlikova', 0.015791531313514132), ('Stephanie Rehe', 0.015400886177209652), ('Manuela Maleeva Fragniere', 0.015352880946831036), ('Pam Shriver', 0.015246475773760659), ('Helena Sukova', 0.015154414956236543), ('Steffi Graf', 0.012699335269710581), ('Claudia Kohde Kilsch', 0.012433748247840583), ('Zina Garrison', 0.0124057034088617)]"
1986-01-01,396,1461,0.00934023782125048,8,77,219,1413,1636,0.05399204701319148,0.0025252525252525255,Chris Evert,0.05399204701319148,1.0486229962247857,"[('Chris Evert', 0.05399204701319148), ('Kathy Jordan', 0.051488520857898096), ('Martina Navratilova', 0.05069762749342979), ('Steffi Graf', 0.03796099814220288), ('Hana Mandlikova', 0.029208602882925802), ('Claudia Porwik', 0.015331380707454394), ('Manuela Maleeva Fragniere', 0.015178895998515525), ('Helena Sukova', 0.015063577552886414), ('Gisele Miro', 0.012843088745888354), ('Nicole Jagerman', 0.012352663757397353)]"
1986-05-01,641,2431,0.005925799531981279,8,304,59,2348,1378,0.06546814330217429,0.0015600624024961,Martina Navratilova,0.06546814330217429,1.2615088082668304,"[('Martina Navratilova', 0.06546814330217429), ('Chris Evert', 0.051896699312088096), ('Steffi Graf', 0.04067804061686526), ('Hana Mandlikova', 0.03492022875838202), ('Helena Sukova', 0.026113229398124993), ('Sandra Cecchini', 0.015115605623943176), ('Pam Shriver', 0.009544366354617898), ('Bettina Bunge', 0.00798498206674774), ('Susan Leo', 0.00798161847613257), ('Robin White', 0.007852958148214384)]"
1986-09-01,646,1851,0.004442364461084311,14,254,249,1783,2363,0.04811741628097471,0.001547987616099071,Martina Navratilova,0.04811741628097471,2.616238026882588,"[('Martina Navratilova', 0.04811741628097471), ('Hana Mandlikova', 0.018391834300455313), ('Pam Shriver', 0.016587612981807397), ('Steffi Graf', 0.014344316011130145), ('Helena Sukova', 0.013258817368670479), ('Lori Mcneil', 0.012669967558674531), ('Bettina Bunge', 0.01104180934513341), ('Silvia La Fratta', 0.010737464632822104), ('Zina Garrison', 0.009850951611390822), ('Raffaella Reggi Concato', 0.008544601724257863)]"
1987-01-01,608,2282,0.006183343449232637,8,188,226,2205,1774,0.027415104862738435,0.001644736842105263,Steffi Graf,0.027415104862738435,1.1077772486542032,"[('Steffi Graf', 0.027415104862738435), ('Hana Mandlikova', 0.024747849710800626), ('Chris Evert', 0.023000309500260965), ('Zina Garrison', 0.019990223468801947), ('Lori Mcneil', 0.015369523214873108), ('Manuela Maleeva Fragniere', 0.015061161481309142), ('Helena Sukova', 0.012124574716289823), ('Martina Navratilova', 0.011868904985441374), ('Kate Gompert', 0.010654380569753291), ('Radomira Zrubakova', 0.00962303171365949)]"
1987-05-01,756,2609,0.004570938014646624,9,318,170,2522,2195,0.07055664292281384,0.0013227513227513227,Martina Navratilova,0.07055664292281384,1.2601299598918485,"[('Martina Navratilova', 0.07055664292281384), ('Steffi Graf', 0.05599156052830409), ('Chris Evert', 0.02746031818617164), ('Helena Sukova', 0.02444451153041858), ('Pam Shriver', 0.02397089793040485), ('Gabriela Sabatini', 0.022703537206431014), ('Laura Lapi', 0.010940445217406624), ('Zina Garrison', 0.009390275734203738), ('Manuela Maleeva Fragniere', 0.008270574676307612), ('Raffaella Reggi Concato', 0.007986983018946864)]"
1987-09-01,500,1257,0.005038076152304609,14,147,403,1198,2550,0.12792117972909067,0.002,Gabriela Sabatini,0.12792117972909067,1.07232937403267,"[('Gabriela Sabatini', 0.12792117972909067), ('Martina Navratilova', 0.1192928057617429), ('Steffi Graf', 0.0503665328320213), ('Chris Evert', 0.0453668679894129), ('Pam Shriver', 0.023391509797694377), ('Lori Mcneil', 0.015300792472674065), ('Sylvia Hanika', 0.014347190218004941), ('Helena Sukova', 0.012101129040946986), ('Manuela Maleeva Fragniere', 0.01091076822128468), ('Emiko Okagawa', 0.009879314783483936)]"
1988-01-01,633,2270,0.00567420561121443,9,281,148,2227,1214,0.06608647089794513,0.0015797788309636648,Gabriela Sabatini,0.06608647089794513,1.1706797572106724,"[('Gabriela Sabatini', 0.06608647089794513), ('Chris Evert', 0.056451365534334066), ('Martina Navratilova', 0.05092754562304914), ('Steffi Graf', 0.04695356491564055), ('Pam Shriver', 0.02479212696580492), ('Larisa Savchenko', 0.017159742447364408), ('Mary Joe Fernandez', 0.01577827188693355), ('Helena Sukova', 0.010982858040197455), ('Anne Minter', 0.009291329182795497), ('Silvia La Fratta', 0.009269266313527778)]"
1988-05-01,834,3266,0.004701161039955551,8,354,153,3172,2176,0.027351267753534306,0.0011990407673860908,Steffi Graf,0.027351267753534306,1.535612620602175,"[('Steffi Graf', 0.027351267753534306), ('Gabriela Sabatini', 0.017811306957615902), ('Natalia Zvereva', 0.012811839643830801), ('Zina Garrison', 0.012085318148465654), ('Chris Evert', 0.012032199409071864), ('Judith Wiesner', 0.0102220907839119), ('Martina Navratilova', 0.009961902324801274), ('Helena Sukova', 0.009467921316783914), ('Isabel Cueto', 0.008913691787856686), ('Sandra Cecchini', 0.008744341339563396)]"
1988-09-01,865,2366,0.0031658103189895095,9,343,312,2310,3210,0.03980375982623263,0.0011560693641618498,Helena Sukova,0.03980375982623263,1.1762655365453658,"[('Helena Sukova', 0.03980375982623263), ('Martina Navratilova', 0.033839093801161874), ('Pam Shriver', 0.028641408386429295), ('Gabriela Sabatini', 0.02175912013593648), ('Manuela Maleeva Fragniere', 0.019562736155950573), ('Steffi Graf', 0.017885144708970412), ('Jana Pospisilova', 0.016284940958819785), ('Chris Evert', 0.014425342729232344), ('Jana Novotna', 0.011765905983796019), ('Zina Garrison', 0.009204906433668239)]"
1989-01-01,728,2447,0.004623471439152319,14,199,336,2403,2322,0.05843165358719384,0.0013736263736263737,Gabriela Sabatini,0.05843165358719384,1.5107495433816707,"[('Gabriela Sabatini', 0.05843165358719384), ('Steffi Graf', 0.038677260465292004), ('Martina Navratilova', 0.019264272622962837), ('Helena Sukova', 0.01905868628411491), ('Mary Joe Fernandez', 0.01804682521726496), ('Conchita Martinez', 0.01610872348471704), ('Terry Phelps', 0.01608437655360876), ('Belinda Cordwell', 0.014587547555189812), ('Zina Garrison', 0.01419001627130909), ('Catherine Tanvier', 0.014016592674638399)]"
1989-05-01,972,3655,0.0038725932706937397,13,404,160,3564,2356,0.05358309432136593,0.00102880658436214,Arantxa Sanchez Vicario,0.05358309432136593,1.1057996324790313,"[('Arantxa Sanchez Vicario', 0.05358309432136593), ('Steffi Graf', 0.048456422617215875), ('Gabriela Sabatini', 0.023914342714829073), ('Martina Navratilova', 0.02218451563212373), ('Jana Novotna', 0.012352873067858934), ('Betsy Nagelsen', 0.010185167867091194), ('Rosalyn Fairbank', 0.00782369490297611), ('Barbara Paulus', 0.007353612300323937), ('Zina Garrison', 0.007067101694659721), ('Mary Joe Fernandez', 0.006194588692134908)]"
1989-09-01,842,2370,0.003346880904702862,9,246,376,2299,3584,0.02576175723577498,0.0011876484560570072,Steffi Graf,0.02576175723577498,1.316238967775758,"[('Steffi Graf', 0.02576175723577498), ('Martina Navratilova', 0.019572249315265598), ('Zina Garrison', 0.015622794016275), ('Gabriela Sabatini', 0.01423040851641701), ('Larisa Savchenko', 0.013303519294635836), ('Monica Seles', 0.01169488830492205), ('Katerina Maleeva', 0.010445100234904588), ('Conchita Martinez', 0.009578415112300646), ('Mary Joe Fernandez', 0.009103549069542721), ('Jana Novotna', 0.008371573374776743)]"
1990-01-01,780,2784,0.004581811000296238,15,206,268,2728,2314,0.024298293911244377,0.0012820512820512818,Martina Navratilova,0.024298293911244377,1.1414260241036174,"[('Martina Navratilova', 0.024298293911244377), ('Katerina Maleeva', 0.021287664200863362), ('Arantxa Sanchez Vicario', 0.020428807363121453), ('Steffi Graf', 0.019102882590681523), ('Monica Seles', 0.012523685245803579), ('Natalia Zvereva', 0.011816640044213081), ('Jennifer Capriati', 0.011105151783016609), ('Gabriela Sabatini', 0.010334116136747718), ('Helena Sukova', 0.009866376317352432), ('Zina Garrison', 0.009638837781915351)]"
1990-05-01,1026,3757,0.0035724813388484764,24,407,161,3669,2696,0.03489215352252254,0.0009746588693957113,Monica Seles,0.03489215352252254,1.2947897435490643,"[('Monica Seles', 0.03489215352252254), ('Zina Garrison', 0.026948123196343772), ('Steffi Graf', 0.02542754227915516), ('Martina Navratilova', 0.020719046549937836), ('Gabriela Sabatini', 0.016078952851614235), ('Linda Ferrando', 0.016019850344671793), ('Jana Novotna', 0.012581707066507205), ('Manuela Maleeva Fragniere', 0.01166227772235375), ('Natalia Zvereva', 0.00943650223131756), ('Nathalie Tauziat', 0.00876791624146137)]"
1990-09-01,971,2713,0.002880439975792838,11,318,373,2663,3707,0.058982826291894726,0.0010298661174047371,Gabriela Sabatini,0.058982826291894726,1.3331426263980997,"[('Gabriela Sabatini', 0.058982826291894726), ('Steffi Graf', 0.04424344786818138), ('Monica Seles', 0.02687573533172258), ('Amy Frazier', 0.026152887709036628), ('Mary Joe Fernandez', 0.018731555464515347), ('Barbara Paulus', 0.01710178283199415), ('Marianne Werdel Witmeyer', 0.013846277239754647), ('Conchita Martinez', 0.013025052205425764), ('Dominique Monami', 0.012456904766822603), ('Helena Sukova', 0.012276305745006036)]"
1991-01-01,887,2940,0.003741019644170499,17,233,317,2879,2652,0.053407055523056766,0.0011273957158962795,Gabriela Sabatini,0.053407055523056766,1.1552863160038003,"[('Gabriela Sabatini', 0.053407055523056766), ('Monica Seles', 0.04622841522765953), ('Steffi Graf', 0.03899453249925087), ('Arantxa Sanchez Vicario', 0.03426200395381425), ('Jana Novotna', 0.02520166718304144), ('Martina Navratilova', 0.019933301938872338), ('Helen Kelesi', 0.011271967240617875), ('Leila Meskhi', 0.010200764036130088), ('Manuela Maleeva Fragniere', 0.009970418159207227), ('Natalia Zvereva', 0.009423536823199003)]"
1991-05-01,1193,4500,0.0031644323430300918,18,476,170,4405,2845,0.041813840205636756,0.0008382229673093043,Jennifer Capriati,0.041813840205636756,1.2166290818970706,"[('Jennifer Capriati', 0.041813840205636756), ('Gabriela Sabatini', 0.034368601595843075), ('Monica Seles', 0.03339776170422403), ('Arantxa Sanchez Vicario', 0.024499655257607885), ('Martina Navratilova', 0.020681672314338765), ('Conchita Martinez', 0.018280465170652002), ('Steffi Graf', 0.017641919050508457), ('Mary Joe Fernandez', 0.010665489342263341), ('Judith Wiesner', 0.008770709190858907), ('Anke Huber', 0.007612159849340774)]"
1991-09-01,1091,2977,0.0025033846567831886,18,377,479,2895,4418,0.05306122123202241,0.000916590284142988,Martina Navratilova,0.05306122123202241,1.2361005661548432,"[('Martina Navratilova', 0.05306122123202241), ('Monica Seles', 0.042926297976774455), ('Jana Novotna', 0.03625207751010824), ('Anke Huber', 0.019170331457775074), ('Steffi Graf', 0.018304738836864794), ('Paula Cabezas', 0.0098106882306574), ('Helena Sukova', 0.00914654621680058), ('Sabine Appelmans', 0.008841180959488115), ('Maria Luciana Reynares', 0.008638512074298403), ('Judith Wiesner', 0.008514007180352797)]"
1992-01-01,960,3377,0.003668100451859576,13,281,412,3307,2907,0.044375026439953974,0.0010416666666666667,Gabriela Sabatini,0.044375026439953974,1.1282841776289012,"[('Gabriela Sabatini', 0.044375026439953974), ('Arantxa Sanchez Vicario', 0.03932965410647561), ('Monica Seles', 0.026082016104137996), ('Jennifer Capriati', 0.024720962358702896), ('Steffi Graf', 0.02387533968698468), ('Mary Joe Fernandez', 0.016140554793608083), ('Conchita Martinez', 0.014119989609670126), ('Amanda Coetzer', 0.01286974633843568), ('Jana Novotna', 0.010674541546756124), ('Kimiko Date Krumm', 0.0087560346803808)]"
1992-05-01,1046,4092,0.0037435845828720942,6,322,236,3986,3271,0.0431186776003567,0.0009560229445506692,Monica Seles,0.0431186776003567,1.066802864223464,"[('Monica Seles', 0.0431186776003567), ('Steffi Graf', 0.040418599393003324), ('Arantxa Sanchez Vicario', 0.03294042490518232), ('Jennifer Capriati', 0.023233872483589674), ('Gabriela Sabatini', 0.02188187211201587), ('Martina Navratilova', 0.013588212809743892), ('Mary Joe Fernandez', 0.013431198625286963), ('Magdalena Maleeva', 0.008330706560374457), ('Patricia Hy Boulais', 0.007813030268463736), ('Amanda Coetzer', 0.007629695586164257)]"
1992-09-01,1063,2777,0.002459903658940603,12,341,324,2704,4019,0.02150754962123357,0.0009407337723424271,Steffi Graf,0.02150754962123357,1.0359836320778357,"[('Steffi Graf', 0.02150754962123357), ('Lori Mcneil', 0.020760511030561975), ('Monica Seles', 0.018905728564109495), ('Martina Navratilova', 0.015139736816015527), ('Paulina Sepulveda', 0.008318934448115302), ('Gabriela Sabatini', 0.00807963365974776), ('Elena Makarova', 0.006875198764821465), ('Sarah Pitkowski Malcor', 0.006811451190586791), ('Jana Novotna', 0.006785935903702802), ('Karin Lusnic', 0.0066294648877857935)]"
1993-01-01,931,3293,0.0038032870193917974,15,215,347,3220,2704,0.049276071174164104,0.0010741138560687433,Monica Seles,0.049276071174164104,1.102535241898712,"[('Monica Seles', 0.049276071174164104), ('Steffi Graf', 0.044693420492667585), ('Arantxa Sanchez Vicario', 0.0428671157730842), ('Martina Navratilova', 0.0357943588561241), ('Magdalena Maleeva', 0.02438573050253866), ('Anke Huber', 0.012906911783313824), ('Conchita Martinez', 0.010486998973026367), ('Gabriela Sabatini', 0.010114392878940844), ('Amanda Coetzer', 0.010022829663454457), ('Jennifer Capriati', 0.008683321460611893)]"
1993-05-01,1166,4506,0.003317162228814994,17,409,174,4389,3176,0.02625719519204531,0.0008576329331046312,Steffi Graf,0.02625719519204531,1.093056171110021,"[('Steffi Graf', 0.02625719519204531), ('Nicole Bradtke', 0.024021816889227738), ('Arantxa Sanchez Vicario', 0.015428464372989217), ('Conchita Martinez', 0.014191314330631493), ('Gabriela Sabatini', 0.013674202686792503), ('Anke Huber', 0.011661919830495967), ('Helena Sukova', 0.009933011784508469), ('Martina Navratilova', 0.009191272814281165), ('Mary Joe Fernandez', 0.009111867495728378), ('Li Ling Chen', 0.008400842951573527)]"
1993-09-01,1233,3397,0.0022362572545054295,13,393,326,3326,4435,0.03273726653939885,0.0008110300081102999,Conchita Martinez,0.03273726653939885,1.4697545109315393,"[('Conchita Martinez', 0.03273726653939885), ('Steffi Graf', 0.02227396908525205), ('Jana Novotna', 0.01622247243227671), ('Zina Garrison', 0.014076484744737588), ('Natalia Medvedeva', 0.01402537363201736), ('Anke Huber', 0.012439579409619277), ('Amanda Coetzer', 0.012028809904591565), ('Sabine Appelmans', 0.01130555444511555), ('Arantxa Sanchez Vicario', 0.011020213624021037), ('Mary Pierce', 0.010676486661434647)]"
1994-01-01,1042,3566,0.003287478266320772,16,238,429,3493,3324,0.05672097766654951,0.0009596928982725527,Arantxa Sanchez Vicario,0.05672097766654951,1.2086536851051286,"[('Arantxa Sanchez Vicario', 0.05672097766654951), ('Steffi Graf', 0.04692905698758195), ('Mary Pierce', 0.017331987479076088), ('Brenda Schultz Mccarthy', 0.017275485360288043), ('Conchita Martinez', 0.014218434541799921), ('Natalia Zvereva', 0.012120229407418562), ('Sabine Hack', 0.011830338825024093), ('Kimiko Date Krumm', 0.011629882950740985), ('Iva Majoli', 0.010958734570243897), ('Lindsay Davenport', 0.01048747029156565)]"
1994-05-01,1150,4420,0.0033450637605479247,10,341,233,4315,3461,0.02717509250002799,0.0008695652173913042,Arantxa Sanchez Vicario,0.02717509250002799,1.316551190494794,"[('Arantxa Sanchez Vicario', 0.02717509250002799), ('Conchita Martinez', 0.020641121056458798), ('Steffi Graf', 0.018880490728291024), ('Mary Pierce', 0.010565389916324322), ('Lori Mcneil', 0.00940554842951217), ('Zina Garrison', 0.00874539167708764), ('Ann Grossman', 0.00753135037179347), ('Jana Novotna', 0.0073781543758340675), ('Lindsay Davenport', 0.006946701846055664), ('Elena Makarova', 0.006839249033066408)]"
1994-09-01,1168,3055,0.0022412872251763682,10,344,326,2979,4344,0.023557879761036005,0.0008561643835616437,Lindsay Davenport,0.023557879761036005,1.3260820710966994,"[('Lindsay Davenport', 0.023557879761036005), ('Jana Novotna', 0.017765023956287346), ('Mary Pierce', 0.014549742744752969), ('Anke Huber', 0.014351003858224683), ('Arantxa Sanchez Vicario', 0.012622535974648888), ('Julie Halard Decugis', 0.011979788866717543), ('Brenda Schultz Mccarthy', 0.011053283031421212), ('Gabriela Sabatini', 0.010465606674218985), ('Li Ling Chen', 0.01017350586478007), ('Eun Ha Kim', 0.009969051363601867)]"
1995-01-01,1021,3286,0.003155307176739452,18,249,396,3224,2993,0.017276399365214395,0.000979431929480901,Steffi Graf,0.017276399365214395,1.044819584210014,"[('Steffi Graf', 0.017276399365214395), ('Conchita Martinez', 0.0165352943477577), ('Kimiko Date Krumm', 0.012038222944111701), ('Magdalena Maleeva', 0.011517193208988042), ('Naoko Sawamatsu', 0.010967315913613569), ('Gabriela Sabatini', 0.010913665915866023), ('Mary Pierce', 0.00980114157936715), ('Lindsay Davenport', 0.008936736719963007), ('Mary Joe Fernandez', 0.008823797808822094), ('Natalia Zvereva', 0.008791926797690796)]"
1995-05-01,1296,4643,0.0027664569331235997,17,485,210,4541,3184,0.0345983519053144,0.0007716049382716049,Steffi Graf,0.0345983519053144,1.064849775784831,"[('Steffi Graf', 0.0345983519053144), ('Amanda Coetzer', 0.03249129848368914), ('Arantxa Sanchez Vicario', 0.01963469305783806), ('Conchita Martinez', 0.01627460690667109), ('Monica Seles', 0.01275858292257368), ('Chanda Rubin', 0.00943918192645611), ('Gabriela Sabatini', 0.009400500359598534), ('Lindsay Davenport', 0.008750617863829878), ('Irina Spirlea', 0.0071798559934918085), ('Kimiko Date Krumm', 0.006980548749958727)]"
1995-09-01,1277,3411,0.0020933418106209942,13,377,396,3359,4591,0.019404832324883957,0.000783085356303837,Mariaan De Swardt,0.019404832324883957,1.1390721015387608,"[('Mariaan De Swardt', 0.019404832324883957), ('Magdalena Maleeva', 0.017035648839674126), ('Anke Huber', 0.01703203976503159), ('Conchita Martinez', 0.015467034425220327), ('Brenda Schultz Mccarthy', 0.014853590338861217), ('Steffi Graf', 0.014488557195266483), ('Mary Joe Fernandez', 0.013311576971157231), ('Mary Pierce', 0.013219653511802387), ('Iva Majoli', 0.01254000219474603), ('Gabriela Sabatini', 0.010225259763429743)]"
1996-01-01,1032,3287,0.0030893089421724974,13,247,492,3230,3354,0.01945916858120011,0.0009689922480620155,Iva Majoli,0.01945916858120011,1.0457324383629638,"[('Iva Majoli', 0.01945916858120011), ('Kimiko Date Krumm', 0.018608171523934326), ('Steffi Graf', 0.014371881730980257), ('Julie Halard Decugis', 0.014010629589940789), ('Arantxa Sanchez Vicario', 0.012572893864927331), ('Monica Seles', 0.01158036193424217), ('Conchita Martinez', 0.011375974762916262), ('Martina Hingis', 0.010374987867523331), ('Hila Rosen', 0.010041154959972695), ('Fabiola Zuluaga', 0.01000180597009711)]"
1996-05-01,1206,4187,0.002881168156451491,16,408,234,4091,3191,0.021801137642263487,0.0008291873963515754,Steffi Graf,0.021801137642263487,1.109125495456548,"[('Steffi Graf', 0.021801137642263487), ('Lindsay Davenport', 0.019656150482132335), ('Martina Hingis', 0.015880830400574662), ('Arantxa Sanchez Vicario', 0.014420768051615943), ('Jana Novotna', 0.013449189955591875), ('Conchita Martinez', 0.012480696884245076), ('Monica Seles', 0.011703470147312845), ('Karina Habsudova', 0.009673239390526642), ('Yayuk Basuki', 0.00823836933502491), ('Mary Joe Fernandez', 0.008152801139960001)]"
1996-09-01,1097,3123,0.0025974954920187105,10,290,399,3023,4087,0.03529310280710352,0.0009115770282588877,Jana Novotna,0.03529310280710352,1.2305386017850448,"[('Jana Novotna', 0.03529310280710352), ('Steffi Graf', 0.02868102045389443), ('Martina Hingis', 0.023119509760793296), ('Anke Huber', 0.021642474593113054), ('Lindsay Davenport', 0.018761825516743637), ('Iva Majoli', 0.009676512034344968), ('Marion Maruska', 0.007736807582720979), ('Brenda Schultz Mccarthy', 0.007106866635219567), ('Keirsten Alley', 0.006845777795910455), ('Anne Gaelle Sidot', 0.006818535447200613)]"
1997-01-01,898,3249,0.004033489508458037,9,209,408,3166,3040,0.021033072607616658,0.0011135857461024496,Martina Hingis,0.021033072607616658,1.8129222415560595,"[('Martina Hingis', 0.021033072607616658), ('Lindsay Davenport', 0.011601751098581947), ('Mary Joe Fernandez', 0.010761243689745553), ('Iva Majoli', 0.010264579053559304), ('Amanda Coetzer', 0.01005719033922269), ('Kimberly Po Messerli', 0.009970578083623107), ('Anke Huber', 0.007966341152590506), ('Cara Black', 0.007642115858479793), ('Evie Dominikovic', 0.007191524464873109), ('Mary Pierce', 0.007109976154921528)]"
1997-05-01,1248,4940,0.0031742849505479818,21,505,155,4784,3093,0.01919611415996433,0.0008012820512820513,Martina Hingis,0.01919611415996433,1.1841389444749597,"[('Martina Hingis', 0.01919611415996433), ('Lindsay Davenport', 0.016211031863727594), ('Monica Seles', 0.014783593734149144), ('Iva Majoli', 0.014291169883187613), ('Mary Pierce', 0.012351087135522954), ('Sandrine Testud', 0.012230944306202637), ('Amanda Coetzer', 0.01186388342206974), ('Jana Novotna', 0.011346159275603052), ('Mary Joe Fernandez', 0.0081299391601827), ('Anke Huber', 0.008059886090234081)]"
1997-09-01,1164,3501,0.0025861839714212266,9,341,425,3395,4834,0.017321873732392103,0.0008591065292096219,Lindsay Davenport,0.017321873732392103,1.2610820793967743,"[('Lindsay Davenport', 0.017321873732392103), ('Martina Hingis', 0.01373572269037226), ('Lisa Raymond', 0.012948046784781612), ('Jana Novotna', 0.012395369422590712), ('Dominique Monami', 0.012262919465485344), ('Nathalie Tauziat', 0.01172443685438329), ('Arantxa Sanchez Vicario', 0.01166968337849559), ('Amanda Coetzer', 0.010171832545614741), ('Irina Spirlea', 0.007427087106313969), ('Brenda Schultz Mccarthy', 0.0073780479169097204)]"
1998-01-01,958,3543,0.0038645035045582164,12,258,464,3450,3408,0.029632888278901048,0.00104384133611691,Venus Williams,0.029632888278901048,1.0417282622494266,"[('Venus Williams', 0.029632888278901048), ('Martina Hingis', 0.028445890692179267), ('Lindsay Davenport', 0.02587643651472617), ('Arantxa Sanchez Vicario', 0.014997795906012312), ('Anna Kournikova', 0.013197695855651722), ('Patty Schnyder', 0.012078277150176226), ('Jana Novotna', 0.01155002557350146), ('Mary Pierce', 0.009347949915818735), ('Conchita Martinez', 0.009066662789183963), ('Anke Huber', 0.008903232665911765)]"
1998-05-01,1300,5150,0.0030496831882513174,21,534,192,4972,3365,0.021036821933521868,0.000769230769230769,Lindsay Davenport,0.021036821933521868,1.048945289060483,"[('Lindsay Davenport', 0.021036821933521868), ('Martina Hingis', 0.020055213701721357), ('Arantxa Sanchez Vicario', 0.018810468900119018), ('Monica Seles', 0.016799392340685428), ('Jana Novotna', 0.016706593840481405), ('Steffi Graf', 0.011816341366139103), ('Venus Williams', 0.010833803159389007), ('Anna Kournikova', 0.010027506843800084), ('Amelie Mauresmo', 0.009166004996026373), ('Natalia Zvereva', 0.009080864811636224)]"
1998-09-01,1133,3493,0.0027234678251865803,12,311,478,3367,5024,0.030802123517271913,0.00088261253309797,Lindsay Davenport,0.030802123517271913,1.6583133741999467,"[('Lindsay Davenport', 0.030802123517271913), ('Steffi Graf', 0.018574368389287336), ('Nathalie Tauziat', 0.012399333489741416), ('Martina Hingis', 0.011797278847057918), ('Paola Suarez', 0.01146754993476431), ('Sandrine Testud', 0.011174758007785857), ('Janette Husarova', 0.010098175877580174), ('Dominique Monami', 0.00950217843265548), ('Mary Pierce', 0.009207750583652977), ('Venus Williams', 0.009184928322914251)]"
1999-01-01,1023,3660,0.003500697270030014,14,304,414,3541,3374,0.021743046240638927,0.0009775171065493646,Venus Williams,0.021743046240638927,1.0140223261625503,"[('Venus Williams', 0.021743046240638927), ('Martina Hingis', 0.0214423742748574), ('Steffi Graf', 0.02088675091924319), ('Serena Williams', 0.01959201315194009), ('Lindsay Davenport', 0.015957724396379092), ('Amelie Mauresmo', 0.012389729141501802), ('Amanda Coetzer', 0.011512206556879324), ('Jana Novotna', 0.011415545205750641), ('Chanda Rubin', 0.010561916128543236), ('Anna Kournikova', 0.010022920814637052)]"
1999-05-01,1168,4967,0.0036440175605404325,27,456,311,4792,3485,0.024914145990471953,0.0008561643835616438,Martina Hingis,0.024914145990471953,1.269683459227995,"[('Martina Hingis', 0.024914145990471953), ('Venus Williams', 0.01962232854921217), ('Lindsay Davenport', 0.018789080404990978), ('Serena Williams', 0.01869763502605199), ('Steffi Graf', 0.01477662963295281), ('Julie Halard Decugis', 0.012511587306547025), ('Arantxa Sanchez Vicario', 0.0117299113543765), ('Mary Joe Fernandez', 0.008452955491901766), ('Jelena Dokic', 0.007919906068835289), ('Angeles Montolio', 0.007197435626839652)]"
1999-09-01,999,3135,0.003144426992122383,9,227,396,3011,4843,0.029017636585542857,0.001001001001001001,Lindsay Davenport,0.029017636585542857,1.229062564238376,"[('Lindsay Davenport', 0.029017636585542857), ('Martina Hingis', 0.023609568324558378), ('Sandrine Testud', 0.021258084269192044), ('Venus Williams', 0.018036141795600417), ('Nathalie Tauziat', 0.01637313777145983), ('Serena Williams', 0.016329881336235127), ('Anke Huber', 0.016198488092719024), ('Kveta Peschke', 0.011089811199495805), ('Mary Pierce', 0.010376550702375784), ('Lubomira Bacheva', 0.00894509183318388)]"
2000-01-01,1032,3631,0.00341261964375672,13,318,285,3529,3033,0.030790999663595185,0.0009689922480620155,Martina Hingis,0.030790999663595185,1.0148583057795664,"[('Martina Hingis', 0.030790999663595185), ('Lindsay Davenport', 0.030340195757616612), ('Amelie Mauresmo', 0.024225019756840112), ('Serena Williams', 0.011772551243107674), ('Patty Schnyder', 0.010681086377340712), ('Kim Clijsters', 0.009631844981344137), ('Jing Qian Yi', 0.009581752358575927), ('Conchita Martinez', 0.009383445202475247), ('Mary Pierce', 0.00915402065720669), ('Monica Seles', 0.00847294475313004)]"
2000-05-01,1488,6122,0.002766810566125055,19,677,221,5955,3464,0.020089353996221988,0.0006720430107526882,Venus Williams,0.020089353996221988,1.5903300526526016,"[('Venus Williams', 0.020089353996221988), ('Lindsay Davenport', 0.012632191640165396), ('Arantxa Sanchez Vicario', 0.011943411719844987), ('Martina Hingis', 0.011652706149170758), ('Jelena Dokic', 0.01135981842592685), ('Serena Williams', 0.010229148088590646), ('Monica Seles', 0.009265165701429294), ('Conchita Martinez', 0.007597139737362826), ('Amy Frazier', 0.006441920836826398), ('Elena Dementieva', 0.006440584375207277)]"
2000-09-01,1258,3833,0.002423945776465782,11,306,536,3679,5968,0.031024477998211147,0.000794912559618442,Lindsay Davenport,0.031024477998211147,1.396755703395134,"[('Lindsay Davenport', 0.031024477998211147), ('Martina Hingis', 0.022211814079440707), ('Elena Dementieva', 0.013024875569718533), ('Rossana De Los Rios', 0.011745871321422187), ('Alina Jidkova', 0.007094462006863833), ('Venus Williams', 0.006941683190451), ('Anna Kournikova', 0.006609908409219556), ('Tatiana Panova', 0.006368777670720047), ('Chanda Rubin', 0.0057171264118071755), ('Julie Halard Decugis', 0.005643221027981113)]"
2001-01-01,1019,3863,0.00372394060975069,16,248,487,3772,3742,0.03321958596100731,0.0009813542688910696,Martina Hingis,0.03321958596100731,1.2454841926912308,"[('Martina Hingis', 0.03321958596100731), ('Jennifer Capriati', 0.026672025350419532), ('Lindsay Davenport', 0.022781072687547435), ('Venus Williams', 0.020671158890276473), ('Serena Williams', 0.01645807558038402), ('Amelie Mauresmo', 0.01238250502814271), ('Magdalena Maleeva', 0.01162420843597749), ('Elena Dementieva', 0.00951480574784798), ('Lisa Raymond', 0.009070218782490818), ('Kim Clijsters', 0.008134938749312313)]"
2001-05-01,1482,5882,0.0026799195568519285,20,652,189,5725,3706,0.02220621358813485,0.0006747638326585694,Venus Williams,0.02220621358813485,1.383350578204329,"[('Venus Williams', 0.02220621358813485), ('Jennifer Capriati', 0.016052484408514745), ('Justine Henin', 0.014629286336379338), ('Serena Williams', 0.011728764912576666), ('Lindsay Davenport', 0.010740065827426553), ('Monica Seles', 0.010302096372657572), ('Kim Clijsters', 0.00973317507905542), ('Barbara Schett', 0.009526094349548236), ('Meghann Shaughnessy', 0.009465291047536014), ('Jelena Dokic', 0.0063959163700466354)]"
2001-09-01,1214,3597,0.0024426483550661357,12,286,554,3439,5724,0.01313361492009832,0.0008237232289950577,Serena Williams,0.01313361492009832,1.0093202392511458,"[('Serena Williams', 0.01313361492009832), ('Lindsay Davenport', 0.013012336827648146), ('Jelena Dokic', 0.00886138057150742), ('Anna Floris', 0.00812184319505635), ('Tatiana Panova', 0.00809684304049493), ('Kim Clijsters', 0.007349481851317535), ('Monica Seles', 0.0068016224851266795), ('Daniela Hantuchova', 0.006605236132104695), ('Melinda Czink', 0.006472607530682222), ('Sandrine Testud', 0.006176886633678353)]"
2002-01-01,1051,4103,0.003718000996783109,13,256,419,4001,3495,0.014170799616283888,0.0009514747859181732,Serena Williams,0.014170799616283888,1.0077681931846318,"[('Serena Williams', 0.014170799616283888), ('Martina Hingis', 0.014061566650067588), ('Monica Seles', 0.013584460757499224), ('Venus Williams', 0.012772930048983175), ('Patty Schnyder', 0.011926626333454923), ('Jennifer Capriati', 0.010885890583347142), ('Meghann Shaughnessy', 0.010107173552492405), ('Kim Clijsters', 0.00860805725007643), ('Daniela Hantuchova', 0.00787072838163924), ('Libuse Prusova', 0.007817368967642725)]"
2002-05-01,1479,6022,0.0027548511822254916,21,643,215,5848,3929,0.028829684113231325,0.0006761325219743068,Serena Williams,0.028829684113231325,1.5364383003197908,"[('Serena Williams', 0.028829684113231325), ('Chanda Rubin', 0.018763971262126686), ('Justine Henin', 0.01846562520109588), ('Venus Williams', 0.017094060788844363), ('Daniela Hantuchova', 0.008721975890429681), ('Jennifer Capriati', 0.008306156995708913), ('Amelie Mauresmo', 0.008179629776614893), ('Lindsay Davenport', 0.007620604216342567), ('Anastasia Myskina', 0.006806311330315803), ('Jelena Dokic', 0.0064773251241654)]"
2002-09-01,1157,3608,0.0026975862285531426,10,223,545,3470,5884,0.02997741206892515,0.000864304235090752,Kim Clijsters,0.02997741206892515,1.8134907245597005,"[('Kim Clijsters', 0.02997741206892515), ('Serena Williams', 0.016530226299449863), ('Anastasia Myskina', 0.014437469009061052), ('Lindsay Davenport', 0.013523232774005755), ('Marie Gaiane Mikaelian', 0.010306039462080474), ('Magdalena Maleeva', 0.009976466779854205), ('Alexandra Stevenson', 0.0082043865221549), ('Anna Smashnova', 0.00801705909298691), ('Ana Timotic', 0.00799658592988543), ('Patty Schnyder', 0.007150727490681082)]"
2003-01-01,1093,4131,0.003461086031991796,16,296,360,4015,3492,0.03169204210556461,0.0009149130832570906,Justine Henin,0.03169204210556461,1.3197634644778702,"[('Justine Henin', 0.03169204210556461), ('Kim Clijsters', 0.02401342585893051), ('Serena Williams', 0.02356805616315009), ('Venus Williams', 0.014195921803457145), ('Chanda Rubin', 0.014007889515717574), ('Elena Dementieva', 0.011726397269934831), ('Lindsay Davenport', 0.010174117647489071), ('Amelie Mauresmo', 0.00989758107743106), ('Ai Sugiyama', 0.009171841996711299), ('Meghann Shaughnessy', 0.0087668357169118)]"
2003-05-01,1407,5501,0.002780751798819356,21,541,227,5328,3958,0.03792946160615189,0.0007107320540156361,Justine Henin,0.03792946160615189,1.2249087151563616,"[('Justine Henin', 0.03792946160615189), ('Kim Clijsters', 0.030965133268163688), ('Serena Williams', 0.023879336535288797), ('Amelie Mauresmo', 0.015847332429457593), ('Jennifer Capriati', 0.007324718163245371), ('Venus Williams', 0.006785354692071096), ('Lina Krasnoroutskaya', 0.006043060550509414), ('Vera Zvonareva', 0.0055443052501487405), ('Lindsay Davenport', 0.00541757688842724), ('Isha Lakhani', 0.005415702369601853)]"
2003-09-01,1281,4095,0.002497438524590164,16,342,468,3943,5349,0.022128339382324436,0.00078064012490242,Anastasia Myskina,0.022128339382324436,1.0532952137355585,"[('Anastasia Myskina', 0.022128339382324436), ('Kim Clijsters', 0.021008677428472587), ('Amelie Mauresmo', 0.01681503317402747), ('Jelena Dokic', 0.013226615150476972), ('Justine Henin', 0.012956649305926491), ('Ai Sugiyama', 0.009546660398566876), ('Elena Dementieva', 0.00920180058302821), ('Elena Bovina', 0.008170606963671022), ('Sofia Arvidsson', 0.008133594493173548), ('Sybille Bammer', 0.007732853828761734)]"
2004-01-01,1135,4276,0.003322222999168667,13,291,437,4160,3979,0.031160971447250458,0.000881057268722467,Justine Henin,0.031160971447250458,1.4448829782585118,"[('Justine Henin', 0.031160971447250458), ('Svetlana Kuznetsova', 0.02156643265657967), ('Amelie Mauresmo', 0.018370534201536486), ('Lindsay Davenport', 0.012533705102042526), ('Venus Williams', 0.008301955722476323), ('Francesca Schiavone', 0.008168630791138576), ('Nathalie Dechy', 0.007831375269955018), ('Fabiola Zuluaga', 0.00751715269684542), ('Patty Schnyder', 0.007465063641198824), ('Anastasia Myskina', 0.007462161570944815)]"
2004-05-01,1510,6344,0.0027841779345999062,13,619,244,6163,4095,0.014222189020916565,0.000662251655629139,Amelie Mauresmo,0.014222189020916565,1.057858441881864,"[('Amelie Mauresmo', 0.014222189020916565), ('Elena Dementieva', 0.01344432152530369), ('Lindsay Davenport', 0.01267373965391541), ('Jennifer Capriati', 0.011465652102667565), ('Svetlana Kuznetsova', 0.0113937386806889), ('Maria Sharapova', 0.010095229391775748), ('Serena Williams', 0.009876974039989031), ('Anastasia Myskina', 0.009857308201897681), ('Vera Zvonareva', 0.008444660565965231), ('Chia Jung Chuang', 0.0068909466637573505)]"
2004-09-01,1457,4338,0.0020448837367162695,15,416,469,4164,6170,0.025858994252771692,0.0006863417982155113,Anastasia Myskina,0.025858994252771692,1.0697732691790958,"[('Anastasia Myskina', 0.025858994252771692), ('Lindsay Davenport', 0.024172406432079692), ('Maria Sharapova', 0.02200613014343892), ('Amelie Mauresmo', 0.01779654442260521), ('Serena Williams', 0.01696858710575997), ('Svetlana Kuznetsova', 0.012893078033344345), ('Alicia Molik', 0.010507409590727547), ('Nadia Petrova', 0.009555163232955948), ('Na Li', 0.00947115876011442), ('Alina Jidkova', 0.008553853692403753)]"
2005-01-01,1309,4694,0.0027415469941104048,21,352,500,4583,4227,0.022543735882129032,0.0007639419404125285,Maria Sharapova,0.022543735882129032,1.2010197712066004,"[('Maria Sharapova', 0.022543735882129032), ('Lindsay Davenport', 0.018770495226303016), ('Kim Clijsters', 0.01770063289627411), ('Serena Williams', 0.014990206301366741), ('Venus Williams', 0.013240210480830373), ('Svetlana Kuznetsova', 0.011077931082064993), ('Justine Henin', 0.011026627009966247), ('Amelie Mauresmo', 0.010808657064651778), ('Silvia Farina Elia', 0.008865537587568514), ('Samantha Stosur', 0.008005497390497456)]"
2005-05-01,1681,6770,0.0023972408713634173,18,653,281,6607,4531,0.019612486107655307,0.0005948839976204639,Kim Clijsters,0.019612486107655307,1.3016367154950312,"[('Kim Clijsters', 0.019612486107655307), ('Mary Pierce', 0.015067557540581816), ('Lindsay Davenport', 0.013550838532598747), ('Venus Williams', 0.011525630495640976), ('Justine Henin', 0.011193766739178634), ('Maria Sharapova', 0.009740599562316392), ('Patty Schnyder', 0.009678519284086503), ('Nadia Petrova', 0.007613911620722177), ('Amelie Mauresmo', 0.007279662300900321), ('Shuai Peng', 0.006284160083728594)]"
2005-09-01,1418,4358,0.002168908070746815,18,339,602,4198,6610,0.02753395179273059,0.0007052186177715092,Amelie Mauresmo,0.02753395179273059,1.3006154905919856,"[('Amelie Mauresmo', 0.02753395179273059), ('Mary Pierce', 0.021169939918367645), ('Elena Dementieva', 0.020537294038214284), ('Lindsay Davenport', 0.016013248854765533), ('Francesca Schiavone', 0.012659943505785825), ('Kim Clijsters', 0.010151127243723154), ('Maria Sharapova', 0.008485556752654796), ('Katarina Srebotnik', 0.007385164337363128), ('Nadia Petrova', 0.007333180389018875), ('Jorgelina Cravero', 0.0070328074826302486)]"
2006-01-01,1216,4449,0.0030112897985705004,21,308,510,4316,4225,0.02116964522526285,0.0008223684210526315,Justine Henin,0.02116964522526285,1.154269281495436,"[('Justine Henin', 0.02116964522526285), ('Amelie Mauresmo', 0.01834030027883624), ('Svetlana Kuznetsova', 0.016970055942727793), ('Nadia Petrova', 0.013061390307338766), ('Maria Sharapova', 0.011851729109331943), ('Martina Hingis', 0.011015490727183243), ('Elena Dementieva', 0.01093814839985617), ('Patty Schnyder', 0.00955463292390078), ('Francesca Schiavone', 0.009198561258886703), ('Meghann Shaughnessy', 0.006283264526871586)]"
2006-05-01,1911,7654,0.002096980556217654,20,937,242,7486,4281,0.015674584535054027,0.0005232862375719519,Justine Henin,0.015674584535054027,1.0868807798933993,"[('Justine Henin', 0.015674584535054027), ('Maria Sharapova', 0.014421622706946188), ('Amelie Mauresmo', 0.013890927247819774), ('Kim Clijsters', 0.011371059278811269), ('Dinara Safina', 0.00958429412692912), ('Elena Dementieva', 0.008705982000719424), ('Jelena Jankovic', 0.00820539977145768), ('Svetlana Kuznetsova', 0.007679104687928137), ('Martina Hingis', 0.0072543202820164075), ('Nadia Petrova', 0.00710676185703313)]"
2006-09-01,1523,4550,0.001962893970076005,23,350,738,4365,7469,0.01861124026116824,0.0006565988181221273,Amelie Mauresmo,0.01861124026116824,1.382944767845245,"[('Amelie Mauresmo', 0.01861124026116824), ('Nadia Petrova', 0.013457688762340282), ('Svetlana Kuznetsova', 0.012811850128291804), ('Justine Henin', 0.011543507830023805), ('Maria Sharapova', 0.01102802452576782), ('Anna Chakvetadze', 0.01049961894040513), ('Daniela Hantuchova', 0.008015403489318638), ('Jelena Jankovic', 0.007841896574560473), ('Aleksandra Wozniak', 0.007656460749587479), ('Marion Bartoli', 0.007228209422284012)]"
2007-01-01,1281,4892,0.0029835089773614363,18,296,538,4760,4418,0.01928693506440726,0.0007806401249024199,Serena Williams,0.01928693506440726,1.397434668164466,"[('Serena Williams', 0.01928693506440726), ('Sybille Bammer', 0.013801672095154685), ('Jelena Jankovic', 0.013211996879913031), ('Justine Henin', 0.01289081320840493), ('Lucie Safarova', 0.011334189520607215), ('Yung Jan Chan', 0.01046481516280457), ('Anna Chakvetadze', 0.009746634059409153), ('Nadia Petrova', 0.009155432014488638), ('Amelie Mauresmo', 0.008743178901626963), ('Ana Ivanovic', 0.00830030004174803)]"
2007-05-01,1755,7366,0.0023929025069275925,13,718,244,7169,4695,0.023425884651480565,0.0005698005698005698,Justine Henin,0.023425884651480565,1.1841816898671746,"[('Justine Henin', 0.023425884651480565), ('Svetlana Kuznetsova', 0.019782339865521956), ('Marion Bartoli', 0.017789006228031375), ('Jelena Jankovic', 0.017045592476017217), ('Venus Williams', 0.01629294533336328), ('Ana Ivanovic', 0.014518659510497878), ('Anna Chakvetadze', 0.012290790641571537), ('Maria Sharapova', 0.00877902657759674), ('Daniela Hantuchova', 0.007084616781821301), ('Elena Dementieva', 0.007046941462155164)]"
2007-09-01,1498,4814,0.0021467055160610494,14,366,623,4643,7195,0.011982916598943627,0.0006675567423230974,Justine Henin,0.011982916598943627,1.2747750484962426,"[('Justine Henin', 0.011982916598943627), ('Jelena Jankovic', 0.009400024430254564), ('Lindsay Davenport', 0.009314629954944524), ('Alisa Kleybanova', 0.007244368150652751), ('Tatiana Golovin', 0.0069267290973893695), ('Daniela Hantuchova', 0.006848685423549133), ('Maria Kirilenko', 0.006184346189927596), ('Patty Schnyder', 0.0056673163026402466), ('Flavia Pennetta', 0.0054183865052767535), ('Ana Ivanovic', 0.005310115775998717)]"
2008-01-01,1305,4918,0.002890017159109607,26,318,511,4809,4705,0.02817341133166672,0.0007662835249042146,Jelena Jankovic,0.02817341133166672,1.2903500161527761,"[('Jelena Jankovic', 0.02817341133166672), ('Serena Williams', 0.021833929537713136), ('Maria Sharapova', 0.01809305358179549), ('Svetlana Kuznetsova', 0.016589656007817564), ('Ana Ivanovic', 0.012432761399753063), ('Vera Zvonareva', 0.011876889745424214), ('Agnieszka Radwanska', 0.009303412908406293), ('Elena Dementieva', 0.008770624516613293), ('Justine Henin', 0.00841480223992366), ('Sorana Cirstea', 0.005716694525883775)]"
2008-05-01,1844,7302,0.002148600026129236,20,798,259,7144,4760,0.019972154636604657,0.0005422993492407808,Dinara Safina,0.019972154636604657,1.4625091211045569,"[('Dinara Safina', 0.019972154636604657), ('Elena Dementieva', 0.013656088942215096), ('Serena Williams', 0.013165682113386569), ('Jelena Jankovic', 0.011760932845663477), ('Venus Williams', 0.008029509310436727), ('Ana Ivanovic', 0.007614296918671428), ('Tamarine Tanasugarn', 0.0073568069080951586), ('Agnieszka Radwanska', 0.007042018011538487), ('Caroline Wozniacki', 0.0062948539987877335), ('Alize Cornet', 0.005866164139942224)]"
2008-09-01,1644,5185,0.0019195940012409795,24,437,637,5013,7130,0.027492881608560442,0.0006082725060827251,Jelena Jankovic,0.027492881608560442,1.5357121045150044,"[('Jelena Jankovic', 0.027492881608560442), ('Flavia Pennetta', 0.017902366939565807), ('Venus Williams', 0.01735595680189117), ('Vera Zvonareva', 0.01678727861471015), ('Nadia Petrova', 0.011896866139465218), ('Svetlana Kuznetsova', 0.010624026027809702), ('Elena Dementieva', 0.007851689313742817), ('Ana Ivanovic', 0.0072976273568526985), ('Katarina Srebotnik', 0.006318911232095605), ('Dinara Safina', 0.005659324472755574)]"
2009-01-01,1192,4609,0.003246524549332522,13,259,711,4495,5071,0.017416886546755855,0.0008389261744966441,Serena Williams,0.017416886546755855,1.09315212557997,"[('Serena Williams', 0.017416886546755855), ('Caroline Wozniacki', 0.01593271982846427), ('Elena Dementieva', 0.015485220068445023), ('Victoria Azarenka', 0.01486419879424367), ('Vera Zvonareva', 0.010838742634934381), ('Marion Bartoli', 0.010038291740079518), ('Svetlana Kuznetsova', 0.009578240097834508), ('Venus Williams', 0.009117589495895993), ('Virginie Razzano', 0.008923093877360467), ('Sabine Lisicki', 0.008351826476658181)]"
2009-05-01,1907,8187,0.002252429470922558,17,897,182,8003,4425,0.013046203177569854,0.0005243838489774515,Dinara Safina,0.013046203177569854,1.2822364453129742,"[('Dinara Safina', 0.013046203177569854), ('Caroline Wozniacki', 0.010174568992527331), ('Jelena Jankovic', 0.008777762008466496), ('Svetlana Kuznetsova', 0.00796981594325498), ('Flavia Pennetta', 0.007772142504264612), ('Samantha Stosur', 0.00766363469189784), ('Serena Williams', 0.0068654778611006015), ('Yanina Wickmayer', 0.006725230846709813), ('Elena Dementieva', 0.006690725678881261), ('Venus Williams', 0.0066338553539035654)]"
2009-09-01,1553,4828,0.0020031067239330595,14,360,714,4643,8002,0.008060288520844075,0.0006439150032195749,Shahar Peer,0.008060288520844075,1.0336176101725154,"[('Shahar Peer', 0.008060288520844075), ('Shuai Peng', 0.007798133895472985), ('Renata Voracova', 0.007609804051246116), ('Sacha Jones', 0.007381275368729707), ('Marion Bartoli', 0.007195646895209865), ('Francesca Schiavone', 0.007108599230427628), ('Maria Sharapova', 0.006726535097583781), ('Nadia Petrova', 0.006667524320583684), ('Agnieszka Radwanska', 0.006658749282150334), ('Regina Kulikova', 0.006588740605372129)]"
2010-01-01,1213,4619,0.0031418434506270084,12,288,628,4507,4716,0.01558429384486095,0.0008244023083264631,Justine Henin,0.01558429384486095,1.1232310618079842,"[('Justine Henin', 0.01558429384486095), ('Kim Clijsters', 0.01387452179231585), ('Elena Dementieva', 0.01222390796939594), ('Samantha Stosur', 0.009518880863797274), ('Shahar Peer', 0.009022114084082627), ('Caroline Wozniacki', 0.008357361091684659), ('Flavia Pennetta', 0.00833346536715693), ('Na Li', 0.00831642239581719), ('Jelena Jankovic', 0.008147683263892222), ('Alisa Kleybanova', 0.00808180296605967)]"
2010-05-01,1841,7935,0.002342476914720261,23,860,232,7756,4440,0.011064720895630717,0.000543183052688756,Vera Zvonareva,0.011064720895630717,1.2372896959498616,"[('Vera Zvonareva', 0.011064720895630717), ('Kim Clijsters', 0.008942708350235133), ('Caroline Wozniacki', 0.008645694461322004), ('Victoria Azarenka', 0.007319532441096999), ('Aravane Rezai', 0.007181940967713404), ('Nadia Petrova', 0.006816523693856496), ('Samantha Stosur', 0.006673206619875679), ('Kaia Kanepi', 0.006659454850503109), ('Venus Williams', 0.006363803757282745), ('Flavia Pennetta', 0.006263184793300044)]"
2010-09-01,1769,5630,0.001800106919316842,13,520,592,5467,7772,0.018824780926646665,0.0005652911249293385,Caroline Wozniacki,0.018824780926646665,1.200046333307259,"[('Caroline Wozniacki', 0.018824780926646665), ('Vera Zvonareva', 0.01568671175784242), ('Kim Clijsters', 0.010647587359699878), ('Elena Dementieva', 0.009413712681945425), ('Ana Ivanovic', 0.00935844530734459), ('Samantha Stosur', 0.009306738165397926), ('Roberta Vinci', 0.006789378038268177), ('Julia Goerges', 0.006663016882400605), ('Vera Dushevina', 0.006432420402219927), ('Francesca Schiavone', 0.005970327704262299)]"
2011-01-01,1368,5376,0.002874780220485376,19,288,689,5233,5487,0.013091684827247738,0.0007309941520467835,Caroline Wozniacki,0.013091684827247738,1.2126847607129985,"[('Caroline Wozniacki', 0.013091684827247738), ('Victoria Azarenka', 0.010795620800537212), ('Vera Zvonareva', 0.010097635261548445), ('Petra Kvitova', 0.008924585534975268), ('Kim Clijsters', 0.008387986747206685), ('Na Li', 0.008323199854648878), ('Shuai Peng', 0.008015614110751816), ('Andrea Petkovic', 0.007845607720941627), ('Marion Bartoli', 0.0076025355429646), ('Julia Goerges', 0.006956105227943181)]"
2011-05-01,2103,8932,0.0020205831640088263,16,956,221,8712,5156,0.011732911218018158,0.00047551117451260106,Samantha Stosur,0.011732911218018158,1.16121630122401,"[('Samantha Stosur', 0.011732911218018158), ('Maria Sharapova', 0.010103984249661996), ('Marion Bartoli', 0.008625944254277004), ('Serena Williams', 0.008603080840029332), ('Vera Zvonareva', 0.00836444699195861), ('Petra Kvitova', 0.008333935507499387), ('Sabine Lisicki', 0.007940569019062281), ('Andrea Petkovic', 0.007060415303010962), ('Na Li', 0.006845181481754373), ('Caroline Wozniacki', 0.006511700457314777)]"
2011-09-01,1642,5198,0.0019290991129409965,12,382,843,5015,8749,0.014658182238456531,0.0006090133982947623,Agnieszka Radwanska,0.014658182238456531,1.0419064051542002,"[('Agnieszka Radwanska', 0.014658182238456531), ('Petra Kvitova', 0.014068617071498996), ('Vera Zvonareva', 0.009043009464631286), ('Romina Oprandi', 0.008736538126128866), ('Anne Keothavong', 0.008548657323680067), ('Sorana Cirstea', 0.008449577505557094), ('Victoria Azarenka', 0.007854050828631375), ('Sofia Arvidsson', 0.007842693845552997), ('Alexandra Cadantu Ignatik', 0.007654811471187342), ('Lucie Safarova', 0.007534582539374383)]"
2012-01-01,1584,6223,0.002481782448617572,30,457,515,6063,5038,0.02885851481320101,0.0006313131313131315,Victoria Azarenka,0.02885851481320101,1.3928222509983184,"[('Victoria Azarenka', 0.02885851481320101), ('Maria Sharapova', 0.02071945274604595), ('Marion Bartoli', 0.015722510185006942), ('Agnieszka Radwanska', 0.013786435778183777), ('Angelique Kerber', 0.012601825985272838), ('Samantha Stosur', 0.00664471311488604), ('Mona Barthel', 0.0063563834942549574), ('Su Wei Hsieh', 0.005717834707531625), ('Daniela Hantuchova', 0.005630456936206201), ('Jie Zheng', 0.005504094748787892)]"
2012-05-01,1817,7564,0.002292349057724525,14,633,400,7363,6022,0.01673427748963723,0.000550357732526142,Serena Williams,0.01673427748963723,1.344789921933306,"[('Serena Williams', 0.01673427748963723), ('Angelique Kerber', 0.012443785617890104), ('Na Li', 0.011929171704745778), ('Maria Sharapova', 0.01008970942311199), ('Victoria Azarenka', 0.010046892060871714), ('Petra Kvitova', 0.00810432644940001), ('Sara Errani', 0.006357986747355608), ('Roberta Vinci', 0.00617537737633053), ('Agnieszka Radwanska', 0.0057532484411269595), ('Dominika Cibulkova', 0.005439956481438144)]"
2012-09-01,1628,5358,0.002022836380549964,21,404,593,5184,7390,0.010874945456819392,0.0006142506142506141,Serena Williams,0.010874945456819392,1.2426535386608895,"[('Serena Williams', 0.010874945456819392), ('Victoria Azarenka', 0.008751389762699641), ('Maria Sharapova', 0.007895909504360869), ('Caroline Wozniacki', 0.007695494156844154), ('Na Li', 0.006497251170335743), ('Annika Beck', 0.0063601403500301934), ('Agnieszka Radwanska', 0.0062611522563234484), ('Laura Ioana Andrei', 0.005983454024983716), ('Nadia Petrova', 0.0058170124110904975), ('Monica Puig', 0.005667577957495378)]"
2013-01-01,1567,5874,0.0023937191157665156,14,429,490,5743,5227,0.015665838146971787,0.0006381620931716656,Caroline Wozniacki,0.015665838146971787,1.0276710812277403,"[('Caroline Wozniacki', 0.015665838146971787), ('Serena Williams', 0.015244019641241719), ('Victoria Azarenka', 0.012195261108387959), ('Maria Sharapova', 0.011079993796103707), ('Agnieszka Radwanska', 0.009533747882992416), ('Na Li', 0.008570241952154412), ('Petra Kvitova', 0.008227061228509885), ('Sara Errani', 0.0072509741801790265), ('Maria Kirilenko', 0.0072407895610390564), ('Svetlana Kuznetsova', 0.006993973793453885)]"
2013-05-01,2002,8190,0.0020444323292899006,35,756,321,7991,5675,0.017711872578289864,0.0004995004995004995,Serena Williams,0.017711872578289864,1.2858841397825322,"[('Serena Williams', 0.017711872578289864), ('Victoria Azarenka', 0.013774081217990045), ('Sabine Lisicki', 0.010718729745987634), ('Simona Halep', 0.009250897710510393), ('Flavia Pennetta', 0.007629006999459478), ('Kate Makarova', 0.0068991249768336465), ('Roberta Vinci', 0.006556333380477849), ('Jelena Jankovic', 0.006495974331420212), ('Maria Sharapova', 0.0064870456494507235), ('Sara Errani', 0.006343496016669272)]"
2013-09-01,1896,6745,0.001877303140620999,9,543,649,6565,8010,0.012766453721156078,0.0005274261603375526,Serena Williams,0.012766453721156078,1.6152132221653321,"[('Serena Williams', 0.012766453721156078), ('Petra Kvitova', 0.007903881386038649), ('Na Li', 0.006158995895261596), ('Angelique Kerber', 0.006118142177470758), ('Jelena Jankovic', 0.005917612056561043), ('Kristyna Pliskova', 0.00578565048915283), ('Patricia Maria Tig', 0.0053534775452282095), ('Anna Lena Friedsam', 0.005206687138078529), ('Pauline Parmentier', 0.0050961446252517735), ('Borislava Botusharova', 0.004914107247437212)]"
2014-01-01,1641,6237,0.0023175190618450973,20,452,707,6057,6565,0.010101187389432477,0.0006093845216331503,Dominika Cibulkova,0.010101187389432477,1.0694755575477657,"[('Dominika Cibulkova', 0.010101187389432477), ('Na Li', 0.009444991349399148), ('Angelique Kerber', 0.008964629601104807), ('Ana Ivanovic', 0.008960057128033976), ('Alize Cornet', 0.008458943630378328), ('Flavia Pennetta', 0.00823622094255814), ('Carla Suarez Navarro', 0.007542212349692494), ('Serena Williams', 0.007476286425355081), ('Agnieszka Radwanska', 0.006982271304334725), ('Maria Sharapova', 0.006674134511173707)]"
2014-05-01,2211,8667,0.001773731097699491,44,927,357,8483,6053,0.01081231197568364,0.0004522840343735866,Serena Williams,0.01081231197568364,1.3199907258141066,"[('Serena Williams', 0.01081231197568364), ('Petra Kvitova', 0.008191202986683962), ('Ana Ivanovic', 0.007250675928431728), ('Caroline Wozniacki', 0.0071957796854591445), ('Simona Halep', 0.006900290563003062), ('Maria Sharapova', 0.006780449646681969), ('Angelique Kerber', 0.0057969880147154314), ('Kate Makarova', 0.005662190265548881), ('Agnieszka Radwanska', 0.0054259333630022125), ('Carla Suarez Navarro', 0.005233230962806605)]"
2014-09-01,1724,5917,0.001991952739852386,12,357,844,5737,8487,0.0086526310822569,0.000580046403712297,Petra Kvitova,0.0086526310822569,1.0760974104974237,"[('Petra Kvitova', 0.0086526310822569), ('Caroline Wozniacki', 0.008040750770190256), ('Vitalia Diatchenko', 0.00789038531635728), ('Carina Witthoeft', 0.007540035235306937), ('Evgeniya Rodina', 0.007133114689641822), ('Karolina Pliskova', 0.00711522477180368), ('Ana Ivanovic', 0.006539300551882495), ('Tatjana Maria', 0.00641609914715893), ('Cristina Andreea Mitu', 0.006357861617886627), ('Samantha Stosur', 0.006048124653482286)]"
2015-01-01,1611,6188,0.002385771732383343,30,426,539,6047,5776,0.021865894723347132,0.0006207324643078832,Simona Halep,0.021865894723347132,1.7732780896135594,"[('Simona Halep', 0.021865894723347132), ('Serena Williams', 0.012330775895455994), ('Caroline Wozniacki', 0.009850592444683079), ('Garbine Muguruza', 0.009732112187657817), ('Karolina Pliskova', 0.009127388273162982), ('Carla Suarez Navarro', 0.008878773129063735), ('Angelique Kerber', 0.008592691451174047), ('Kate Makarova', 0.007772710814396892), ('Timea Bacsinszky', 0.006216568837109328), ('Victoria Azarenka', 0.00583459943751047)]"
2015-05-01,2203,9406,0.001938979255024628,38,923,331,9202,5984,0.01049052400091259,0.00045392646391284613,Serena Williams,0.01049052400091259,1.395058487952196,"[('Serena Williams', 0.01049052400091259), ('Belinda Bencic', 0.00751977360914209), ('Petra Kvitova', 0.007180331865434497), ('Lucie Safarova', 0.005830281948420052), ('Roberta Vinci', 0.005422568118077828), ('Victoria Azarenka', 0.0051765409362096605), ('Simona Halep', 0.004937517354532109), ('Christina Mchale', 0.004670834346803516), ('Angelique Kerber', 0.004508840548310806), ('Jelena Jankovic', 0.004480200734574256)]"
2015-09-01,1917,6109,0.0016632307570000533,18,486,772,5921,9218,0.010835495306091573,0.0005216484089723526,Garbine Muguruza,0.010835495306091573,1.009323274885472,"[('Garbine Muguruza', 0.010835495306091573), ('Agnieszka Radwanska', 0.010735406163422792), ('Jelena Jankovic', 0.009494645801482154), ('Venus Williams', 0.009371960875136243), ('Ana Ivanovic', 0.007061994034530307), ('Anastasia Pavlyuchenkova', 0.006527778122401458), ('Irina Khromacheva', 0.006435138504538327), ('Angelique Kerber', 0.006314481937748682), ('Cagla Buyukakcay', 0.005335795920726806), ('Daria Kasatkina', 0.005297269593628276)]"
2016-01-01,1551,6106,0.002539880618123583,21,387,753,5972,5975,0.014728166429162333,0.0006447453255963893,Angelique Kerber,0.014728166429162333,1.21347295648156,"[('Angelique Kerber', 0.014728166429162333), ('Victoria Azarenka', 0.012137202028684966), ('Dominika Cibulkova', 0.0088644454223247), ('Agnieszka Radwanska', 0.007971394608566154), ('Serena Williams', 0.006127378770696047), ('Sloane Stephens', 0.005943200317277197), ('Carla Suarez Navarro', 0.005676839649183467), ('Eugenie Bouchard', 0.0055119119519678565), ('Sorana Cirstea', 0.0054048945641002235), ('Svetlana Kuznetsova', 0.005380283186804853)]"
2016-05-01,2054,9055,0.002147331356824103,15,829,326,8840,5891,0.010605132941296383,0.0004868549172346641,Angelique Kerber,0.010605132941296383,1.1019482345646299,"[('Angelique Kerber', 0.010605132941296383), ('Simona Halep', 0.009623984692426481), ('Karolina Pliskova', 0.008549725976245794), ('Serena Williams', 0.007911864264715017), ('Madison Keys', 0.0073351499351532075), ('Monica Puig', 0.005521901256634831), ('Dominika Cibulkova', 0.005472622266889083), ('Garbine Muguruza', 0.0050782272591806355), ('Tamara Korpatsch', 0.005050151327070182), ('Samantha Stosur', 0.004593447206758616)]"
2016-09-01,1944,6511,0.0017237672853273012,27,546,656,6328,8872,0.011048111770566096,0.0005144032921810699,Petra Kvitova,0.011048111770566096,1.2528156878224466,"[('Petra Kvitova', 0.011048111770566096), ('Madison Keys', 0.008818625020388373), ('Oceane Dodin', 0.008782607346407194), ('Agnieszka Radwanska', 0.008350345405968173), ('Svetlana Kuznetsova', 0.007567094899199206), ('Shuai Zhang', 0.0074778276287499725), ('Monica Niculescu', 0.006997054099540283), ('Dominika Cibulkova', 0.006938763769143452), ('Angelique Kerber', 0.006380274872360541), ('Lauren Davis', 0.006198610587878461)]"
2017-01-01,1410,5725,0.0028816775641896824,7,269,803,5582,6368,0.009029436861339122,0.0007092198581560284,Karolina Pliskova,0.009029436861339122,1.0024096956842357,"[('Karolina Pliskova', 0.009029436861339122), ('Kristina Mladenovic', 0.009007730970893803), ('Marketa Vondrousova', 0.008056314040893542), ('Elina Svitolina', 0.0074760212470788385), ('Caroline Wozniacki', 0.007426577851187662), ('Johanna Konta', 0.007384657369393938), ('Madison Brengle', 0.006141116086086672), ('Laura Siegemund', 0.0059425965938986304), ('Anastasia Pavlyuchenkova', 0.005764658883846161), ('Julia Goerges', 0.005730590004920829)]"
2017-05-01,1990,8665,0.0021891761472015684,23,835,255,8476,5536,0.011501575587486804,0.0005025125628140704,Simona Halep,0.011501575587486804,1.0617127723353001,"[('Simona Halep', 0.011501575587486804), ('Garbine Muguruza', 0.010833038734372958), ('Elina Svitolina', 0.009710292165845305), ('Jelena Ostapenko', 0.007376694940964184), ('Magdalena Rybarikova', 0.007082345444526853), ('Caroline Wozniacki', 0.007063726905246297), ('Madison Keys', 0.006023886286066367), ('Karolina Pliskova', 0.005748169274176043), ('Camila Giorgi', 0.00572919817831292), ('Ashleigh Barty', 0.005461176515123015)]"
2017-09-01,1927,6747,0.0018179113984418825,12,561,624,6583,8501,0.009278286018112354,0.0005189413596263622,Caroline Garcia,0.009278286018112354,1.0160818316619016,"[('Caroline Garcia', 0.009278286018112354), ('Mihaela Buzarnescu', 0.009131435804670187), ('Belinda Bencic', 0.008123103652844792), ('Polona Hercog', 0.007239191683664988), ('Caroline Wozniacki', 0.006713245052901251), ('Simona Halep', 0.006267545120108907), ('Barbora Strycova', 0.005729408104181246), ('Jelena Ostapenko', 0.005582800994660936), ('Garbine Muguruza', 0.004904781262836976), ('Shuai Zhang', 0.004821183235385692)]"
2018-01-01,1557,6532,0.0026961743382980584,20,347,717,6382,6597,0.009169761715637522,0.0006422607578676942,Petra Kvitova,0.009169761715637522,1.2389540248674706,"[('Petra Kvitova', 0.009169761715637522), ('Elina Svitolina', 0.007401212257749758), ('Angelique Kerber', 0.007177576315941004), ('Elise Mertens', 0.006898144426674292), ('Daria Kasatkina', 0.0067779986956599545), ('Julia Goerges', 0.006675638844800595), ('Caroline Wozniacki', 0.006575380528104935), ('Simona Halep', 0.006174622916222479), ('Karolina Pliskova', 0.005878437408557954), ('Viktoria Hruncakova', 0.005765142895705783)]"
2018-05-01,1956,7879,0.002060418726039362,20,731,332,7673,6326,0.009433745627493897,0.0005112474437627812,Kiki Bertens,0.009433745627493897,1.1218069163978908,"[('Kiki Bertens', 0.009433745627493897), ('Simona Halep', 0.008409420096807342), ('Aryna Sabalenka', 0.007066203343940919), ('Elina Svitolina', 0.00636619147033501), ('Mihaela Buzarnescu', 0.006270847797575916), ('Petra Kvitova', 0.00606819849760968), ('Angelique Kerber', 0.005911546240379508), ('Sloane Stephens', 0.005424784899484341), ('Ashleigh Barty', 0.005364239224003252), ('Carla Suarez Navarro', 0.005165194669638815)]"
2018-09-01,1971,6510,0.0016765948898623956,28,632,617,6376,7745,0.009085823396300517,0.0005073566717402334,Aryna Sabalenka,0.009085823396300517,1.072334644084674,"[('Aryna Sabalenka', 0.009085823396300517), ('Qiang Wang', 0.008472936546833303), ('Karolina Pliskova', 0.0061213470195727576), ('Bianca Andreescu', 0.005314635305954161), ('Julia Goerges', 0.005085395327933283), ('Caroline Garcia', 0.005041680798810751), ('Diana Marcinkevica', 0.00503551511613545), ('Dayana Yastremska', 0.004980167447428258), ('Anett Kontaveit', 0.00495511299140963), ('Varvara Lepchenko', 0.004820106771942658)]"
2019-01-01,1920,8430,0.0022879755080771236,20,576,627,8296,6376,0.013689296407025766,0.0005208333333333333,Petra Kvitova,0.013689296407025766,1.3524722952417787,"[('Petra Kvitova', 0.013689296407025766), ('Ashleigh Barty', 0.01012168342019794), ('Belinda Bencic', 0.009236107109988395), ('Naomi Osaka', 0.007309806206522854), ('Simona Halep', 0.006810670219712149), ('Anett Kontaveit', 0.006579778060369275), ('Elina Svitolina', 0.006557908424468828), ('Bianca Andreescu', 0.00634134366531911), ('Angelique Kerber', 0.005983851904368908), ('Karolina Pliskova', 0.0057674162161300635)]"
2019-05-01,2787,12383,0.0015948057474310915,42,1257,390,12150,8197,0.009180081200268265,0.0003588087549336204,Sofia Kenin,0.009180081200268265,1.6205970614570855,"[('Sofia Kenin', 0.009180081200268265), ('Johanna Konta', 0.005664629054685818), ('Ashleigh Barty', 0.00550702533136851), ('Karolina Pliskova', 0.005049447592381866), ('Simona Halep', 0.004945131842514169), ('Kiki Bertens', 0.004847148139018437), ('Bianca Andreescu', 0.004685184777301908), ('Serena Williams', 0.003972630331089889), ('Alison Riske Amritraj', 0.0039030321813131527), ('Elina Svitolina', 0.0038854461544175533)]"
2019-09-01,2743,10348,0.0013758248899858616,35,853,897,10163,12198,0.00568494486930408,0.00036456434560699956,Petra Martic,0.00568494486930408,1.0148569554762314,"[('Petra Martic', 0.00568494486930408), ('Aryna Sabalenka', 0.005601720359335138), ('Ashleigh Barty', 0.005584935450478352), ('Tamara Korpatsch', 0.005524255034049475), ('Ana Bogdan', 0.005133752144700107), ('Ekaterina Alexandrova', 0.004800367220293263), ('Anastasia Pavlyuchenkova', 0.004684211758858231), ('Jelena Ostapenko', 0.004659376887121427), ('Naomi Osaka', 0.004610727376128163), ('Sofia Kenin', 0.004496895300452332)]"
2020-01-01,1911,5536,0.0015167081734022646,43,463,1295,5439,10251,0.01245032304610641,0.0005232862375719518,Garbine Muguruza,0.01245032304610641,1.0543588201168024,"[('Garbine Muguruza', 0.01245032304610641), ('Ashleigh Barty', 0.011808430686554277), ('Petra Kvitova', 0.011384267601218193), ('Sofia Kenin', 0.011246745285727047), ('Aryna Sabalenka', 0.010822195444053426), ('Elena Rybakina', 0.01013495142809416), ('Kiki Bertens', 0.009972379303858388), ('Simona Halep', 0.009237284767050265), ('Ekaterina Alexandrova', 0.008489210124371867), ('Jennifer Brady', 0.007401780896105514)]"
2020-05-01,567,895,0.0027888396557418935,16,125,1469,876,5517,0.05470068671656643,0.0017636684303350967,Victoria Azarenka,0.05470068671656643,1.1873772974073158,"[('Victoria Azarenka', 0.05470068671656643), ('Naomi Osaka', 0.046068496370957654), ('Kristina Kucova', 0.04397451728583781), ('Clara Tauson', 0.03271901462211768), ('Qinwen Zheng', 0.030141408975189746), ('Venus Williams', 0.02360782468290666), ('Federica Di Sarra', 0.013179565467707644), ('Serena Williams', 0.013050584454809827), ('Anett Kontaveit', 0.01117716717822054), ('Cindy Burger', 0.011084062864557528)]"
2020-09-01,1277,4088,0.0025088189158072776,15,799,89,4068,875,0.020423363149054144,0.0007830853563038371,Iga Swiatek,0.020423363149054144,1.054234880577885,"[('Iga Swiatek', 0.020423363149054144), ('Arantxa Rus', 0.01937268774284812), ('Sofia Kenin', 0.012414215883941692), ('Aryna Sabalenka', 0.011153677875474752), ('Victoria Azarenka', 0.010712774556671878), ('Georgina Garcia Perez', 0.009761485264449454), ('Veronika Kudermetova', 0.00915333195191296), ('Nadia Podoroska', 0.009143555218667526), ('Elina Svitolina', 0.009094623260429969), ('Marketa Vondrousova', 0.007428173262426794)]"
2021-01-01,1741,7212,0.0023807165917328526,11,785,321,7133,4009,0.013736033766945755,0.0005743825387708214,Ashleigh Barty,0.013736033766945755,1.1534284245148794,"[('Ashleigh Barty', 0.013736033766945755), ('Aryna Sabalenka', 0.011908873992526233), ('Garbine Muguruza', 0.008839060738364893), ('Elise Mertens', 0.007634360185668269), ('Karolina Muchova', 0.0073241666708932585), ('Veronika Kudermetova', 0.006484672055806734), ('Clara Tauson', 0.006383311574954307), ('Naomi Osaka', 0.006304143722561716), ('Paula Badosa', 0.005754269178084752), ('Daria Kasatkina', 0.005573246677047652)]"
2021-05-01,2221,10235,0.0020758038542820173,15,917,437,10069,7046,0.0062746570609905445,0.00045024763619990995,Ashleigh Barty,0.0062746570609905445,1.0004718983791734,"[('Ashleigh Barty', 0.0062746570609905445), ('Barbora Krejcikova', 0.006271697457125861), ('Coco Gauff', 0.00610596588509448), ('Karolina Pliskova', 0.005969637092830928), ('Belinda Bencic', 0.00551642727483775), ('Aryna Sabalenka', 0.005341837377288842), ('Angelique Kerber', 0.005220042180863808), ('Camila Giorgi', 0.005184341287006604), ('Iga Swiatek', 0.0046218288628784195), ('Elina Svitolina', 0.004379264388822549)]"
2021-09-01,2403,8705,0.001508141190428423,27,921,739,8591,10121,0.0160032317069834,0.0004161464835622139,Anett Kontaveit,0.0160032317069834,1.1475367112940502,"[('Anett Kontaveit', 0.0160032317069834), ('Garbine Muguruza', 0.013945725264803886), ('Ons Jabeur', 0.006145198783437992), ('Beatriz Haddad Maia', 0.005873150318092178), ('Ajla Tomljanovic', 0.00571797812992891), ('Anna Bondar', 0.005618037696298619), ('Martina Trevisan', 0.0055023453921265895), ('Mai Hontama', 0.005245178984947779), ('Paula Badosa', 0.004887742085789354), ('Jaqueline Cristian', 0.004747948826938523)]"
2022-01-01,2240,9843,0.0019625709819434695,26,681,844,9694,8556,0.00852369412326617,0.0004464285714285713,Iga Swiatek,0.00852369412326617,1.326813235260766,"[('Iga Swiatek', 0.00852369412326617), ('Paula Badosa', 0.006424185331246685), ('Jelena Ostapenko', 0.005997660210797395), ('Ons Jabeur', 0.0055735165681541545), ('Ashleigh Barty', 0.005549439380534501), ('Anett Kontaveit', 0.005332377347183981), ('Veronika Kudermetova', 0.005177440320671801), ('Belinda Bencic', 0.00466482994847335), ('Jessica Pegula', 0.004579323921936076), ('Maria Sakkari', 0.004469646659251136)]"
2022-05-01,3174,13984,0.0013885272932396078,30,1447,513,13771,9630,0.007426962459677222,0.00031505986137366106,Caroline Garcia,0.007426962459677222,1.0952389348709162,"[('Caroline Garcia', 0.007426962459677222), ('Iga Swiatek', 0.006781134438534691), ('Beatriz Haddad Maia', 0.006157394115946816), ('Ons Jabeur', 0.00603365599791761), ('Simona Halep', 0.004574937978507214), ('Daria Kasatkina', 0.004216395883345937), ('Elena Rybakina', 0.0041373871174318275), ('Veronika Kudermetova', 0.004132522797174047), ('Alize Cornet', 0.0041018314238852145), ('Madison Keys', 0.00409998974376177)]"
2022-09-01,2991,10988,0.001228658103630848,35,904,1087,10800,13796,0.006314826380433424,0.0003343363423604145,Maria Sakkari,0.006314826380433424,1.1939801399531753,"[('Maria Sakkari', 0.006314826380433424), ('Anna Karolina Schmiedlova', 0.005288887284742504), ('Barbora Krejcikova', 0.005081596806659987), ('Alycia Parks', 0.005076466490052447), ('Anna Blinkova', 0.0050600865772042775), ('Anna Kalinskaya', 0.004958293521472246), ('Maryna Zanevska', 0.004678364225142892), ('Iga Swiatek', 0.0044072046580832394), ('Mayar Sherif', 0.004370629796021058), ('Tamara Korpatsch', 0.0043548216681050245)]"
2023-01-01,2614,11495,0.0016829219800590948,20,729,1106,11297,10790,0.014133810409963919,0.00038255547054322886,Aryna Sabalenka,0.014133810409963919,1.2697265795802986,"[('Aryna Sabalenka', 0.014133810409963919), ('Elena Rybakina', 0.011131381068383853), ('Iga Swiatek', 0.01042524783786671), ('Barbora Krejcikova', 0.00867395315248266), ('Jessica Pegula', 0.007613387726045506), ('Petra Kvitova', 0.006636492813586783), ('Sorana Cirstea', 0.005853506914681192), ('Coco Gauff', 0.005203939986367439), ('Belinda Bencic', 0.005002962403476096), ('Maria Sakkari', 0.004784080011845444)]"
2023-05-01,3120,13461,0.0013832712654450391,22,1185,679,13202,11236,0.008289328451484208,0.00032051282051282046,Coco Gauff,0.008289328451484208,1.090010781411817,"[('Coco Gauff', 0.008289328451484208), ('Iga Swiatek', 0.007604813266844575), ('Elena Rybakina', 0.005719118348400339), ('Jessica Pegula', 0.005631541164913335), ('Jasmine Paolini', 0.005327315040866071), ('Madison Keys', 0.005311292083151228), ('Karolina Muchova', 0.005145133756147455), ('Aryna Sabalenka', 0.004973575122130493), ('Marketa Vondrousova', 0.004846305092491217), ('Ons Jabeur', 0.004027241555008864)]"
2023-09-01,2993,11321,0.0012642020329074436,27,880,1007,11105,13245,0.008557644133589566,0.00033411293017039754,Veronika Kudermetova,0.008557644133589566,1.4896536952080572,"[('Veronika Kudermetova', 0.008557644133589566), ('Iga Swiatek', 0.0057447205086107855), ('Jessica Pegula', 0.005602468445784054), ('Leylah Fernandez', 0.005354869662751926), ('Sofia Kenin', 0.004912973062817035), ('Barbora Krejcikova', 0.00454003153656333), ('Jasmine Paolini', 0.004224429679691721), ('Katerina Siniakova', 0.004003722935110391), ('Yue Yuan', 0.003987764095978278), ('Elena Rybakina', 0.00386996627731479)]"
2024-01-01,2822,12598,0.001582491946223914,35,811,982,12380,11103,0.008913875963646277,0.00035435861091424523,Iga Swiatek,0.008913875963646277,1.0328168213402111,"[('Iga Swiatek', 0.008913875963646277), ('Elena Rybakina', 0.008630645608656324), ('Anna Kalinskaya', 0.005237705200349187), ('Danielle Collins', 0.005107990590631253), ('Aryna Sabalenka', 0.0049632443854910726), ('Ekaterina Alexandrova', 0.004667654025582417), ('Emma Navarro', 0.0043654766919038), ('Evialina Laskevich', 0.004330947182844537), ('Linda Noskova', 0.004302822579073382), ('Jasmine Paolini', 0.004252740970395982)]"
2024-05-01,3360,15359,0.0013608606586427367,19,1296,758,15092,12331,0.008225493382998208,0.00029761904761904765,Aryna Sabalenka,0.008225493382998208,1.2355114471949307,"[('Aryna Sabalenka', 0.008225493382998208), ('Iga Swiatek', 0.006657561450906124), ('Jessica Pegula', 0.006542091248576047), ('Paula Badosa', 0.005404598540294583), ('Diana Shnaider', 0.005093278000284386), ('Emma Navarro', 0.0047953794631848895), ('Qinwen Zheng', 0.004640421802409934), ('Jasmine Paolini', 0.0038836873807310164), ('Mirra Andreeva', 0.0037820469021530747), ('Coco Gauff', 0.003662180838624532)]"
2024-09-01,3054,12187,0.001307076402460697,15,883,1189,11950,15122,0.013961321531883491,0.00032743942370661423,Coco Gauff,0.013961321531883491,1.1650525778752678,"[('Coco Gauff', 0.013961321531883491), ('Aryna Sabalenka', 0.011983426153474603), ('Karolina Muchova', 0.006226655593662534), ('Barbora Krejcikova', 0.005981363339359731), ('Qinwen Zheng', 0.005572376210649658), ('Iga Swiatek', 0.005072707575433599), ('Mirra Andreeva', 0.004400658955660564), ('Aoi Ito', 0.004372781040657441), ('Polina Kudermetova', 0.004178032135129046), ('Joanna Garland', 0.003878309899418835)]"
2025-01-01,1552,6342,0.0026346487467347303,23,184,1686,6186,12031,0.012235464366627381,0.0006443298969072165,Aryna Sabalenka,0.012235464366627381,1.249943001598783,"[('Aryna Sabalenka', 0.012235464366627381), ('Madison Keys', 0.009788817850875748), ('Mirra Andreeva', 0.008797465433013565), ('Ekaterina Alexandrova', 0.008601557946934022), ('Iga Swiatek', 0.008193263363628649), ('Jessica Pegula', 0.007801048412618109), ('Jelena Ostapenko', 0.006902649268187156), ('Elina Svitolina', 0.006565501928730024), ('Coco Gauff', 0.006451536747053454), ('Belinda Bencic', 0.006277096933241465)]"
2025-05-01,2144,9410,0.00204805998008093,23,843,251,9219,6151,0.01019449860366587,0.0004664179104477611,Aryna Sabalenka,0.01019449860366587,1.1718360618120647,"[('Aryna Sabalenka', 0.01019449860366587), ('Iga Swiatek', 0.008699594538763077), ('Amanda Anisimova', 0.007859352442578533), ('Coco Gauff', 0.007528106189718076), ('Elena Rybakina', 0.0070149913355313), ('Janice Tjen', 0.005588381972302347), ('Marketa Vondrousova', 0.00545075151232082), ('Victoria Mboko', 0.005130793610060052), ('Emma Raducanu', 0.004845403849599959), ('Jasmine Paolini', 0.0047874605497410525)]"
2025-09-01,2083,7517,0.0017333032651218432,26,575,636,7321,9214,0.015389011507850582,0.00048007681228996626,Elena Rybakina,0.015389011507850582,1.4344692411307465,"[('Elena Rybakina', 0.015389011507850582), ('Aryna Sabalenka', 0.010728017768941434), ('Jessica Pegula', 0.009353705145267413), ('Linda Noskova', 0.008296850851133929), ('Oleksandra Oliynykova', 0.007233910780920469), ('Coco Gauff', 0.006074465180002336), ('Simona Waltert', 0.0059420741893635755), ('Eva Lys', 0.005840087079658156), ('Amanda Anisimova', 0.005691015524240751), ('Darja Semenistaja', 0.005196591844840988)]"
2026-01-01,1638,6886,0.0025680557140544923,12,313,758,6710,7341,0.019779069426064735,0.0006105006105006105,Elena Rybakina,0.019779069426064735,1.1801734815140443,"[('Elena Rybakina', 0.019779069426064735), ('Aryna Sabalenka', 0.01675945929634868), ('Hailey Baptiste', 0.009952124332401025), ('Karolina Muchova', 0.009699093915995159), ('Coco Gauff', 0.008178791213404434), ('Victoria Mboko', 0.0069362337256642), ('Elina Svitolina', 0.006465482425674454), ('Marta Kostyuk', 0.006396043091171458), ('Mirra Andreeva', 0.006340518705440547), ('Jessica Pegula', 0.005483082434939719)]"
