snapshot,nodes,edges,density,communities,new_nodes,removed_nodes,new_edges,removed_edges,pagerank_max,pagerank_mean,dominant_node,dominant_score,dominance_ratio,top_pagerank
1873-01-01,2,1,0.5,1,0,0,0,0,0.649122638064138,0.4999999999999999,England,0.649122638064138,1.849998627676622,"[('England', 0.649122638064138), ('Scotland', 0.3508773619358619)]"
1874-01-01,2,1,0.5,1,0,0,1,1,0.649122638064138,0.4999999999999999,Scotland,0.649122638064138,1.849998627676622,"[('Scotland', 0.649122638064138), ('England', 0.3508773619358619)]"
1876-01-01,3,2,0.3333333333333333,1,1,0,1,0,0.5744685965480859,0.3333333333333333,Scotland,0.5744685965480859,2.7000056488803987,"[('Scotland', 0.5744685965480859), ('England', 0.212765701725957), ('Wales', 0.212765701725957)]"
1877-01-01,3,2,0.3333333333333333,1,0,0,0,0,0.5744685965480859,0.3333333333333333,Scotland,0.5744685965480859,2.7000056488803987,"[('Scotland', 0.5744685965480859), ('England', 0.212765701725957), ('Wales', 0.212765701725957)]"
1878-01-01,3,2,0.3333333333333333,1,0,0,0,0,0.5744685965480859,0.3333333333333333,Scotland,0.5744685965480859,2.7000056488803987,"[('Scotland', 0.5744685965480859), ('England', 0.212765701725957), ('Wales', 0.212765701725957)]"
1879-01-01,3,3,0.5,1,0,0,2,1,0.5208692975273159,0.3333333333333333,England,0.5208692975273159,1.849999099124769,"[('England', 0.5208692975273159), ('Scotland', 0.28155110874039785), ('Wales', 0.19757959373228617)]"
1880-01-01,3,3,0.5,1,0,0,1,1,0.5208692975273159,0.3333333333333333,Scotland,0.5208692975273159,1.849999099124769,"[('Scotland', 0.5208692975273159), ('England', 0.28155110874039785), ('Wales', 0.19757959373228617)]"
1881-01-01,3,3,0.5,1,0,0,1,1,0.5208692975273159,0.3333333333333333,Scotland,0.5208692975273159,1.849999099124769,"[('Scotland', 0.5208692975273159), ('Wales', 0.28155110874039785), ('England', 0.19757959373228617)]"
1882-01-01,4,5,0.4166666666666667,1,1,0,2,0,0.4278326099304465,0.24999999999999997,Scotland,0.4278326099304465,1.6407035890232489,"[('Scotland', 0.4278326099304465), ('Wales', 0.26076167126881566), ('England', 0.18299091153140434), ('Northern Ireland', 0.1284148072693334)]"
1883-01-01,4,4,0.3333333333333333,1,0,0,1,2,0.4399862970804468,0.24999999999999997,Scotland,0.4399862970804468,1.4763705949361954,"[('Scotland', 0.4399862970804468), ('England', 0.29801887045810593), ('Northern Ireland', 0.13099741623072358), ('Wales', 0.13099741623072358)]"
1884-01-01,4,6,0.5,1,0,0,2,0,0.4513761585479028,0.25,Scotland,0.4513761585479028,1.8499973764298727,"[('Scotland', 0.4513761585479028), ('England', 0.24398745873843836), ('Wales', 0.17121913703515867), ('Northern Ireland', 0.1334172456785002)]"
1885-01-01,4,4,0.3333333333333333,1,0,0,0,2,0.39963540677933773,0.25,Scotland,0.39963540677933773,1.8500018313073179,"[('Scotland', 0.39963540677933773), ('England', 0.21601892496340522), ('Wales', 0.21601892496340522), ('Northern Ireland', 0.1683267432938519)]"
1885-09-01,2,1,0.5,1,2,4,1,4,0.649122638064138,0.4999999999999999,Canada,0.649122638064138,1.849998627676622,"[('Canada', 0.649122638064138), ('United States', 0.3508773619358619)]"
1886-01-01,4,5,0.4166666666666667,1,4,2,5,1,0.3078271658713714,0.24999999999999994,England,0.3078271658713714,1.0,"[('England', 0.3078271658713714), ('Scotland', 0.3078271658713714), ('Wales', 0.21601892496340513), ('Northern Ireland', 0.16832674329385186)]"
1886-09-01,2,1,0.5,1,2,4,1,5,0.649122638064138,0.4999999999999999,United States,0.649122638064138,1.849998627676622,"[('United States', 0.649122638064138), ('Canada', 0.3508773619358619)]"
1887-01-01,4,6,0.5,1,4,2,6,1,0.4513761585479028,0.25,Scotland,0.4513761585479028,1.849997376429873,"[('Scotland', 0.4513761585479028), ('England', 0.24398745873843833), ('Northern Ireland', 0.17121913703515862), ('Wales', 0.13341724567850016)]"
1888-01-01,4,6,0.5,1,0,0,2,2,0.4513761585479028,0.25,England,0.4513761585479028,1.8499973764298727,"[('England', 0.4513761585479028), ('Scotland', 0.24398745873843836), ('Wales', 0.17121913703515867), ('Northern Ireland', 0.1334172456785002)]"
1888-09-01,2,1,0.5,1,1,3,1,6,0.649122638064138,0.4999999999999999,Scotland,0.649122638064138,1.849998627676622,"[('Scotland', 0.649122638064138), ('Canada', 0.3508773619358619)]"
1889-01-01,4,5,0.4166666666666667,1,3,1,5,1,0.4148035383876386,0.25,Scotland,0.4148035383876386,1.3905371289193265,"[('Scotland', 0.4148035383876386), ('England', 0.2983045398507327), ('Wales', 0.16124585231998345), ('Northern Ireland', 0.12564606944164525)]"
1890-01-01,4,5,0.4166666666666667,1,0,0,1,1,0.3078271658713714,0.24999999999999994,England,0.3078271658713714,1.0,"[('England', 0.3078271658713714), ('Scotland', 0.3078271658713714), ('Wales', 0.21601892496340513), ('Northern Ireland', 0.16832674329385186)]"
1891-01-01,4,6,0.5,1,0,0,2,1,0.4513761585479028,0.24999999999999994,England,0.4513761585479028,1.849997376429873,"[('England', 0.4513761585479028), ('Scotland', 0.24398745873843833), ('Northern Ireland', 0.17121913703515862), ('Wales', 0.13341724567850016)]"
1892-01-01,4,5,0.4166666666666667,1,0,0,0,1,0.47060860306562025,0.25000000000000006,England,0.47060860306562025,1.850003815498855,"[('England', 0.47060860306562025), ('Scotland', 0.2543825040375499), ('Northern Ireland', 0.137504446448415), ('Wales', 0.137504446448415)]"
1893-01-01,4,5,0.4166666666666667,1,0,0,0,0,0.47060860306562025,0.25000000000000006,England,0.47060860306562025,1.850003815498855,"[('England', 0.47060860306562025), ('Scotland', 0.2543825040375499), ('Northern Ireland', 0.137504446448415), ('Wales', 0.137504446448415)]"
1894-01-01,4,4,0.3333333333333333,1,0,0,1,2,0.33501743986648924,0.25,Scotland,0.33501743986648924,1.2646947047259995,"[('Scotland', 0.33501743986648924), ('England', 0.2648998518097472), ('Wales', 0.23510014819025282), ('Northern Ireland', 0.16498256013351076)]"
1895-01-01,3,3,0.5,1,0,1,2,3,0.5208692975273159,0.3333333333333333,England,0.5208692975273159,1.849999099124769,"[('England', 0.5208692975273159), ('Scotland', 0.28155110874039785), ('Northern Ireland', 0.19757959373228617)]"
1896-01-01,4,5,0.4166666666666667,1,1,0,4,2,0.4278326099304465,0.24999999999999997,Scotland,0.4278326099304465,1.6407035890232489,"[('Scotland', 0.4278326099304465), ('England', 0.26076167126881566), ('Wales', 0.18299091153140434), ('Northern Ireland', 0.1284148072693334)]"
1897-01-01,4,5,0.4166666666666667,1,0,0,2,2,0.4278326099304465,0.24999999999999997,Scotland,0.4278326099304465,1.6407035890232489,"[('Scotland', 0.4278326099304465), ('England', 0.26076167126881566), ('Northern Ireland', 0.18299091153140434), ('Wales', 0.1284148072693334)]"
1898-01-01,4,6,0.5,1,0,0,2,1,0.4513761585479028,0.24999999999999994,England,0.4513761585479028,1.849997376429873,"[('England', 0.4513761585479028), ('Scotland', 0.24398745873843833), ('Northern Ireland', 0.17121913703515862), ('Wales', 0.13341724567850016)]"
1899-01-01,4,6,0.5,1,0,0,0,0,0.4513761585479028,0.24999999999999994,England,0.4513761585479028,1.849997376429873,"[('England', 0.4513761585479028), ('Scotland', 0.24398745873843833), ('Northern Ireland', 0.17121913703515862), ('Wales', 0.13341724567850016)]"
1900-01-01,4,5,0.4166666666666667,1,0,0,2,3,0.49277103533536337,0.24999999999999997,Scotland,0.49277103533536337,2.700000648325816,"[('Scotland', 0.49277103533536337), ('England', 0.18250774704106643), ('Wales', 0.18250774704106643), ('Northern Ireland', 0.14221347058250372)]"
1901-01-01,4,4,0.3333333333333333,1,0,0,1,2,0.39963540677933773,0.25,England,0.39963540677933773,1.8500018313073179,"[('England', 0.39963540677933773), ('Wales', 0.21601892496340522), ('Scotland', 0.21601892496340522), ('Northern Ireland', 0.1683267432938519)]"
1902-01-01,4,4,0.3333333333333333,1,0,0,2,2,0.33501743986648924,0.25,Scotland,0.33501743986648924,1.2646947047259995,"[('Scotland', 0.33501743986648924), ('England', 0.2648998518097472), ('Northern Ireland', 0.23510014819025282), ('Wales', 0.16498256013351076)]"
1902-05-01,2,1,0.5,1,2,4,1,4,0.649122638064138,0.4999999999999999,Argentina,0.649122638064138,1.849998627676622,"[('Argentina', 0.649122638064138), ('Uruguay', 0.3508773619358619)]"
1902-09-01,2,1,0.5,1,2,2,1,1,0.649122638064138,0.4999999999999999,Austria,0.649122638064138,1.849998627676622,"[('Austria', 0.649122638064138), ('Hungary', 0.3508773619358619)]"
1903-01-01,6,7,0.23333333333333334,2,5,1,7,1,0.28985474406328626,0.16666666666666666,England,0.28985474406328626,1.0,"[('England', 0.28985474406328626), ('Northern Ireland', 0.28985474406328626), ('Scotland', 0.28985474406328626), ('Hungary', 0.06267704581850882), ('Wales', 0.03387936099581626), ('Czechoslovakia', 0.03387936099581626)]"
1903-05-01,2,1,0.5,1,1,5,1,7,0.649122638064138,0.4999999999999999,Hungary,0.649122638064138,1.849998627676622,"[('Hungary', 0.649122638064138), ('Austria', 0.3508773619358619)]"
1903-09-01,4,2,0.16666666666666666,2,2,0,2,1,0.32456160227748454,0.24999999999999994,Austria,0.32456160227748454,1.0,"[('Austria', 0.32456160227748454), ('Uruguay', 0.32456160227748454), ('Hungary', 0.17543839772251532), ('Argentina', 0.17543839772251532)]"
1904-01-01,4,3,0.25,2,4,4,3,2,0.47060860306562025,0.25000000000000006,England,0.47060860306562025,1.850003815498855,"[('England', 0.47060860306562025), ('Northern Ireland', 0.2543825040375499), ('Scotland', 0.137504446448415), ('Wales', 0.137504446448415)]"
1904-05-01,2,1,0.5,1,2,4,1,3,0.649122638064138,0.4999999999999999,Hungary,0.649122638064138,1.849998627676622,"[('Hungary', 0.649122638064138), ('Austria', 0.3508773619358619)]"
1904-09-01,2,1,0.5,1,0,0,1,1,0.649122638064138,0.4999999999999999,Austria,0.649122638064138,1.849998627676622,"[('Austria', 0.649122638064138), ('Hungary', 0.3508773619358619)]"
1905-01-01,11,8,0.07272727272727272,4,11,2,8,1,0.1801756902488615,0.09090909090909093,England,0.1801756902488615,1.223909413498388,"[('England', 0.1801756902488615), ('Guernsey', 0.14721325635845253), ('Scotland', 0.10086812582144739), ('France', 0.10086812582144739), ('Netherlands', 0.10086812582144739), ('Wales', 0.09739169950613286), ('Switzerland', 0.054522995284442245), ('Alderney', 0.054522995284442245), ('Jersey', 0.054522995284442245), ('Belgium', 0.054522995284442245)]"
1905-05-01,5,3,0.15,2,2,8,2,7,0.3109697333312013,0.20000000000000004,Netherlands,0.3109697333312013,1.390538257940448,"[('Netherlands', 0.3109697333312013), ('Belgium', 0.22363263402172362), ('Trinidad and Tobago', 0.22363263402172362), ('France', 0.12088249931267586), ('Guyana', 0.12088249931267586)]"
1906-01-01,10,9,0.1,3,7,2,8,2,0.24133872655664773,0.10000000000000005,Scotland,0.24133872655664773,1.0164135302397619,"[('Scotland', 0.24133872655664773), ('England', 0.23744147374712565), ('Wales', 0.2328649013574953), ('Belgium', 0.07486136783802994), ('Guernsey', 0.07486136783802994), ('France', 0.027726432532534363), ('Netherlands', 0.027726432532534363), ('Northern Ireland', 0.027726432532534363), ('Alderney', 0.027726432532534363), ('Jersey', 0.027726432532534363)]"
1906-05-01,4,2,0.16666666666666666,2,2,8,1,8,0.32456160227748454,0.24999999999999994,Argentina,0.32456160227748454,1.0,"[('Argentina', 0.32456160227748454), ('Belgium', 0.32456160227748454), ('Uruguay', 0.17543839772251532), ('Netherlands', 0.17543839772251532)]"
1906-09-01,4,2,0.16666666666666666,2,2,2,1,1,0.32456160227748454,0.24999999999999994,Argentina,0.32456160227748454,1.0,"[('Argentina', 0.32456160227748454), ('Hungary', 0.32456160227748454), ('Uruguay', 0.17543839772251532), ('Austria', 0.17543839772251532)]"
1907-01-01,12,9,0.06818181818181818,4,11,3,9,2,0.14241598126541502,0.08333333333333331,Guernsey,0.14241598126541502,1.0835420347475446,"[('Guernsey', 0.14241598126541502), ('Wales', 0.13143558505194183), ('Jersey', 0.10241720595537833), ('Hungary', 0.10241720595537833), ('France', 0.07888902496555146), ('Netherlands', 0.07888902496555146), ('England', 0.0710462979689425), ('Scotland', 0.0710462979689425), ('Northern Ireland', 0.05536084397572458), ('Belgium', 0.05536084397572458)]"
1907-05-01,4,2,0.16666666666666666,2,1,9,2,9,0.32456160227748454,0.24999999999999994,Austria,0.32456160227748454,1.0,"[('Austria', 0.32456160227748454), ('Belgium', 0.32456160227748454), ('Hungary', 0.17543839772251532), ('Netherlands', 0.17543839772251532)]"
1907-09-01,3,2,0.3333333333333333,1,1,2,2,2,0.47441161634059764,0.3333333333333332,Czechoslovakia,0.47441161634059764,1.390536574672424,"[('Czechoslovakia', 0.47441161634059764), ('Hungary', 0.3411716203526378), ('Austria', 0.1844167633067642)]"
1908-01-01,14,12,0.06593406593406594,4,12,1,12,2,0.1397827176722578,0.07142857142857142,Netherlands,0.1397827176722578,1.163793348204203,"[('Netherlands', 0.1397827176722578), ('Belgium', 0.12010956918421144), ('France', 0.0969616674054329), ('Jersey', 0.0969616674054329), ('Switzerland', 0.06972957822409559), ('Guernsey', 0.06972957822409559), ('Hungary', 0.06972957822409559), ('England', 0.06892863418869391), ('Scotland', 0.06892863418869391), ('Northern Ireland', 0.04837107596159735)]"
1908-05-01,9,7,0.09722222222222222,3,3,8,7,12,0.27718809744131395,0.11111111111111106,England,0.27718809744131395,1.8500076210625438,"[('England', 0.27718809744131395), ('Austria', 0.14983078679541448), ('Netherlands', 0.12184052845396565), ('Sweden', 0.12184052845396565), ('Germany', 0.06586001177106798), ('Hungary', 0.06586001177106798), ('Czechoslovakia', 0.06586001177106798), ('France', 0.06586001177106798), ('Norway', 0.06586001177106798)]"
1908-09-01,9,6,0.08333333333333333,4,4,4,6,7,0.2913287785157507,0.11111111111111109,Argentina,0.2913287785157507,1.0,"[('Argentina', 0.2913287785157507), ('Uruguay', 0.2913287785157507), ('Denmark', 0.08084655126381698), ('Hungary', 0.08084655126381698), ('Netherlands', 0.06846459994063195), ('Belgium', 0.056082648617446926), ('Sweden', 0.043700697294261896), ('France', 0.043700697294261896), ('Austria', 0.043700697294261896)]"
1909-01-01,11,10,0.09090909090909091,4,9,7,10,6,0.18905483267249143,0.09090909090909093,England,0.18905483267249143,1.2530247157979968,"[('England', 0.18905483267249143), ('Guernsey', 0.15087877380941417), ('Germany', 0.10337958328033055), ('Netherlands', 0.10337958328033055), ('Wales', 0.10219180694025735), ('Scotland', 0.07171345626094147), ('Northern Ireland', 0.05588039275124693), ('Switzerland', 0.05588039275124693), ('Alderney', 0.05588039275124693), ('Jersey', 0.05588039275124693)]"
1909-05-01,7,5,0.11904761904761904,3,5,9,5,10,0.24497623770183147,0.14285714285714282,England,0.24497623770183147,1.4250017062841438,"[('England', 0.24497623770183147), ('Argentina', 0.17191294341719437), ('Belgium', 0.17191294341719437), ('Hungary', 0.13241952938790896), ('Uruguay', 0.09292611535862356), ('France', 0.09292611535862356), ('Austria', 0.09292611535862356)]"
1909-09-01,2,1,0.5,1,0,5,0,4,0.649122638064138,0.4999999999999999,Argentina,0.649122638064138,1.849998627676622,"[('Argentina', 0.649122638064138), ('Uruguay', 0.3508773619358619)]"
1910-01-01,12,12,0.09090909090909091,3,12,2,12,1,0.2308669906790243,0.08333333333333333,Netherlands,0.2308669906790243,1.0268698499697637,"[('Netherlands', 0.2308669906790243), ('Belgium', 0.22482595110356215), ('Scotland', 0.11824748712999042), ('Northern Ireland', 0.11596631442536434), ('Wales', 0.11402731864912002), ('England', 0.06391756088774554), ('Jersey', 0.04173106646058733), ('Germany', 0.0285935085007728), ('France', 0.015455950540958269), ('Switzerland', 0.015455950540958269)]"
1910-05-01,9,8,0.1111111111111111,3,6,9,8,12,0.3044114174084592,0.1111111111111111,Argentina,0.3044114174084592,1.0162396133407254,"[('Argentina', 0.3044114174084592), ('Uruguay', 0.29954689170967785), ('Austria', 0.10129414022598127), ('Hungary', 0.08177277699256347), ('Belgium', 0.058806467372440406), ('Italy', 0.058806467372440406), ('Chile', 0.03178727963947909), ('Germany', 0.03178727963947909), ('France', 0.03178727963947909)]"
1910-09-01,11,6,0.05454545454545454,5,5,3,4,6,0.15291977914281477,0.09090909090909091,Uruguay,0.15291977914281477,1.3905350897340911,"[('Uruguay', 0.15291977914281477), ('Argentina', 0.10997189518752618), ('Hungary', 0.10997189518752618), ('Netherlands', 0.10997189518752618), ('Russia', 0.10997189518752618), ('Sweden', 0.10997189518752618), ('Chile', 0.05944414898391088), ('Austria', 0.05944414898391088), ('Germany', 0.05944414898391088), ('Czechoslovakia', 0.05944414898391088)]"
1911-01-01,14,14,0.07692307692307693,3,11,8,14,6,0.15058749312502082,0.07142857142857142,Netherlands,0.15058749312502082,1.0788070379221273,"[('Netherlands', 0.15058749312502082), ('Belgium', 0.1395870510958706), ('Germany', 0.11600160917366363), ('Switzerland', 0.09890026684873293), ('Jersey', 0.08215951491585334), ('England', 0.07582500626335614), ('Hungary', 0.0681332527348972), ('Guernsey', 0.05908425433047654), ('Wales', 0.0409862575216352), ('Scotland', 0.0409862575216352)]"
1911-05-01,8,4,0.07142857142857142,4,4,10,4,14,0.16228046790884154,0.12499999999999997,Austria,0.16228046790884154,1.0,"[('Austria', 0.16228046790884154), ('Germany', 0.16228046790884154), ('Switzerland', 0.16228046790884154), ('Uruguay', 0.16228046790884154), ('Hungary', 0.0877195320911584), ('Sweden', 0.0877195320911584), ('Italy', 0.0877195320911584), ('Argentina', 0.0877195320911584)]"
1911-09-01,11,10,0.09090909090909091,4,4,1,9,3,0.24089153433077906,0.09090909090909091,Argentina,0.24089153433077906,1.0,"[('Argentina', 0.24089153433077906), ('Uruguay', 0.24089153433077906), ('Hungary', 0.1165080725105826), ('Sweden', 0.10780524684485514), ('France', 0.06685119209543454), ('Austria', 0.04637416472072424), ('Germany', 0.03613565103336909), ('Luxembourg', 0.03613565103336909), ('Switzerland', 0.03613565103336909), ('Finland', 0.03613565103336909)]"
1912-01-01,13,12,0.07692307692307693,4,11,9,12,10,0.1531701398229324,0.07692307692307694,France,0.1531701398229324,1.1574069259284057,"[('France', 0.1531701398229324), ('Guernsey', 0.1323390558597773), ('Netherlands', 0.10838366583135435), ('England', 0.08963545257837782), ('Scotland', 0.08963545257837782), ('Belgium', 0.06984580397031201), ('Northern Ireland', 0.06290210931592698), ('Switzerland', 0.04901472000715691), ('Wales', 0.04901472000715691), ('Catalonia', 0.04901472000715691)]"
1912-05-01,13,21,0.1346153846153846,3,10,10,21,12,0.1583177686184558,0.07692307692307694,Denmark,0.1583177686184558,1.1652258646400147,"[('Denmark', 0.1583177686184558), ('Netherlands', 0.13586873877655176), ('Hungary', 0.12634085497421807), ('Austria', 0.09977845300442759), ('Sweden', 0.07157187936568056), ('Germany', 0.06928458353107461), ('Finland', 0.06763562197130368), ('Italy', 0.06471838768329169), ('Uruguay', 0.06345378329855893), ('Norway', 0.04013058236849618)]"
1912-09-01,12,8,0.06060606060606061,5,2,3,4,17,0.23551461679022379,0.08333333333333331,Argentina,0.23551461679022379,1.0,"[('Argentina', 0.23551461679022379), ('Uruguay', 0.23551461679022379), ('Hungary', 0.09088556673114762), ('Austria', 0.0653595895993628), ('Catalonia', 0.0653595895993628), ('Sweden', 0.0653595895993628), ('Denmark', 0.050344478928776734), ('Netherlands', 0.050344478928776734), ('Italy', 0.03532936825819066), ('France', 0.03532936825819066)]"
1913-01-01,17,14,0.051470588235294115,5,12,7,13,7,0.17666343376730048,0.05882352941176469,England,0.17666343376730048,1.0387358769054653,"[('England', 0.17666343376730048), ('Northern Ireland', 0.17007541348586588), ('Belgium', 0.09694928425341433), ('Scotland', 0.09219954220517862), ('Wales', 0.09219954220517862), ('France', 0.07070774621626646), ('Guernsey', 0.05123821917489803), ('Jersey', 0.03684769855176519), ('Hungary', 0.03684769855176519), ('Philippines', 0.03684769855176519)]"
1913-05-01,12,9,0.06818181818181818,3,7,12,9,14,0.15348472563625537,0.08333333333333333,Austria,0.15348472563625537,1.1637980508619432,"[('Austria', 0.15348472563625537), ('Italy', 0.13188261101020066), ('Sweden', 0.11174236657957982), ('Belgium', 0.10646525452556725), ('Denmark', 0.0888761787855574), ('Hungary', 0.0888761787855574), ('Argentina', 0.07656421509956012), ('Switzerland', 0.07656421509956012), ('Uruguay', 0.041386063619540406), ('Norway', 0.041386063619540406)]"
1913-09-01,10,7,0.07777777777777778,4,1,3,5,7,0.16258497114214837,0.10000000000000002,Uruguay,0.16258497114214837,1.1307685673750172,"[('Uruguay', 0.16258497114214837), ('Belgium', 0.1437827118944202), ('Denmark', 0.1437827118944202), ('Argentina', 0.11692216023607138), ('Hungary', 0.11692216023607138), ('Chile', 0.06320105691937375), ('Germany', 0.06320105691937375), ('Switzerland', 0.06320105691937375), ('Sweden', 0.06320105691937375), ('Austria', 0.06320105691937375)]"
1914-01-01,12,10,0.07575757575757576,3,11,9,10,7,0.15252443415182487,0.0833333333333333,Guernsey,0.15252443415182487,1.329640658598098,"[('Guernsey', 0.15252443415182487), ('Northern Ireland', 0.11471101847369686), ('Scotland', 0.09070254719319212), ('Netherlands', 0.08850184407047894), ('Italy', 0.08730137156556499), ('Luxembourg', 0.08730137156556499), ('England', 0.08049902031031068), ('France', 0.07249619655014244), ('Wales', 0.056490549029805964), ('Belgium', 0.056490549029805964)]"
1914-05-01,12,7,0.05303030303030303,5,9,9,7,10,0.14459800573543652,0.08333333333333333,Sweden,0.14459800573543652,1.0495686507145,"[('Sweden', 0.14459800573543652), ('Austria', 0.13776898313130884), ('Hungary', 0.0990763153466171), ('Denmark', 0.0990763153466171), ('Italy', 0.0990763153466171), ('Uruguay', 0.0990763153466171), ('Netherlands', 0.053554624957797684), ('France', 0.053554624957797684), ('Switzerland', 0.053554624957797684), ('Finland', 0.053554624957797684)]"
1914-09-01,7,5,0.11904761904761904,3,1,6,4,6,0.378587263991362,0.14285714285714282,Argentina,0.378587263991362,1.0495544919413617,"[('Argentina', 0.378587263991362), ('Brazil', 0.3607123469035789), ('Hungary', 0.0719844357976655), ('Sweden', 0.0719844357976655), ('Uruguay', 0.03891050583657593), ('Austria', 0.03891050583657593), ('Norway', 0.03891050583657593)]"
1915-01-01,4,2,0.16666666666666666,2,4,7,2,5,0.32456160227748454,0.24999999999999994,Basque Country,0.32456160227748454,1.0,"[('Basque Country', 0.32456160227748454), ('Italy', 0.32456160227748454), ('Catalonia', 0.17543839772251532), ('Switzerland', 0.17543839772251532)]"
1915-05-01,10,6,0.06666666666666667,5,8,2,5,1,0.26953519600042525,0.10000000000000006,Austria,0.26953519600042525,1.0,"[('Austria', 0.26953519600042525), ('Hungary', 0.26953519600042525), ('Argentina', 0.07480009298683805), ('Basque Country', 0.07480009298683805), ('China PR', 0.07480009298683805), ('Denmark', 0.07480009298683805), ('Uruguay', 0.04043230901294946), ('Catalonia', 0.04043230901294946), ('Philippines', 0.04043230901294946), ('Sweden', 0.04043230901294946)]"
1915-09-01,7,6,0.14285714285714285,3,1,4,3,3,0.3138024441797256,0.1428571428571428,Austria,0.3138024441797256,1.0,"[('Austria', 0.3138024441797256), ('Hungary', 0.3138024441797256), ('Denmark', 0.12409275708674752), ('Uruguay', 0.08708245385152737), ('Sweden', 0.06707696168106568), ('Norway', 0.04707146951060398), ('Argentina', 0.04707146951060398)]"
1916-05-01,12,12,0.09090909090909091,4,5,0,7,1,0.21357442462920198,0.08333333333333331,Austria,0.21357442462920198,1.0,"[('Austria', 0.21357442462920198), ('Hungary', 0.21357442462920198), ('Argentina', 0.10006070825095509), ('Uruguay', 0.09601004893698578), ('Denmark', 0.06505779218996553), ('Basque Country', 0.0592708093792194), ('Brazil', 0.0592412856775935), ('United States', 0.05144147676496971), ('Sweden', 0.045654493954223566), ('Chile', 0.032038178529227745)]"
1916-09-01,7,5,0.11904761904761904,3,0,5,2,9,0.308554409202544,0.14285714285714282,Argentina,0.308554409202544,1.0,"[('Argentina', 0.308554409202544), ('Uruguay', 0.308554409202544), ('Sweden', 0.1190681381134578), ('Austria', 0.08562688073034345), ('Denmark', 0.08562688073034345), ('Hungary', 0.04628464101038349), ('Norway', 0.04628464101038349)]"
1917-05-01,9,6,0.08333333333333333,4,3,1,4,3,0.190435527208554,0.11111111111111113,China PR,0.190435527208554,1.413510545166207,"[('China PR', 0.190435527208554), ('Argentina', 0.13472522568705825), ('Denmark', 0.13472522568705825), ('Hungary', 0.13472522568705825), ('Philippines', 0.11409158470974903), ('Uruguay', 0.0728243027551306), ('Japan', 0.0728243027551306), ('Norway', 0.0728243027551306), ('Austria', 0.0728243027551306)]"
1917-09-01,10,12,0.13333333333333333,3,4,3,10,4,0.18035028108180529,0.10000000000000005,Uruguay,0.18035028108180529,1.2936783969609924,"[('Uruguay', 0.18035028108180529), ('Denmark', 0.13940889907837217), ('Austria', 0.1288651116923382), ('Hungary', 0.12590587486197882), ('Switzerland', 0.08939361250397662), ('Argentina', 0.08709287316587605), ('Sweden', 0.07535611836502762), ('Brazil', 0.06786452895867656), ('Chile', 0.05288135014597446), ('Norway', 0.05288135014597446)]"
1918-01-01,2,1,0.5,1,0,8,0,11,0.649122638064138,0.4999999999999999,Hungary,0.649122638064138,1.849998627676622,"[('Hungary', 0.649122638064138), ('Austria', 0.3508773619358619)]"
1918-05-01,8,8,0.14285714285714285,3,6,0,7,0,0.17363481151873156,0.125,Argentina,0.17363481151873156,1.0,"[('Argentina', 0.17363481151873156), ('Uruguay', 0.17363481151873156), ('Denmark', 0.17363481151873156), ('Sweden', 0.17363481151873156), ('Norway', 0.17363481151873156), ('Hungary', 0.06866453130789293), ('Austria', 0.03711555382420978), ('Switzerland', 0.026045857274239567)]"
1918-09-01,7,5,0.11904761904761904,3,0,1,2,5,0.24497623770183147,0.14285714285714285,Denmark,0.24497623770183147,1.4250017062841438,"[('Denmark', 0.24497623770183147), ('Argentina', 0.17191294341719437), ('Hungary', 0.17191294341719437), ('Norway', 0.13241952938790894), ('Uruguay', 0.09292611535862355), ('Sweden', 0.09292611535862355), ('Austria', 0.09292611535862355)]"
1919-01-01,4,2,0.16666666666666666,2,2,5,1,4,0.32456160227748454,0.24999999999999994,Guernsey,0.32456160227748454,1.0,"[('Guernsey', 0.32456160227748454), ('Hungary', 0.32456160227748454), ('Jersey', 0.17543839772251532), ('Austria', 0.17543839772251532)]"
1919-05-01,20,28,0.07368421052631578,5,20,4,28,2,0.12287591680867742,0.05000000000000001,China PR,0.12287591680867742,1.0,"[('China PR', 0.12287591680867742), ('Philippines', 0.12287591680867742), ('Czechoslovakia', 0.11538728610150725), ('Brazil', 0.07343860246033025), ('Denmark', 0.06847456474411696), ('Sweden', 0.06556720331286871), ('France', 0.06237114874950622), ('Uruguay', 0.04873143549748076), ('Argentina', 0.03932911078279013), ('Norway', 0.03701304993835146)]"
1919-09-01,7,7,0.16666666666666666,3,2,15,5,26,0.2101189413628303,0.14285714285714288,Argentina,0.2101189413628303,1.0,"[('Argentina', 0.2101189413628303), ('Uruguay', 0.2101189413628303), ('Austria', 0.2101189413628303), ('Hungary', 0.2101189413628303), ('Norway', 0.08309166338944428), ('Sweden', 0.044914060769337884), ('Denmark', 0.03151851038989678)]"
1920-01-01,13,10,0.0641025641025641,4,12,6,10,7,0.20367273199944227,0.07692307692307694,France,0.20367273199944227,1.0387228066375824,"[('France', 0.20367273199944227), ('Italy', 0.1960799654132415), ('Switzerland', 0.18963130843088521), ('Wales', 0.07317451260423928), ('Alderney', 0.05907235194513112), ('England', 0.05907235194513112), ('Guernsey', 0.04248157474098318), ('Scotland', 0.04248157474098318), ('Netherlands', 0.04248157474098318), ('Belgium', 0.02296301335974507)]"
1920-05-01,18,19,0.06209150326797386,4,12,7,19,10,0.14153618951823654,0.05555555555555555,Argentina,0.14153618951823654,1.0,"[('Argentina', 0.14153618951823654), ('Uruguay', 0.14153618951823654), ('Czechoslovakia', 0.09607723177617224), ('Switzerland', 0.09434369547549461), ('Belgium', 0.0827622843374757), ('Netherlands', 0.06620587547819055), ('Sweden', 0.06334792699797342), ('France', 0.05973837981176748), ('Italy', 0.04529902019353145), ('Spain', 0.039282717925384125)]"
1920-09-01,20,16,0.042105263157894736,7,7,5,16,19,0.09920417600786409,0.049999999999999996,Spain,0.09920417600786409,1.1316516989967846,"[('Spain', 0.09920417600786409), ('Austria', 0.08766317065207353), ('Finland', 0.07093942573004935), ('Uruguay', 0.06752431890863865), ('Belgium', 0.061517842304111114), ('Egypt', 0.061517842304111114), ('England', 0.061517842304111114), ('Argentina', 0.05339194376973128), ('Brazil', 0.047385467165203754), ('Germany', 0.047385467165203754)]"
1921-01-01,19,14,0.04093567251461988,7,12,13,13,15,0.11991512153750854,0.052631578947368404,Scotland,0.11991512153750854,1.322420645213098,"[('Scotland', 0.11991512153750854), ('Jersey', 0.09067850080197827), ('Italy', 0.07825199183928369), ('Austria', 0.06363368147151857), ('Catalonia', 0.06363368147151857), ('Guyana', 0.06363368147151857), ('Paraguay', 0.06363368147151857), ('Belgium', 0.049015371103753425), ('Guernsey', 0.049015371103753425), ('Wales', 0.049015371103753425)]"
1921-05-01,15,13,0.06190476190476191,5,9,13,13,14,0.11400193046248253,0.06666666666666667,China PR,0.11400193046248253,1.203763013565695,"[('China PR', 0.11400193046248253), ('Austria', 0.09470462971344726), ('Norway', 0.09470462971344726), ('Finland', 0.09225354853354492), ('Hungary', 0.08000119712184595), ('Scotland', 0.08000119712184595), ('Philippines', 0.061622670004297456), ('England', 0.061622670004297456), ('Italy', 0.061622670004297456), ('Sweden', 0.04324414288674897)]"
1921-09-01,18,16,0.05228758169934641,6,15,12,15,12,0.10485158006405415,0.055555555555555546,Argentina,0.10485158006405415,1.1650872908508647,"[('Argentina', 0.10485158006405415), ('Costa Rica', 0.08999461318257185), ('Hungary', 0.0758287423538502), ('Denmark', 0.07370361796361863), ('Uruguay', 0.07358014375771324), ('Paraguay', 0.06460256617402618), ('Czechoslovakia', 0.06166287152512856), ('Netherlands', 0.06166287152512856), ('Spain', 0.06166287152512856), ('Brazil', 0.05163521215857603)]"
1922-01-01,16,12,0.05,5,12,14,12,16,0.17959786884966056,0.0625,Scotland,0.17959786884966056,1.0386953005740134,"[('Scotland', 0.17959786884966056), ('Wales', 0.17290717378851095), ('England', 0.16722694057075846), ('Spain', 0.07509719846034343), ('France', 0.06452693437900159), ('Guernsey', 0.05467311592366317), ('Belgium', 0.05209133042617375), ('Netherlands', 0.0374612088762578), ('Brittany', 0.0374612088762578), ('Germany', 0.0374612088762578)]"
1922-05-01,22,18,0.03896103896103896,7,16,10,17,11,0.09271410013402688,0.04545454545454546,Romania,0.09271410013402688,1.13352592634736,"[('Romania', 0.09271410013402688), ('Norway', 0.08179265950518311), ('Yugoslavia', 0.07922800032956635), ('Hungary', 0.07419691345251107), ('Italy', 0.0652602791894274), ('Czechoslovakia', 0.06336509015684434), ('Austria', 0.046931915277438965), ('Belgium', 0.046931915277438965), ('Finland', 0.046931915277438965), ('New Zealand', 0.046931915277438965)]"
1922-09-01,20,16,0.042105263157894736,8,8,10,16,18,0.10580406065606829,0.05000000000000001,Brazil,0.10580406065606829,1.1181745476362939,"[('Brazil', 0.10580406065606829), ('Paraguay', 0.0946221329037825), ('Sweden', 0.07833401990302177), ('Uruguay', 0.0699356257875754), ('Argentina', 0.06815265662540451), ('Austria', 0.053673236802139326), ('England', 0.053673236802139326), ('Galicia', 0.053673236802139326), ('Poland', 0.053673236802139326), ('Spain', 0.053673236802139326)]"
1923-01-01,23,18,0.03557312252964427,8,15,12,18,16,0.13715780823827364,0.0434782608695652,Guatemala,0.13715780823827364,1.0,"[('Guatemala', 0.13715780823827364), ('Mexico', 0.13715780823827364), ('England', 0.062105685099487204), ('Guernsey', 0.05556056503661769), ('Scotland', 0.05424882277952624), ('Asturias', 0.05293708052243479), ('Hungary', 0.05293708052243479), ('Belgium', 0.04885561461994917), ('Galicia', 0.038069198300795026), ('Brittany', 0.038069198300795026)]"
1923-05-01,26,26,0.04,8,19,16,26,18,0.09925193168833585,0.03846153846153847,Argentina,0.09925193168833585,1.0,"[('Argentina', 0.09925193168833585), ('Paraguay', 0.09925193168833585), ('Australia', 0.09925193168833585), ('New Zealand', 0.09925193168833585), ('England', 0.07888378740291829), ('Sweden', 0.060394438000326345), ('Czechoslovakia', 0.05191214969726295), ('China PR', 0.03925515725644278), ('Austria', 0.036946634816802146), ('Yugoslavia', 0.03387582264302714)]"
1923-09-01,26,26,0.04,8,12,12,25,25,0.15836119436923465,0.038461538461538464,Argentina,0.15836119436923465,1.4212260965736916,"[('Argentina', 0.15836119436923465), ('Uruguay', 0.11142575748574675), ('Brazil', 0.09189798869296226), ('Estonia', 0.05515177238322418), ('Finland', 0.047406711009305116), ('Norway', 0.04010868538270966), ('Hungary', 0.038625171365960304), ('Poland', 0.03829513239028534), ('Russia', 0.03829513239028534), ('Denmark', 0.037362602672584753)]"
1924-01-01,21,16,0.0380952380952381,6,11,16,16,26,0.10572157656961605,0.047619047619047616,Germany,0.10572157656961605,1.0853432104491607,"[('Germany', 0.10572157656961605), ('Wales', 0.09740842855216647), ('Switzerland', 0.0956276280849507), ('Jersey', 0.07187813018118845), ('Austria', 0.06356498216373888), ('Alderney', 0.051690233211857756), ('Curaçao', 0.051690233211857756), ('France', 0.051690233211857756), ('Spain', 0.051690233211857756), ('Hungary', 0.039815484259976636)]"
1924-05-01,36,53,0.04206349206349207,8,21,6,53,16,0.2791464132233365,0.027777777777777773,Argentina,0.2791464132233365,1.4045451934958624,"[('Argentina', 0.2791464132233365), ('Uruguay', 0.19874505606227674), ('Paraguay', 0.12369083014935597), ('Switzerland', 0.06612297210335802), ('Sweden', 0.03839931912656838), ('Australia', 0.03374026444961036), ('Canada', 0.03374026444961036), ('Italy', 0.013664807102092199), ('Egypt', 0.012727932820935867), ('Netherlands', 0.012625185203738579)]"
1924-09-01,25,21,0.035,7,4,15,20,52,0.0809495363718586,0.04000000000000001,Argentina,0.0809495363718586,1.1464700177610543,"[('Argentina', 0.0809495363718586), ('Spain', 0.07060763484242288), ('Uruguay', 0.05821365995256556), ('Austria', 0.054218986577223995), ('Denmark', 0.054218986577223995), ('England', 0.054218986577223995), ('Netherlands', 0.054218986577223995), ('Belgium', 0.04536140339535367), ('Czechoslovakia', 0.04536140339535367), ('Russia', 0.04536140339535367)]"
1925-01-01,19,15,0.043859649122807015,6,9,15,15,21,0.10578210540239537,0.05263157894736841,Scotland,0.10578210540239537,1.0580551085864927,"[('Scotland', 0.10578210540239537), ('Switzerland', 0.09997787879283039), ('Austria', 0.08572981652609385), ('Guernsey', 0.08192535848009877), ('Netherlands', 0.08192535848009877), ('Hungary', 0.0728340719633514), ('Jamaica', 0.05613386935461387), ('Turkey', 0.05613386935461387), ('England', 0.04323812479187142), ('Italy', 0.04323812479187142)]"
1925-05-01,31,31,0.03333333333333333,9,20,8,30,14,0.09898693683030417,0.03225806451612902,Paraguay,0.09898693683030417,1.0,"[('Paraguay', 0.09898693683030417), ('Uruguay', 0.09898693683030417), ('Czechoslovakia', 0.056928210517203474), ('Sweden', 0.05220573993408771), ('Austria', 0.04949874888543282), ('Russia', 0.04733355322958073), ('Denmark', 0.045339600896509215), ('China PR', 0.03947361918489585), ('Turkey', 0.03821117287634925), ('Netherlands', 0.034097303886255814)]"
1925-09-01,24,18,0.03260869565217391,8,8,15,18,31,0.06742827051586078,0.04166666666666666,Argentina,0.06742827051586078,1.024786768653138,"[('Argentina', 0.06742827051586078), ('Catalonia', 0.06579736641650902), ('Sweden', 0.06579736641650902), ('Germany', 0.06441206529998099), ('Spain', 0.056557817079345395), ('Austria', 0.04731826774218178), ('Czechoslovakia', 0.04731826774218178), ('Guernsey', 0.04731826774218178), ('Netherlands', 0.04731826774218178), ('Poland', 0.04731826774218178)]"
1926-01-01,23,19,0.037549407114624504,6,11,12,19,18,0.08406446495514203,0.04347826086956521,Scotland,0.08406446495514203,1.1409799850253532,"[('Scotland', 0.08406446495514203), ('Curaçao', 0.07367742296835651), ('France', 0.06868472980426522), ('Jersey', 0.06868472980426522), ('Italy', 0.057873271253970654), ('Haiti', 0.056749294703281786), ('Jamaica', 0.056749294703281786), ('Germany', 0.056251751031226135), ('Northern Ireland', 0.056251751031226135), ('Romania', 0.04706181270367607)]"
1926-05-01,26,28,0.043076923076923075,7,15,12,28,19,0.1344300208829259,0.03846153846153847,Austria,0.1344300208829259,1.1411669576116938,"[('Austria', 0.1344300208829259), ('Hungary', 0.11780048483376135), ('Sweden', 0.09781984411327664), ('Finland', 0.08194967980923494), ('Czechoslovakia', 0.07747735776680101), ('Latvia', 0.060980352830775714), ('Poland', 0.04508860189341204), ('Norway', 0.03684009942539939), ('England', 0.030116926674744773), ('Argentina', 0.025196747951288137)]"
1926-09-01,28,27,0.03571428571428571,9,11,9,26,27,0.11065986258952319,0.035714285714285705,Hungary,0.11065986258952319,1.0023286423889648,"[('Hungary', 0.11065986258952319), ('Spain', 0.11040277401010397), ('Austria', 0.09301948710396621), ('Uruguay', 0.06865063128818719), ('Sweden', 0.053840826325074045), ('Poland', 0.044119129071648076), ('Switzerland', 0.04203528306395991), ('Denmark', 0.0315950456440627), ('Czechoslovakia', 0.03022973980284577), ('Estonia', 0.03022973980284577)]"
1927-01-01,18,15,0.049019607843137254,5,8,18,15,27,0.16443365632484636,0.055555555555555546,Czechoslovakia,0.16443365632484636,1.8680676428717566,"[('Czechoslovakia', 0.16443365632484636), ('Italy', 0.0880233951657471), ('Belgium', 0.07928825074406422), ('England', 0.07554277621287749), ('Guernsey', 0.07554277621287749), ('Hungary', 0.05432701283832499), ('Scotland', 0.05432701283832499), ('Jersey', 0.05432701283832499), ('Portugal', 0.05432701283832499), ('Austria', 0.05245427557273162)]"
1927-05-01,28,29,0.03835978835978836,7,16,6,28,14,0.10273077773719574,0.0357142857142857,Argentina,0.10273077773719574,1.0,"[('Argentina', 0.10273077773719574), ('Uruguay', 0.10273077773719574), ('Canada', 0.10273077773719574), ('New Zealand', 0.10273077773719574), ('Sweden', 0.0678345500547351), ('Yugoslavia', 0.04161354770202185), ('China PR', 0.040631131773426386), ('England', 0.03615494293717888), ('Estonia', 0.03566373497288114), ('Italy', 0.03222483612587611)]"
1927-09-01,26,23,0.03538461538461538,8,9,11,21,27,0.09168244822448365,0.03846153846153847,Czechoslovakia,0.09168244822448365,1.01190891410917,"[('Czechoslovakia', 0.09168244822448365), ('Argentina', 0.09060345940839541), ('Uruguay', 0.05911394556785544), ('Denmark', 0.05817610040156837), ('Finland', 0.05676933265213777), ('Netherlands', 0.05676933265213777), ('Austria', 0.040825400352746316), ('Latvia', 0.040825400352746316), ('Honduras', 0.040825400352746316), ('Sweden', 0.040825400352746316)]"
1928-01-01,23,20,0.039525691699604744,7,10,13,19,22,0.10137403028237163,0.043478260869565216,Portugal,0.10137403028237163,1.0543603634951682,"[('Portugal', 0.10137403028237163), ('Italy', 0.09614742150048226), ('Hungary', 0.0714308645747783), ('Belgium', 0.06802342431242503), ('Czechoslovakia', 0.06092200407936439), ('Northern Ireland', 0.05054391027868668), ('Austria', 0.048557133653488266), ('Republic of Ireland', 0.048557133653488266), ('France', 0.041128572577946054), ('Wales', 0.041128572577946054)]"
1928-05-01,34,43,0.03832442067736185,6,19,8,42,19,0.16991292990582454,0.029411764705882353,Uruguay,0.16991292990582454,1.436356212162227,"[('Uruguay', 0.16991292990582454), ('Argentina', 0.1182944233937939), ('Paraguay', 0.08262529836345336), ('Egypt', 0.05027234237175307), ('Sweden', 0.04859878719489978), ('Italy', 0.0473313051440957), ('Austria', 0.03924734085350211), ('Portugal', 0.031200580269367967), ('Poland', 0.03106338115483563), ('Latvia', 0.02858459748801955)]"
1928-09-01,19,17,0.049707602339181284,5,6,21,17,43,0.19755635171733896,0.05263157894736841,Sweden,0.19755635171733896,1.026848023214285,"[('Sweden', 0.19755635171733896), ('Germany', 0.19239103280243883), ('Denmark', 0.18630665275510752), ('Czechoslovakia', 0.05968673929798213), ('England', 0.041839722211881994), ('Italy', 0.03923431825968572), ('El Salvador', 0.03402351035529317), ('Austria', 0.03363269977601939), ('Scotland', 0.026207298498704346), ('Hungary', 0.023601894546508073)]"
1929-01-01,21,16,0.0380952380952381,8,11,9,15,16,0.10652509317488341,0.0476190476190476,Spain,0.10652509317488341,1.3197921536537076,"[('Spain', 0.10652509317488341), ('Scotland', 0.08071353726416675), ('France', 0.07520775560375609), ('Germany', 0.061867399442996594), ('Italy', 0.05530362047083671), ('Barbados', 0.05530362047083671), ('Guernsey', 0.05530362047083671), ('Republic of Ireland', 0.05530362047083671), ('Romania', 0.05530362047083671), ('Austria', 0.05339742717855325)]"
1929-05-01,26,25,0.038461538461538464,8,15,10,25,16,0.0969407356914061,0.03846153846153847,Germany,0.0969407356914061,1.087687349638437,"[('Germany', 0.0969407356914061), ('Sweden', 0.0891255522311909), ('Spain', 0.06826570363790564), ('Scotland', 0.06512722764602921), ('England', 0.055391064637617164), ('Yugoslavia', 0.04518838874325109), ('Norway', 0.04463914481490024), ('Argentina', 0.0391868620095913), ('Czechoslovakia', 0.0391868620095913), ('El Salvador', 0.0391868620095913)]"
1929-09-01,27,26,0.037037037037037035,7,11,10,24,23,0.13786279770550938,0.037037037037037035,Argentina,0.13786279770550938,1.0247844450759656,"[('Argentina', 0.13786279770550938), ('Uruguay', 0.13452858146699312), ('Guyana', 0.0901075096493532), ('Trinidad and Tobago', 0.0901075096493532), ('Paraguay', 0.074521050982022), ('Hungary', 0.047960334832140086), ('Austria', 0.040519804001662794), ('Norway', 0.0364979844602161), ('England', 0.03075289045588421), ('Romania', 0.03075289045588421)]"
1930-01-01,25,23,0.03833333333333333,7,14,16,23,26,0.11108009776941842,0.039999999999999994,Cuba,0.11108009776941842,1.521703173298264,"[('Cuba', 0.11108009776941842), ('England', 0.07299721766936605), ('Italy', 0.06185020192909534), ('Scotland', 0.05893011410635937), ('Greece', 0.05893011410635937), ('Costa Rica', 0.05773107564901815), ('Curaçao', 0.04237893182608844), ('Yugoslavia', 0.04237893182608844), ('Jersey', 0.04237893182608844), ('Northern Ireland', 0.04237893182608844)]"
1930-05-01,41,53,0.03231707317073171,9,29,13,53,23,0.1008819779893599,0.02439024390243903,Uruguay,0.1008819779893599,1.4435948773453326,"[('Uruguay', 0.1008819779893599), ('Yugoslavia', 0.06988247158016701), ('Argentina', 0.06460837786775617), ('Denmark', 0.052512771533878455), ('Brazil', 0.05143248667428778), ('Czechoslovakia', 0.04671148539481655), ('Sweden', 0.046173358906677384), ('Spain', 0.038218676680707594), ('Italy', 0.03209292134294875), ('United States', 0.030020849361330097)]"
1930-09-01,23,16,0.03162055335968379,8,5,23,14,51,0.09659229722460387,0.043478260869565216,Norway,0.09659229722460387,1.1400680620036296,"[('Norway', 0.09659229722460387), ('Denmark', 0.08472502690308358), ('Germany', 0.07076585200742948), ('England', 0.0663533862519514), ('Poland', 0.05590883694843023), ('Hungary', 0.0543419404549368), ('Bulgaria', 0.04546428764490905), ('Czechoslovakia', 0.04546428764490905), ('Lithuania', 0.04546428764490905), ('Spain', 0.04546428764490905)]"
1931-01-01,30,23,0.026436781609195402,11,16,9,22,15,0.16601781107535107,0.03333333333333334,Guyana,0.16601781107535107,1.0,"[('Guyana', 0.16601781107535107), ('Trinidad and Tobago', 0.16601781107535107), ('Italy', 0.06856919189712792), ('Yugoslavia', 0.03875675527802315), ('Jersey', 0.036926794875788815), ('Austria', 0.0361490710942636), ('Barbados', 0.031041145431696268), ('Argentina', 0.02655547519424872), ('Basque Country', 0.02655547519424872), ('Curaçao', 0.02655547519424872)]"
1931-05-01,25,30,0.05,5,9,14,29,22,0.11195333084630661,0.04,Romania,0.11195333084630661,1.2296384797419608,"[('Romania', 0.11195333084630661), ('Sweden', 0.0910457282288368), ('Yugoslavia', 0.0698134549757616), ('France', 0.05658275311168214), ('Austria', 0.05492370209452822), ('Belgium', 0.051634042058874376), ('England', 0.04244860961604522), ('Portugal', 0.04244860961604522), ('Finland', 0.04049997152743111), ('Argentina', 0.03793147416218215)]"
1931-09-01,31,28,0.030107526881720432,8,10,4,25,27,0.111686585798451,0.03225806451612902,Estonia,0.111686585798451,1.0,"[('Estonia', 0.111686585798451), ('Latvia', 0.111686585798451), ('England', 0.05700317643909623), ('Italy', 0.049168205689088994), ('Bulgaria', 0.046912364592211736), ('Austria', 0.044182008766084226), ('Belgium', 0.042163846396707325), ('Hungary', 0.03812752165795353), ('Brazil', 0.031004744364696926), ('Spain', 0.031004744364696926)]"
1932-01-01,25,21,0.035,9,10,16,19,26,0.13214204747360692,0.04000000000000001,Trinidad and Tobago,0.13214204747360692,1.2982415704797574,"[('Trinidad and Tobago', 0.13214204747360692), ('Haiti', 0.10178540764549283), ('Jamaica', 0.10178540764549283), ('Guyana', 0.1017854076454928), ('Barbados', 0.07142876781737871), ('Austria', 0.06563872413621735), ('Guernsey', 0.041228547800839725), ('Italy', 0.03749702624961032), ('Bulgaria', 0.028249098635018347), ('Dominica', 0.028249098635018347)]"
1932-05-01,27,36,0.05128205128205128,7,15,13,35,20,0.09620281351889529,0.037037037037037035,Argentina,0.09620281351889529,1.0,"[('Argentina', 0.09620281351889529), ('Uruguay', 0.09620281351889529), ('Sweden', 0.06889130949250931), ('Estonia', 0.05502903563908583), ('France', 0.05084577239500604), ('Latvia', 0.04775580015058212), ('Norway', 0.044221778983633594), ('Bulgaria', 0.04283453246091503), ('Yugoslavia', 0.041796820110348715), ('Poland', 0.04091815484977266)]"
1932-09-01,24,23,0.041666666666666664,8,6,9,23,36,0.11525157851947687,0.041666666666666664,England,0.11525157851947687,1.062961107950191,"[('England', 0.11525157851947687), ('Austria', 0.10842501918224219), ('Hungary', 0.10697805396348785), ('Czechoslovakia', 0.08722826771006228), ('Italy', 0.06345954093117857), ('Wales', 0.042722458871453595), ('Poland', 0.040938043017264863), ('Sweden', 0.039790788274901165), ('Switzerland', 0.0349058285835334), ('Germany', 0.0349058285835334)]"
1933-01-01,17,17,0.0625,5,6,13,16,22,0.10738935837052736,0.058823529411764684,Hungary,0.10738935837052736,1.0211830862884563,"[('Hungary', 0.10738935837052736), ('France', 0.10516170881838598), ('Portugal', 0.10501369491972337), ('Austria', 0.10311969651475394), ('Spain', 0.10298913005747215), ('Czechoslovakia', 0.10137771947324711), ('Argentina', 0.09153231677160707), ('Uruguay', 0.09153231677160707), ('Italy', 0.047325926271298294), ('Jersey', 0.025400217904124583)]"
1933-05-01,25,27,0.045,6,14,6,27,17,0.09728122573877679,0.039999999999999994,Denmark,0.09728122573877679,1.0654287214810512,"[('Denmark', 0.09728122573877679), ('Sweden', 0.0913071177615207), ('Austria', 0.06481392923278988), ('Estonia', 0.058119457997928024), ('England', 0.05497308678089468), ('Belgium', 0.05311046747566327), ('Yugoslavia', 0.0514382872262021), ('Romania', 0.049473918247658184), ('Switzerland', 0.04153196205726841), ('Latvia', 0.04031812034910309)]"
1933-09-01,30,25,0.028735632183908046,9,13,8,23,25,0.07846706479621832,0.03333333333333333,Wales,0.07846706479621832,1.2274649015701324,"[('Wales', 0.07846706479621832), ('Germany', 0.06392611690635377), ('England', 0.05964765944743078), ('Poland', 0.05260887954155215), ('Trinidad and Tobago', 0.051615129593561584), ('Latvia', 0.0501245046715757), ('Italy', 0.0462601096909821), ('Sweden', 0.04308572476569707), ('Czechoslovakia', 0.041843537330708835), ('Argentina', 0.03604694485981844)]"
1934-01-01,30,26,0.029885057471264367,8,18,18,26,25,0.101316465660257,0.03333333333333333,Austria,0.101316465660257,1.8816397319837317,"[('Austria', 0.101316465660257), ('Guernsey', 0.05384477375668689), ('Spain', 0.05384477375668689), ('Mexico', 0.051301192890835415), ('Netherlands', 0.04819434927366893), ('Germany', 0.04253613855918882), ('Italy', 0.03689350030763301), ('Cuba', 0.03689350030763301), ('Egypt', 0.03689350030763301), ('England', 0.03689350030763301)]"
1934-05-01,32,37,0.037298387096774195,6,16,14,36,25,0.1713251763530627,0.03125,Italy,0.1713251763530627,1.4518866264632246,"[('Italy', 0.1713251763530627), ('Czechoslovakia', 0.11800175938696289), ('Germany', 0.08512905759883606), ('Austria', 0.054265498605146026), ('Sweden', 0.04452837719743634), ('China PR', 0.04212102625884061), ('Lithuania', 0.04141684391529446), ('Hungary', 0.02978361211300664), ('Argentina', 0.024219636544825892), ('Curaçao', 0.024219636544825892)]"
1934-09-01,24,22,0.03985507246376811,4,7,15,21,36,0.10592986137735505,0.041666666666666664,England,0.10592986137735505,1.2456262502002,"[('England', 0.10592986137735505), ('Italy', 0.08504144911873024), ('Norway', 0.075601256826181), ('Hungary', 0.07227322027254768), ('Germany', 0.05939648736056974), ('Northern Ireland', 0.05220557063728041), ('Finland', 0.0493626625429361), ('Austria', 0.033643021536613874), ('Yugoslavia', 0.033643021536613874), ('Netherlands', 0.033643021536613874)]"
1935-01-01,34,38,0.0338680926916221,10,18,8,38,22,0.0831777338938039,0.029411764705882342,Mexico,0.0831777338938039,1.2812630723452234,"[('Mexico', 0.0831777338938039), ('Germany', 0.06491854459018741), ('Uruguay', 0.05926658666344947), ('Costa Rica', 0.044961263863141074), ('Scotland', 0.038736420358450416), ('Italy', 0.037372334539011606), ('Bulgaria', 0.03240872685655197), ('Curaçao', 0.03240872685655197), ('Switzerland', 0.03240872685655197), ('Guernsey', 0.03240872685655197)]"
1935-05-01,35,31,0.026050420168067228,10,14,13,27,34,0.10415201759021107,0.02857142857142857,Sweden,0.10415201759021107,1.5703150887907107,"[('Sweden', 0.10415201759021107), ('Germany', 0.06632555359983063), ('Suriname', 0.045106880408859434), ('France', 0.044850925599531924), ('Spain', 0.043764306741032113), ('England', 0.04006814958421111), ('Curaçao', 0.03474208399480802), ('Trinidad and Tobago', 0.03474208399480802), ('Hungary', 0.034441385992973396), ('Latvia', 0.034441385992973396)]"
1935-09-01,26,25,0.038461538461538464,5,4,13,25,31,0.10305281278656798,0.03846153846153847,Hungary,0.10305281278656798,1.099423323191673,"[('Hungary', 0.10305281278656798), ('England', 0.09373351520995685), ('Germany', 0.07952923803062235), ('Switzerland', 0.06573540064824894), ('Curaçao', 0.06277022757699775), ('Sweden', 0.05729402881470043), ('Netherlands', 0.05614486641422385), ('Belgium', 0.04269040566581484), ('France', 0.04269040566581484), ('Trinidad and Tobago', 0.03392992417385097)]"
1936-01-01,23,20,0.039525691699604744,7,7,10,18,23,0.1879781929768651,0.043478260869565216,Trinidad and Tobago,0.1879781929768651,1.0495067995099747,"[('Trinidad and Tobago', 0.1879781929768651), ('Curaçao', 0.17911098152449706), ('Hungary', 0.08008394273598962), ('Northern Ireland', 0.04970227148490823), ('Austria', 0.0357431197666098), ('Germany', 0.0357431197666098), ('Jersey', 0.0357431197666098), ('Wales', 0.0357431197666098), ('Suriname', 0.0357431197666098), ('Netherlands', 0.03533255846419571)]"
1936-05-01,27,23,0.03276353276353276,9,18,14,23,20,0.07343417343008164,0.03703703703703703,Romania,0.07343417343008164,1.0704268771874088,"[('Romania', 0.07343417343008164), ('Denmark', 0.06860269953519196), ('Sweden', 0.062277156639302174), ('Latvia', 0.058794522362035806), ('Norway', 0.04924294047278464), ('Switzerland', 0.04370360361295444), ('Argentina', 0.0421358092733456), ('Australia', 0.0421358092733456), ('Guernsey', 0.0421358092733456), ('Italy', 0.0421358092733456)]"
1936-09-01,25,24,0.04,7,10,12,24,23,0.11757371927394299,0.039999999999999994,Wales,0.11757371927394299,1.264730983427844,"[('Wales', 0.11757371927394299), ('Hungary', 0.09296342132401855), ('England', 0.06567080261030037), ('Germany', 0.058559594397683934), ('Czechoslovakia', 0.0578679905912296), ('Scotland', 0.051049306021779206), ('Italy', 0.05075678237861318), ('Sweden', 0.047229442537210634), ('Uruguay', 0.047229442537210634), ('Republic of Ireland', 0.043246494002708455)]"
1937-01-01,25,28,0.04666666666666667,7,8,8,26,22,0.14859827568283027,0.04000000000000001,Uruguay,0.14859827568283027,1.0627681618485678,"[('Uruguay', 0.14859827568283027), ('Argentina', 0.13982191132293612), ('Brazil', 0.10279627089505705), ('Paraguay', 0.08010127760069413), ('Chile', 0.056211690450825594), ('Germany', 0.04596199738741395), ('Belgium', 0.0373192976039861), ('Peru', 0.03680466346196995), ('Italy', 0.03332149105380556), ('Switzerland', 0.02997077118669176)]"
1937-05-01,24,29,0.05253623188405797,6,16,17,29,28,0.10540707220943438,0.04166666666666666,Germany,0.10540707220943438,1.1666811687233538,"[('Germany', 0.10540707220943438), ('Estonia', 0.0903477959833504), ('Italy', 0.0781836471484833), ('Romania', 0.06791096612467715), ('Czechoslovakia', 0.06356656090918106), ('Sweden', 0.06254865371191698), ('England', 0.05496739018823915), ('Basque Country', 0.051348889363628844), ('Poland', 0.04650156360108193), ('Republic of Ireland', 0.045316953640272536)]"
1937-09-01,31,34,0.03655913978494624,8,14,7,32,27,0.08240948380967603,0.03225806451612903,England,0.08240948380967603,1.353098004290679,"[('England', 0.08240948380967603), ('Poland', 0.06090429780278681), ('Germany', 0.05811304144294318), ('Czechoslovakia', 0.05100187631653739), ('Hungary', 0.050519012012360864), ('France', 0.04799447145260453), ('Latvia', 0.044304160938170155), ('Wales', 0.04337327357804343), ('Basque Country', 0.04323280849306688), ('Norway', 0.042994681903504604)]"
1938-01-01,34,35,0.031194295900178252,10,16,13,34,33,0.09695829225640447,0.02941176470588235,Dominica,0.09695829225640447,1.0,"[('Dominica', 0.09695829225640447), ('Saint Lucia', 0.09695829225640447), ('Mexico', 0.07978129455452967), ('Portugal', 0.06224034064414796), ('Hungary', 0.04155425903280489), ('Costa Rica', 0.039390380714080256), ('Switzerland', 0.03217502995278), ('France', 0.028670670541969843), ('Colombia', 0.027016756269049688), ('Greece', 0.026918490836564765)]"
1938-05-01,41,56,0.03414634146341464,9,24,17,55,34,0.15443646395435007,0.02439024390243903,Italy,0.15443646395435007,2.361298399643906,"[('Italy', 0.15443646395435007), ('Brazil', 0.06540319680801027), ('Hungary', 0.047944841971035865), ('Switzerland', 0.047256145561494926), ('Peru', 0.04528982991751407), ('Czechoslovakia', 0.03319686381225091), ('Belgium', 0.031125845546483653), ('Sweden', 0.03100006732668397), ('England', 0.02604542931407123), ('Bolivia', 0.024480720021117956)]"
1938-09-01,28,24,0.031746031746031744,8,7,20,20,52,0.0982083331288391,0.03571428571428571,Australia,0.0982083331288391,1.0,"[('Australia', 0.0982083331288391), ('India', 0.0982083331288391), ('Basque Country', 0.0982083331288391), ('Mexico', 0.0982083331288391), ('Scotland', 0.07795471730337132), ('Wales', 0.05227516300246662), ('England', 0.04416534790146473), ('Italy', 0.03884255233419548), ('Republic of Ireland', 0.030493247327894785), ('Argentina', 0.027257778012200706)]"
1939-01-01,29,29,0.03571428571428571,10,16,15,28,23,0.10441072569480636,0.034482758620689655,Argentina,0.10441072569480636,1.0,"[('Argentina', 0.10441072569480636), ('Brazil', 0.10441072569480636), ('Peru', 0.06293163699010734), ('Belgium', 0.054238483868736136), ('Germany', 0.052035914194693465), ('Brittany', 0.047782846545208285), ('Netherlands', 0.04537736101720303), ('Luxembourg', 0.03778266241390924), ('Italy', 0.03778266241390924), ('Switzerland', 0.03564264187637189)]"
1939-05-01,28,30,0.03968253968253968,6,13,14,30,29,0.08712279820390588,0.035714285714285705,Slovakia,0.08712279820390588,1.068679309458553,"[('Slovakia', 0.08712279820390588), ('Germany', 0.08152379992090115), ('Norway', 0.07246751832806464), ('Sweden', 0.0642874283363341), ('Italy', 0.06164115467035047), ('Yugoslavia', 0.046961434164710485), ('Denmark', 0.044841979841341015), ('France', 0.04055454167852489), ('Switzerland', 0.04055454167852489), ('Romania', 0.038708416587295014)]"
1939-09-01,17,16,0.058823529411764705,5,5,16,13,27,0.15078526526774097,0.05882352941176469,Hungary,0.15078526526774097,1.2514298361312475,"[('Hungary', 0.15078526526774097), ('Germany', 0.12049038700714414), ('Sweden', 0.10521277788700995), ('Japan', 0.09164062907339691), ('Uganda', 0.06279087113964968), ('Denmark', 0.062069773437426125), ('Switzerland', 0.04836599217277607), ('Norway', 0.043557699183818195), ('Latvia', 0.043557699183818195), ('Finland', 0.03394111320590246)]"
1940-01-01,21,16,0.0380952380952381,8,14,10,15,15,0.15329001828965652,0.047619047619047616,Brazil,0.15329001828965652,1.0000409326897441,"[('Brazil', 0.15329001828965652), ('Argentina', 0.15328374397372163), ('Netherlands', 0.06659433778294643), ('Uruguay', 0.06208018258308663), ('Belgium', 0.051295706891330554), ('Luxembourg', 0.051295706891330554), ('France', 0.042537101920664955), ('Israel', 0.042537101920664955), ('Italy', 0.042537101920664955), ('Uganda', 0.042537101920664955)]"
1940-05-01,18,13,0.042483660130718956,6,11,14,13,16,0.17128907695778897,0.055555555555555546,Argentina,0.17128907695778897,1.0,"[('Argentina', 0.17128907695778897), ('Uruguay', 0.17128907695778897), ('Japan', 0.09122411350397558), ('Lithuania', 0.06610553820085138), ('Hungary', 0.058460423202925535), ('Italy', 0.05682236565171345), ('Estonia', 0.04753919310257551), ('Slovakia', 0.04753919310257551), ('Sweden', 0.04753919310257551), ('Germany', 0.0366179630022255)]"
1940-09-01,10,9,0.1,4,2,10,8,12,0.20941157127885499,0.10000000000000005,Latvia,0.20941157127885499,1.0,"[('Latvia', 0.20941157127885499), ('Lithuania', 0.20941157127885499), ('Romania', 0.14833499046745424), ('Yugoslavia', 0.13755346721428324), ('Germany', 0.12486957372408275), ('Sweden', 0.044764448562210346), ('Bulgaria', 0.03141359436856494), ('Denmark', 0.03141359436856494), ('Finland', 0.03141359436856494), ('Slovakia', 0.03141359436856494)]"
1941-01-01,16,17,0.07083333333333333,6,15,9,17,9,0.23704445017785666,0.0625,Germany,0.23704445017785666,1.0495327481310057,"[('Germany', 0.23704445017785666), ('Switzerland', 0.22585712604011865), ('Argentina', 0.10184365543304577), ('Curaçao', 0.045072005478222696), ('Kenya', 0.045072005478222696), ('Martinique', 0.045072005478222696), ('Spain', 0.045072005478222696), ('Uruguay', 0.043429056766426444), ('Chile', 0.03581777857649745), ('Peru', 0.029540435783289947)]"
1941-05-01,11,12,0.10909090909090909,3,9,14,12,17,0.21674724147377486,0.09090909090909091,Costa Rica,0.21674724147377486,1.5655814061029583,"[('Costa Rica', 0.21674724147377486), ('Germany', 0.13844520676398528), ('Iran', 0.13190700677137313), ('India', 0.09486033820457693), ('El Salvador', 0.08859495463557435), ('Curaçao', 0.06217168678502064), ('Panama', 0.06217168678502064), ('Nicaragua', 0.051275469645168555), ('Croatia', 0.051275469645168555), ('Romania', 0.051275469645168555)]"
1941-09-01,12,9,0.06818181818181818,4,9,8,9,12,0.17298456958667574,0.08333333333333333,Denmark,0.17298456958667574,1.2054319791778236,"[('Denmark', 0.17298456958667574), ('Sweden', 0.1435042147335941), ('Germany', 0.10881738071963495), ('Martinique', 0.09436514530832713), ('Hungary', 0.07268679219136535), ('Spain', 0.07268679219136535), ('Croatia', 0.06546067448571144), ('Romania', 0.06546067448571144), ('Slovakia', 0.0510084390744036), ('Finland', 0.0510084390744036)]"
1942-01-01,16,25,0.10416666666666667,3,12,8,25,9,0.17929276251872672,0.062499999999999986,Uruguay,0.17929276251872672,1.725559571151317,"[('Uruguay', 0.17929276251872672), ('Portugal', 0.10390412798040935), ('Argentina', 0.09130879207503065), ('Italy', 0.08452029806243869), ('Switzerland', 0.08452029806243869), ('Cuba', 0.059312462905269175), ('Brazil', 0.05734435285219345), ('Paraguay', 0.046973631080061216), ('Germany', 0.04568673074686506), ('Spain', 0.04568673074686506)]"
1942-05-01,18,12,0.0392156862745098,7,14,12,12,25,0.12810619355442823,0.05555555555555555,Japan,0.12810619355442823,1.1359994650527254,"[('Japan', 0.12810619355442823), ('Germany', 0.11276958968328599), ('Croatia', 0.07979622700838516), ('Argentina', 0.0667597780698592), ('Kenya', 0.0667597780698592), ('Latvia', 0.0667597780698592), ('Sweden', 0.0667597780698592), ('Slovakia', 0.051423174198716934), ('Uruguay', 0.036086570327574674), ('Bulgaria', 0.036086570327574674)]"
1942-09-01,7,8,0.19047619047619047,2,1,12,6,10,0.2539841847454402,0.14285714285714285,Switzerland,0.2539841847454402,1.0056496797740764,"[('Switzerland', 0.2539841847454402), ('Sweden', 0.25255731678102744), ('Germany', 0.21157231469613488), ('Hungary', 0.1472524528167133), ('Croatia', 0.05601555262539788), ('Slovakia', 0.03930908916764314), ('Denmark', 0.03930908916764314)]"
1943-01-01,7,4,0.09523809523809523,3,4,4,3,7,0.23128825173196232,0.14285714285714285,Switzerland,0.23128825173196232,1.3905431537749233,"[('Switzerland', 0.23128825173196232), ('Argentina', 0.16632943113205906), ('Croatia', 0.16632943113205906), ('Uganda', 0.16632943113205906), ('Uruguay', 0.08990781829062017), ('Slovakia', 0.08990781829062017), ('Kenya', 0.08990781829062017)]"
1943-05-01,7,6,0.14285714285714285,3,5,5,6,4,0.3138024441797256,0.14285714285714282,Argentina,0.3138024441797256,1.0,"[('Argentina', 0.3138024441797256), ('Paraguay', 0.3138024441797256), ('Hungary', 0.10708794602198905), ('Denmark', 0.10408726491628582), ('Sweden', 0.06707696168106567), ('Bulgaria', 0.04707146951060398), ('Switzerland', 0.04707146951060398)]"
1943-09-01,11,13,0.11818181818181818,4,9,5,13,6,0.1548063145458741,0.09090909090909093,Hungary,0.1548063145458741,1.014005962579416,"[('Hungary', 0.1548063145458741), ('El Salvador', 0.15266805152908539), ('Costa Rica', 0.15018683079689174), ('Sweden', 0.14750076580416582), ('Guyana', 0.1060726597719438), ('Suriname', 0.1060726597719438), ('Guatemala', 0.10552485779600654), ('Curaçao', 0.029435163086714407), ('Nicaragua', 0.01591089896579157), ('Aruba', 0.01591089896579157)]"
1944-01-01,8,6,0.10714285714285714,3,6,9,5,12,0.16228046790884154,0.12499999999999997,Croatia,0.16228046790884154,1.0,"[('Croatia', 0.16228046790884154), ('Curaçao', 0.16228046790884154), ('Trinidad and Tobago', 0.16228046790884154), ('Venezuela', 0.16228046790884154), ('Slovakia', 0.0877195320911584), ('Aruba', 0.0877195320911584), ('Haiti', 0.0877195320911584), ('Barbados', 0.0877195320911584)]"
1944-05-01,5,5,0.25,2,3,6,4,5,0.34783425062171786,0.2000000000000001,Curaçao,0.34783425062171786,1.0247873628175166,"[('Curaçao', 0.34783425062171786), ('Aruba', 0.3394209015862509), ('Suriname', 0.1880183458727082), ('Brazil', 0.08096281920372521), ('Uruguay', 0.04376368271559834)]"
1944-09-01,10,7,0.07777777777777778,4,7,2,6,4,0.16441692870573757,0.10000000000000002,Trinidad and Tobago,0.16441692870573757,1.0297412003847664,"[('Trinidad and Tobago', 0.16441692870573757), ('Curaçao', 0.15966820463656559), ('Aruba', 0.11482503908858867), ('France', 0.11482503908858867), ('Kenya', 0.11482503908858867), ('Guyana', 0.08317041569063054), ('Suriname', 0.06206733342532514), ('Belgium', 0.06206733342532514), ('Barbados', 0.06206733342532514), ('Uganda', 0.06206733342532514)]"
1945-01-01,13,22,0.14102564102564102,3,10,7,22,7,0.24401092991433063,0.07692307692307696,Argentina,0.24401092991433063,1.6100311866598076,"[('Argentina', 0.24401092991433063), ('Brazil', 0.151556648055097), ('Uganda', 0.10566678535991932), ('Chile', 0.0819224886892195), ('Switzerland', 0.07240146005922965), ('Uruguay', 0.06383567955228651), ('Colombia', 0.04578919981867791), ('Bolivia', 0.039136134758539984), ('Ecuador', 0.039136134758539984), ('Paraguay', 0.039136134758539984)]"
1945-05-01,21,14,0.03333333333333333,8,15,7,11,19,0.20603521457873816,0.047619047619047616,Argentina,0.20603521457873816,1.0495139725445028,"[('Argentina', 0.20603521457873816), ('Paraguay', 0.1963148847644347), ('Sweden', 0.0724761113604984), ('Switzerland', 0.04817622753133722), ('Denmark', 0.03917627210323876), ('Hungary', 0.03917627210323876), ('Lithuania', 0.03917627210323876), ('Luxembourg', 0.03917627210323876), ('Suriname', 0.03917627210323876), ('Uganda', 0.03917627210323876)]"
1945-09-01,21,16,0.0380952380952381,8,8,8,12,10,0.12040878669139866,0.047619047619047616,Argentina,0.12040878669139866,1.0,"[('Argentina', 0.12040878669139866), ('Brazil', 0.12040878669139866), ('Estonia', 0.12040878669139866), ('Lithuania', 0.12040878669139866), ('Switzerland', 0.071591711877545), ('Sweden', 0.06297357721036634), ('Wales', 0.046468220548687184), ('Aruba', 0.033417128093184305), ('England', 0.033417128093184305), ('Hungary', 0.033417128093184305)]"
1946-01-01,24,37,0.06702898550724638,6,17,14,36,15,0.13902582409917208,0.041666666666666664,Guatemala,0.13902582409917208,1.010939969937319,"[('Guatemala', 0.13902582409917208), ('Honduras', 0.13752134472217184), ('Costa Rica', 0.10422517297598746), ('El Salvador', 0.0731409153083014), ('Argentina', 0.05947686402015037), ('Panama', 0.05232574314274579), ('Scotland', 0.03847853708746564), ('Uruguay', 0.037636099644158774), ('Portugal', 0.03437516442535525), ('Brazil', 0.033894427466528675)]"
1946-05-01,27,21,0.029914529914529916,9,16,13,20,36,0.13079949401208832,0.03703703703703703,Norway,0.13079949401208832,1.1671024801588605,"[('Norway', 0.13079949401208832), ('Denmark', 0.11207198702403966), ('Luxembourg', 0.07479391444013954), ('France', 0.05648553469965179), ('Curaçao', 0.0506353991902392), ('Portugal', 0.04941110719624321), ('Albania', 0.03553357664999342), ('Jersey', 0.03553357664999342), ('Netherlands', 0.03553357664999342), ('Republic of Ireland', 0.03553357664999342)]"
1946-09-01,34,45,0.040106951871657755,7,17,10,43,19,0.09536124317263228,0.02941176470588235,Albania,0.09536124317263228,1.0388309501777548,"[('Albania', 0.09536124317263228), ('Yugoslavia', 0.09179669045893846), ('Romania', 0.08877645729388411), ('Guyana', 0.0716713019836453), ('Suriname', 0.0716713019836453), ('Colombia', 0.07036091952038692), ('England', 0.055071123301118276), ('Curaçao', 0.04647701255827954), ('Panama', 0.03229530332809795), ('Aruba', 0.03050359120129967)]"
1947-01-01,19,12,0.03508771929824561,8,11,26,12,45,0.0948998759277903,0.052631578947368404,Trinidad and Tobago,0.0948998759277903,1.2982847658002137,"[('Trinidad and Tobago', 0.0948998759277903), ('Curaçao', 0.07309634868071305), ('Jamaica', 0.07309634868071305), ('France', 0.07245450204182129), ('Brazil', 0.06061751425787418), ('Italy', 0.06061751425787418), ('Mauritius', 0.06061751425787418), ('Netherlands', 0.06061751425787418), ('Northern Ireland', 0.06061751425787418), ('Suriname', 0.06061751425787418)]"
1947-05-01,36,38,0.03015873015873016,8,26,9,37,11,0.1371770354446222,0.027777777777777776,England,0.1371770354446222,1.00079361725217,"[('England', 0.1371770354446222), ('France', 0.13706825571216416), ('Switzerland', 0.12463225773588835), ('South Africa', 0.07818900848841857), ('Australia', 0.07450158314337751), ('Sweden', 0.035758396203453995), ('Italy', 0.03444964310734422), ('Hungary', 0.031074465712020508), ('Yugoslavia', 0.022463766709242272), ('Mexico', 0.021185820059074698)]"
1947-09-01,48,57,0.02526595744680851,12,27,15,56,37,0.09481393108819644,0.02083333333333333,Austria,0.09481393108819644,1.0158339007292339,"[('Austria', 0.09481393108819644), ('Czechoslovakia', 0.09333605722365894), ('Italy', 0.08829138515194718), ('Argentina', 0.05470223654365933), ('England', 0.03902537167174939), ('Paraguay', 0.0317035389459482), ('Guyana', 0.030815699764044222), ('Uganda', 0.030617916484292018), ('Yugoslavia', 0.02957226361923918), ('Suriname', 0.026408521324243716)]"
1948-01-01,28,26,0.03439153439153439,11,10,30,26,57,0.12573623829680264,0.035714285714285705,Panama,0.12573623829680264,1.3640013603516103,"[('Panama', 0.12573623829680264), ('Guatemala', 0.0921819009508836), ('Suriname', 0.08670031805347427), ('Trinidad and Tobago', 0.08670031805347427), ('Curaçao', 0.08390863352713625), ('Costa Rica', 0.08300778885848224), ('El Salvador', 0.04866702863406665), ('England', 0.0334606367650326), ('Scotland', 0.024062651252957586), ('Guernsey', 0.024062651252957586)]"
1948-05-01,40,35,0.022435897435897436,12,25,13,35,26,0.09800762820519993,0.025,Netherlands,0.09800762820519993,1.7416992414355683,"[('Netherlands', 0.09800762820519993), ('Sweden', 0.056271269960718746), ('Austria', 0.04956508704703359), ('Norway', 0.04239031306163026), ('Mauritius', 0.037281853038450906), ('Zimbabwe', 0.036379803478246195), ('Belgium', 0.03382557346665652), ('Hungary', 0.027531854963586504), ('Yugoslavia', 0.02743999843768231), ('Australia', 0.02616288343188747)]"
1948-09-01,38,35,0.024893314366998577,9,18,20,33,33,0.06723016190465021,0.026315789473684202,Guadeloupe,0.06723016190465021,1.0375683908129782,"[('Guadeloupe', 0.06723016190465021), ('Bulgaria', 0.06479588478208416), ('Hungary', 0.060683323276955164), ('Austria', 0.04759974913235216), ('Martinique', 0.0472556980395275), ('England', 0.04522674671634127), ('Uganda', 0.04522674671634127), ('Sweden', 0.04045297711866799), ('Lithuania', 0.035679207520994724), ('Haiti', 0.03437591973136464)]"
1949-01-01,31,36,0.03870967741935484,10,19,26,35,34,0.09864367446661705,0.03225806451612903,Haiti,0.09864367446661705,1.0,"[('Haiti', 0.09864367446661705), ('Trinidad and Tobago', 0.09864367446661705), ('Brazil', 0.081048471852464), ('Uruguay', 0.06302341164084356), ('Paraguay', 0.0542629770505623), ('Bolivia', 0.04727559303027206), ('Austria', 0.0399658068842831), ('Italy', 0.0399658068842831), ('Peru', 0.038079080462618826), ('China PR', 0.03807869298112539)]"
1949-05-01,55,47,0.015824915824915825,15,30,6,47,36,0.055756913916455625,0.018181818181818177,Brazil,0.055756913916455625,1.0,"[('Brazil', 0.055756913916455625), ('Paraguay', 0.055756913916455625), ('El Salvador', 0.055756913916455625), ('Panama', 0.055756913916455625), ('Trinidad and Tobago', 0.04360114074936128), ('Sweden', 0.03445079451864683), ('Jamaica', 0.0330779606392744), ('Netherlands', 0.030660139066250914), ('Dominican Republic', 0.026670666978392002), ('Spain', 0.025813954456235143)]"
1949-09-01,43,46,0.02547065337763012,10,15,27,42,43,0.09089284268422027,0.02325581395348837,Hungary,0.09089284268422027,1.0236306592086672,"[('Hungary', 0.09089284268422027), ('Sweden', 0.08879456849649885), ('Republic of Ireland', 0.06403741139682984), ('Finland', 0.05915202386643456), ('Denmark', 0.05873310832966089), ('Austria', 0.043314925581455554), ('England', 0.03490937202498984), ('Wales', 0.032740971831431265), ('Yugoslavia', 0.03128585082483905), ('Belgium', 0.027661616890249683)]"
1950-01-01,30,21,0.02413793103448276,12,18,31,19,44,0.09999254411311029,0.03333333333333333,Guyana,0.09999254411311029,1.0,"[('Guyana', 0.09999254411311029), ('Trinidad and Tobago', 0.09999254411311029), ('Chile', 0.07452114482058779), ('Austria', 0.04781701604336244), ('Bolivia', 0.046677665539146485), ('Uruguay', 0.046677665539146485), ('Argentina', 0.044623278578686976), ('Italy', 0.03860148182846283), ('England', 0.03860148182846283), ('Paraguay', 0.03484388257282946)]"
1950-05-01,43,47,0.02602436323366556,12,23,10,47,21,0.24474995634169344,0.02325581395348837,Brazil,0.24474995634169344,1.0717780328611988,"[('Brazil', 0.24474995634169344), ('Uruguay', 0.2283588101617585), ('Australia', 0.04513071798069574), ('South Africa', 0.04353158945585322), ('Guyana', 0.034543756144110135), ('Suriname', 0.034543756144110135), ('Spain', 0.027332465442355104), ('Sweden', 0.025276194383255714), ('Denmark', 0.024832972290011256), ('England', 0.02463494163523979)]"
1950-09-01,38,39,0.027738264580369845,11,17,22,37,45,0.0788909318179289,0.0263157894736842,Israel,0.0788909318179289,1.0,"[('Israel', 0.0788909318179289), ('Turkey', 0.0788909318179289), ('Hungary', 0.06071333005603764), ('Austria', 0.051576225354634575), ('Trinidad and Tobago', 0.04773632970166949), ('Yugoslavia', 0.041791069631231054), ('Tanzania', 0.04052426812502749), ('Germany', 0.03854090287841242), ('Sweden', 0.03815567097733413), ('Switzerland', 0.03141171482843945)]"
1951-01-01,30,21,0.02413793103448276,12,17,25,20,38,0.11609652622191498,0.03333333333333333,Barbados,0.11609652622191498,1.0,"[('Barbados', 0.11609652622191498), ('Grenada', 0.11609652622191498), ('India', 0.08496279836023861), ('Iran', 0.053329259486927794), ('Panama', 0.04592541968244297), ('France', 0.0322281865664442), ('Italy', 0.0322281865664442), ('Jersey', 0.0322281865664442), ('Martinique', 0.0322281865664442), ('Netherlands', 0.0322281865664442)]"
1951-05-01,30,26,0.029885057471264367,8,17,17,26,21,0.09471629699979156,0.03333333333333334,Barbados,0.09471629699979156,1.0,"[('Barbados', 0.09471629699979156), ('Jamaica', 0.09471629699979156), ('Norway', 0.06479336112927499), ('England', 0.06250091875957887), ('Austria', 0.05196716204645194), ('Argentina', 0.0497017358897832), ('Yugoslavia', 0.047791273603883994), ('Iceland', 0.04529235828685639), ('Scotland', 0.044416004791267075), ('Republic of Ireland', 0.04175067175121956)]"
1951-09-01,40,34,0.021794871794871794,12,21,11,33,25,0.12841173437472503,0.025000000000000005,New Zealand,0.12841173437472503,1.0772430269414388,"[('New Zealand', 0.12841173437472503), ('New Caledonia', 0.11920405253336187), ('Haiti', 0.06692323193433364), ('Jamaica', 0.06692323193433364), ('Republic of Ireland', 0.05514517953706705), ('Germany', 0.05306653593063458), ('Tanzania', 0.034357035826634734), ('Austria', 0.025824243710219606), ('Norway', 0.025169616070372686), ('Wales', 0.022197803120629266)]"
1952-01-01,32,32,0.03225806451612903,10,17,25,28,30,0.08181848906730539,0.03125,Brazil,0.08181848906730539,1.4344322474507478,"[('Brazil', 0.08181848906730539), ('Austria', 0.05703893593629955), ('Curaçao', 0.05516334218343698), ('Chile', 0.04986791157139571), ('Belgium', 0.0467405079310106), ('Aruba', 0.04453238329076584), ('England', 0.04453238329076584), ('Sweden', 0.04453238329076584), ('Uruguay', 0.034995172730781746), ('Suriname', 0.032025830645232116)]"
1952-05-01,31,28,0.030107526881720432,8,23,24,28,32,0.08627598447096484,0.03225806451612903,Finland,0.08627598447096484,1.0842780912308225,"[('Finland', 0.08627598447096484), ('Russia', 0.07956997855875544), ('Hungary', 0.07337120908831771), ('England', 0.06302766568941505), ('Norway', 0.05387258475999718), ('Sweden', 0.04572188196836932), ('Mauritius', 0.04535640853382352), ('Yugoslavia', 0.04010001702589071), ('Romania', 0.03670351667330065), ('Switzerland', 0.031828860591220524)]"
1952-09-01,35,33,0.02773109243697479,9,17,13,33,28,0.08524334595571821,0.028571428571428564,Zambia,0.08524334595571821,1.0,"[('Zambia', 0.08524334595571821), ('Zimbabwe', 0.08524334595571821), ('England', 0.08003393653032004), ('Belgium', 0.07270815267511982), ('France', 0.06408993086979349), ('Sweden', 0.047714364256604566), ('Uganda', 0.04227711946208664), ('Germany', 0.04115787440845647), ('Argentina', 0.03454228986325492), ('New Zealand', 0.03454228986325492)]"
1953-01-01,42,52,0.030197444831591175,12,29,22,49,30,0.06917248694237255,0.023809523809523808,Costa Rica,0.06917248694237255,1.144021726924747,"[('Costa Rica', 0.06917248694237255), ('Paraguay', 0.06046431227168701), ('South Korea', 0.05853728280745247), ('Brazil', 0.04970086065708267), ('Uruguay', 0.03468167266018802), ('Jersey', 0.03379725928196509), ('Guatemala', 0.032303746351245735), ('Chile', 0.029917062780052645), ('Honduras', 0.029273023529648626), ('Peru', 0.029259073707785674)]"
1953-05-01,40,38,0.02435897435897436,10,25,27,37,51,0.07749316797650373,0.025,Jamaica,0.07749316797650373,1.0,"[('Jamaica', 0.07749316797650373), ('Trinidad and Tobago', 0.07749316797650373), ('Yugoslavia', 0.0598163739738101), ('Sweden', 0.057197658819388986), ('Argentina', 0.04931140175888935), ('Hungary', 0.04582933819797335), ('Belgium', 0.03923763230085571), ('Mauritius', 0.030665844002823593), ('Czechoslovakia', 0.029924376379731294), ('England', 0.029551615835791863)]"
1953-09-01,52,44,0.016591251885369532,13,30,18,40,34,0.07094356478577836,0.019230769230769235,Hungary,0.07094356478577836,1.5766364370407129,"[('Hungary', 0.07094356478577836), ('Czechoslovakia', 0.044996781197659465), ('Kenya', 0.04194889849630682), ('Italy', 0.037846630391319205), ('Denmark', 0.03242856545734987), ('Germany', 0.03242856545734987), ('Norway', 0.03224868837728735), ('Uganda', 0.02732431768218269), ('France', 0.026894393136409806), ('India', 0.026679430863523368)]"
1954-01-01,32,23,0.023185483870967742,12,11,31,17,38,0.10961437161803414,0.03125,Spain,0.10961437161803414,1.0,"[('Spain', 0.10961437161803414), ('Turkey', 0.10961437161803414), ('Brazil', 0.05524718845998987), ('Germany', 0.04441122633007426), ('Yugoslavia', 0.043362746573394687), ('Mexico', 0.042314266816715115), ('Paraguay', 0.037420525630097096), ('Hungary', 0.037420525630097096), ('Italy', 0.037420525630097096), ('Belgium', 0.030429824930119937)]"
1954-05-01,56,68,0.02207792207792208,13,35,11,68,23,0.22786479945630045,0.017857142857142853,Germany,0.22786479945630045,1.049074461807086,"[('Germany', 0.22786479945630045), ('Hungary', 0.21720555380195924), ('Australia', 0.03168211759381441), ('New Zealand', 0.03168211759381441), ('Austria', 0.03158760719429381), ('Zimbabwe', 0.023617397477331048), ('Taiwan', 0.019774947980654572), ('Switzerland', 0.01841851149643735), ('Uruguay', 0.017712816645701446), ('Myanmar', 0.01755288806038698)]"
1954-09-01,43,36,0.019933554817275746,11,17,30,34,66,0.08464791848419478,0.023255813953488372,Chile,0.08464791848419478,1.0,"[('Chile', 0.08464791848419478), ('Peru', 0.08464791848419478), ('Hungary', 0.06436516107513458), ('Uganda', 0.0434854918627003), ('Yugoslavia', 0.0379052976475289), ('Russia', 0.03268558024304484), ('England', 0.032235384026934676), ('Belgium', 0.028635413487049528), ('Italy', 0.028095497865516558), ('Pakistan', 0.028095497865516558)]"
1955-01-01,28,25,0.03306878306878307,10,11,26,24,35,0.10229673204485593,0.035714285714285705,Argentina,0.10229673204485593,1.5542035383283712,"[('Argentina', 0.10229673204485593), ('Chile', 0.06581939206938206), ('France', 0.058488056862332445), ('Egypt', 0.05572734083200473), ('Italy', 0.04928168253993853), ('Bulgaria', 0.04007530821754462), ('Czechoslovakia', 0.04007530821754462), ('England', 0.04007530821754462), ('Japan', 0.04007530821754462), ('Jersey', 0.04007530821754462)]"
1955-05-01,39,50,0.033738191632928474,10,25,14,50,25,0.1479820855458697,0.02564102564102564,Guatemala,0.1479820855458697,1.03811220976991,"[('Guatemala', 0.1479820855458697), ('Costa Rica', 0.1425492197791112), ('Hungary', 0.07200945714321028), ('El Salvador', 0.05591202198681649), ('Russia', 0.04293627891848442), ('Curaçao', 0.0411906264391994), ('Scotland', 0.03075733640216295), ('Germany', 0.028588554189053334), ('Honduras', 0.02673898588898997), ('Denmark', 0.02594097495696199)]"
1955-09-01,46,43,0.02077294685990338,11,21,14,40,47,0.09834196067749834,0.021739130434782608,Hungary,0.09834196067749834,1.5990118619840592,"[('Hungary', 0.09834196067749834), ('Wales', 0.061501708033282074), ('England', 0.06082084430282834), ('Austria', 0.05643708023467016), ('German DR', 0.04121394032881333), ('Northern Ireland', 0.04037463628957873), ('Scotland', 0.03595286567813088), ('Uganda', 0.03358783039830036), ('Russia', 0.026752893094210167), ('Brazil', 0.026497299027972696)]"
1956-01-01,35,42,0.03529411764705882,11,20,31,41,42,0.0998084580831822,0.02857142857142856,Brazil,0.0998084580831822,1.2665636924698747,"[('Brazil', 0.0998084580831822), ('Cambodia', 0.07880255740518644), ('Malaysia', 0.07880255740518644), ('Italy', 0.0685723390332049), ('Chile', 0.05998524185195275), ('Argentina', 0.048336632954387795), ('Uruguay', 0.04830696231712744), ('Portugal', 0.03768908625047657), ('Curaçao', 0.03117934709837258), ('Haiti', 0.03117934709837258)]"
1956-05-01,46,44,0.021256038647342997,11,28,17,43,41,0.06076053727855024,0.021739130434782608,England,0.06076053727855024,1.1015738263778116,"[('England', 0.06076053727855024), ('Brazil', 0.055157934787124226), ('Czechoslovakia', 0.05227957439517442), ('Russia', 0.047257778631952754), ('Argentina', 0.04151405357781219), ('Yugoslavia', 0.03966853958075579), ('Sweden', 0.037319048892136365), ('China PR', 0.03250482245993552), ('Republic of Ireland', 0.030970225566853644), ('Uruguay', 0.023149123510402256)]"
1956-09-01,54,56,0.019566736547868623,11,29,21,55,43,0.0612947465642645,0.018518518518518514,Guyana,0.0612947465642645,1.0,"[('Guyana', 0.0612947465642645), ('Suriname', 0.0612947465642645), ('South Korea', 0.04489766350281397), ('Hungary', 0.04287370161647516), ('Bulgaria', 0.03565070436530339), ('Uganda', 0.0315068311551735), ('Yugoslavia', 0.03067069524423448), ('Nigeria', 0.02933581299455461), ('England', 0.029123546492311945), ('Poland', 0.02759436442740173)]"
1957-01-01,40,44,0.028205128205128206,12,22,36,43,55,0.1248022191464498,0.025000000000000005,Peru,0.1248022191464498,1.0652471537190444,"[('Peru', 0.1248022191464498), ('Argentina', 0.11715799353298811), ('Brazil', 0.07826055371488273), ('Uruguay', 0.07566693900356986), ('Colombia', 0.04392468287517341), ('Germany', 0.03923206068137364), ('Egypt', 0.03442285206027758), ('Austria', 0.027155828675270242), ('India', 0.027155828675270242), ('Costa Rica', 0.026728456063497275)]"
1957-05-01,59,63,0.01841028638223261,13,36,17,61,42,0.06882638319210817,0.016949152542372878,Scotland,0.06882638319210817,1.0090843891785457,"[('Scotland', 0.06882638319210817), ('Paraguay', 0.06820676638168678), ('Spain', 0.06386944870873694), ('Czechoslovakia', 0.062401693532427555), ('Wales', 0.058420993331521155), ('Brazil', 0.05151890748606116), ('Argentina', 0.04916853968971054), ('Bolivia', 0.04402379452105114), ('German DR', 0.03020848389970884), ('China PR', 0.028824420709831926)]"
1957-09-01,55,60,0.020202020202020204,13,18,22,50,53,0.07734417513709392,0.01818181818181818,Vietnam Republic,0.07734417513709392,1.0858667933576556,"[('Vietnam Republic', 0.07734417513709392), ('Indonesia', 0.07122805081637561), ('Malaysia', 0.07040693040524197), ('Russia', 0.06602011846978648), ('Poland', 0.06276309744504831), ('Bolivia', 0.057035225085930216), ('Tahiti', 0.05330666072257857), ('New Caledonia', 0.05077902285955849), ('Argentina', 0.04919712127618214), ('Chile', 0.03437462986313304)]"
1958-01-01,33,22,0.020833333333333332,13,15,37,21,59,0.14737752749900523,0.030303030303030304,Argentina,0.14737752749900523,1.8948965009317056,"[('Argentina', 0.14737752749900523), ('Paraguay', 0.0777760302087955), ('Uruguay', 0.0777760302087955), ('Czechoslovakia', 0.05373978806300497), ('Germany', 0.04540317434489831), ('Netherlands', 0.03445942467478395), ('England', 0.028021943249898863), ('Spain', 0.028021943249898863), ('Ghana', 0.028021943249898863), ('Guernsey', 0.028021943249898863)]"
1958-05-01,52,72,0.027149321266968326,9,29,10,71,21,0.09616454555621753,0.019230769230769235,Taiwan,0.09616454555621753,1.0591450456714737,"[('Taiwan', 0.09616454555621753), ('Hong Kong', 0.0907945006675185), ('India', 0.0846384694628401), ('Indonesia', 0.0731360126026335), ('Brazil', 0.07195313558169242), ('South Korea', 0.046284947613855196), ('Malaysia', 0.0394378316263419), ('Jamaica', 0.03492042545432684), ('Trinidad and Tobago', 0.03492042545432684), ('Sweden', 0.03363598551304033)]"
1958-09-01,45,39,0.019696969696969695,13,16,23,37,70,0.05423418065942415,0.022222222222222223,Netherlands,0.05423418065942415,1.0124833222374152,"[('Netherlands', 0.05423418065942415), ('England', 0.0535655051972371), ('Russia', 0.04808463475986719), ('Kenya', 0.04310078367800693), ('Hungary', 0.0416360266468747), ('Egypt', 0.03820872730643257), ('Madagascar', 0.03346398256089834), ('German DR', 0.030846179471893262), ('Germany', 0.03001822283499867), ('Romania', 0.03001822283499867)]"
1959-01-01,37,38,0.028528528528528527,13,22,30,38,39,0.12957708269343823,0.02702702702702704,Japan,0.12957708269343823,1.0494516889836487,"[('Japan', 0.12957708269343823), ('Singapore', 0.12347122221407672), ('Trinidad and Tobago', 0.045224225866461416), ('Argentina', 0.04261376698253927), ('Jersey', 0.035961894109891424), ('Brazil', 0.0347971527028524), ('Hungary', 0.03426373290603296), ('Paraguay', 0.029252697528836396), ('England', 0.024640542398193774), ('Yugoslavia', 0.024640542398193774)]"
1959-05-01,44,40,0.021141649048625793,11,25,18,40,38,0.07325049468582034,0.022727272727272728,New Caledonia,0.07325049468582034,1.0,"[('New Caledonia', 0.07325049468582034), ('Tahiti', 0.07325049468582034), ('Hungary', 0.05771986060533594), ('Portugal', 0.048289263089324075), ('Sweden', 0.045539092453565785), ('Austria', 0.04160609859717424), ('Vietnam Republic', 0.03545271386522042), ('Switzerland', 0.031519220022895304), ('Egypt', 0.028988026125148326), ('Guadeloupe', 0.028754392798707566)]"
1959-09-01,60,67,0.018926553672316385,13,28,12,64,37,0.06449118830323607,0.01666666666666667,Russia,0.06449118830323607,1.3964816201575545,"[('Russia', 0.06449118830323607), ('Bulgaria', 0.04618119377465205), ('South Korea', 0.042258021049431244), ('Malaysia', 0.04169304259137028), ('Vietnam Republic', 0.037839810135506816), ('Hungary', 0.03731947834789601), ('France', 0.03289498985386325), ('Uruguay', 0.031825923035171504), ('Brazil', 0.029151035047484168), ('Thailand', 0.027246652156615377)]"
1960-01-01,44,42,0.022198731501057084,9,22,38,40,65,0.15836535870655655,0.02272727272727273,Brazil,0.15836535870655655,1.3052561592221876,"[('Brazil', 0.15836535870655655), ('Argentina', 0.12132894956107904), ('Costa Rica', 0.09553856719850354), ('Cameroon', 0.04179537498950934), ('Belgium', 0.04148565990826461), ('Madagascar', 0.034511132725729116), ('Congo', 0.029329770381206002), ('Ghana', 0.027308831950007148), ('Yugoslavia', 0.026780059952973567), ('Curaçao', 0.02313793882108346)]"
1960-05-01,57,67,0.020989974937343357,9,32,19,63,38,0.15537541126443535,0.017543859649122806,Brazil,0.15537541126443535,1.0341179679904304,"[('Brazil', 0.15537541126443535), ('Argentina', 0.1502492134107017), ('Uruguay', 0.074696275185495), ('Russia', 0.05854941025829881), ('Yugoslavia', 0.03490134147645915), ('South Korea', 0.027401002115136772), ('Indonesia', 0.025419359809796593), ('Czechoslovakia', 0.023076293793875314), ('Portugal', 0.020627585162827818), ('Poland', 0.018638945188010327)]"
1960-09-01,62,66,0.017451084082496033,15,25,20,64,65,0.05701413207374738,0.016129032258064516,England,0.05701413207374738,1.2248758761759302,"[('England', 0.05701413207374738), ('Wales', 0.04654686501929146), ('Costa Rica', 0.04537832910427946), ('Honduras', 0.04537832910427946), ('Republic of Ireland', 0.03798377786643603), ('Norway', 0.036662058192326305), ('Sweden', 0.035107289787712784), ('South Korea', 0.033797612248756076), ('Belgium', 0.03294323784023019), ('France', 0.030955033718892556)]"
1961-01-01,44,42,0.022198731501057084,13,18,36,39,63,0.11694078859848761,0.022727272727272728,Costa Rica,0.11694078859848761,1.3703965644258107,"[('Costa Rica', 0.11694078859848761), ('Mexico', 0.08533353894351393), ('Curaçao', 0.0684215296061535), ('Honduras', 0.05766978063986748), ('Czechoslovakia', 0.05498816666950971), ('Hungary', 0.03345558179060545), ('Haiti', 0.03313303148240672), ('Saint Vincent and the Grenadines', 0.03280015553649956), ('Spain', 0.030982352386805478), ('Chile', 0.026680994195603)]"
1961-05-01,49,50,0.021258503401360544,11,29,24,49,41,0.09307152869180356,0.02040816326530612,Austria,0.09307152869180356,1.3951360500172731,"[('Austria', 0.09307152869180356), ('Hungary', 0.06671143555544368), ('Yugoslavia', 0.057994905274347655), ('Malaysia', 0.045121877821261716), ('Sweden', 0.037066820323972086), ('Indonesia', 0.035098608298066096), ('Vietnam Republic', 0.03489404808567779), ('Morocco', 0.03221616136001067), ('England', 0.031706217525459705), ('Japan', 0.028483809732135698)]"
1961-09-01,68,81,0.01777875329236172,13,26,7,72,41,0.08671382114888243,0.014705882352941176,Scotland,0.08671382114888243,1.0405895605681523,"[('Scotland', 0.08671382114888243), ('Czechoslovakia', 0.08333143482771198), ('Vietnam Republic', 0.058458746256031785), ('Malaysia', 0.05833981416380761), ('Myanmar', 0.05819694272421137), ('Yugoslavia', 0.04002428153233495), ('Austria', 0.029719203240762247), ('Kenya', 0.027324497512575707), ('Switzerland', 0.025585411934623024), ('Russia', 0.025518088864334737)]"
1962-01-01,41,31,0.018902439024390243,14,11,38,27,77,0.06230604365366646,0.024390243902439036,Ethiopia,0.06230604365366646,1.108591224612282,"[('Ethiopia', 0.06230604365366646), ('Russia', 0.05620290172823381), ('Mali', 0.04162220768203769), ('Poland', 0.03880454936797467), ('Argentina', 0.036972464706865375), ('Scotland', 0.036193608369730235), ('Ghana', 0.03205701773828708), ('Ivory Coast', 0.03205701773828708), ('Egypt', 0.031780396197471535), ('Sweden', 0.03004970669434025)]"
1962-05-01,65,80,0.019230769230769232,15,36,12,79,30,0.08189449175125747,0.015384615384615385,Brazil,0.08189449175125747,1.4086668599452863,"[('Brazil', 0.08189449175125747), ('Chile', 0.058136166953227195), ('Indonesia', 0.05316000156066044), ('Malaysia', 0.05223523277440208), ('Vietnam Republic', 0.051462437988038824), ('Yugoslavia', 0.046510651592795674), ('Czechoslovakia', 0.04417755340294753), ('Germany', 0.03138738122181311), ('Russia', 0.030667879246858064), ('Mexico', 0.025844898825105336)]"
1962-09-01,66,87,0.02027972027972028,11,20,19,78,71,0.04580833186184311,0.015151515151515155,Bulgaria,0.04580833186184311,1.0125691666396952,"[('Bulgaria', 0.04580833186184311), ('Portugal', 0.045239706452708126), ('Norway', 0.0412492338450372), ('Sweden', 0.04110836952409945), ('Indonesia', 0.03849770592020212), ('Germany', 0.03578902753891204), ('German DR', 0.034124152080999975), ('Romania', 0.032850691793084925), ('India', 0.03153372692078432), ('Yugoslavia', 0.03153209972878778)]"
1963-01-01,75,117,0.02108108108108108,16,38,29,109,79,0.0839803912631266,0.013333333333333336,Tunisia,0.0839803912631266,1.1761219096719941,"[('Tunisia', 0.0839803912631266), ('Bolivia', 0.07140449520793954), ('Paraguay', 0.07057441254447086), ('Ivory Coast', 0.057358229901259904), ('Congo', 0.04604419477411715), ('DR Congo', 0.040252101794686496), ('Senegal', 0.031764846714937074), ('China PR', 0.027087139540628746), ('Costa Rica', 0.02664354459094728), ('Suriname', 0.02507829961093731)]"
1963-05-01,50,46,0.018775510204081632,13,31,56,45,116,0.093870049300501,0.02,Tunisia,0.093870049300501,1.0497642632774384,"[('Tunisia', 0.093870049300501), ('Morocco', 0.08942012276873672), ('Taiwan', 0.044396101986266104), ('Ethiopia', 0.041635801406533696), ('Sweden', 0.03894988330523408), ('Brazil', 0.03425420129998937), ('England', 0.030153337093307017), ('Italy', 0.028308048402961184), ('Poland', 0.025916695592779083), ('Japan', 0.024942978850173915)]"
1963-09-01,78,78,0.012987012987012988,15,40,12,73,41,0.03867345169277407,0.01282051282051282,Argentina,0.03867345169277407,1.0,"[('Argentina', 0.03867345169277407), ('Paraguay', 0.03867345169277407), ('Colombia', 0.03867345169277407), ('Costa Rica', 0.03867345169277407), ('Sweden', 0.0289404401500537), ('Egypt', 0.02796383650817585), ('Uganda', 0.023689242706557048), ('Belgium', 0.0234708554613397), ('Yugoslavia', 0.023061772013719412), ('North Korea', 0.021298544938271203)]"
1964-01-01,40,24,0.015384615384615385,16,16,54,24,78,0.051329325644124256,0.025,Benin,0.051329325644124256,1.1802451924857136,"[('Benin', 0.051329325644124256), ('Northern Ireland', 0.04349039163296196), ('Cameroon', 0.04143522536118853), ('Portugal', 0.04143522536118853), ('Egypt', 0.03561697808267879), ('Ghana', 0.03367756232317554), ('Congo', 0.02979873080416905), ('Guernsey', 0.02979873080416905), ('Hungary', 0.02979873080416905), ('Israel', 0.02979873080416905)]"
1964-05-01,55,58,0.019528619528619527,11,35,20,55,21,0.06038717649100549,0.018181818181818174,Argentina,0.06038717649100549,1.3375538859907374,"[('Argentina', 0.06038717649100549), ('Israel', 0.045147471906357026), ('England', 0.044375407267140496), ('Spain', 0.039866212487413066), ('Brazil', 0.03264315164361618), ('Cameroon', 0.03152906480621916), ('Republic of Ireland', 0.030184386237352645), ('India', 0.028558954875036412), ('Finland', 0.028197365481729464), ('Russia', 0.026611464268391956)]"
1964-09-01,55,63,0.021212121212121213,13,23,23,62,57,0.07384145047273649,0.018181818181818184,Argentina,0.07384145047273649,1.0493307440952502,"[('Argentina', 0.07384145047273649), ('Paraguay', 0.0703700438477134), ('New Caledonia', 0.05060097099070475), ('Tahiti', 0.05060097099070475), ('Uganda', 0.032089231817898765), ('Tanzania', 0.03157118358166684), ('Belgium', 0.031329621820720965), ('Republic of Ireland', 0.029676198013732058), ('Denmark', 0.026906895310132222), ('Poland', 0.02598183523009688)]"
1965-01-01,57,60,0.018796992481203006,16,35,33,60,63,0.06461898950602521,0.017543859649122803,Ethiopia,0.06461898950602521,1.0,"[('Ethiopia', 0.06461898950602521), ('Senegal', 0.06461898950602521), ('Sudan', 0.06155710050182607), ('Guinea', 0.06155710050182607), ('El Salvador', 0.059379110224259714), ('Mexico', 0.055160611509238656), ('Costa Rica', 0.051284645329205715), ('Guatemala', 0.036075927638174035), ('Paraguay', 0.031789067060653056), ('Wales', 0.026809277589406984)]"
1965-05-01,81,109,0.01682098765432099,12,42,18,106,57,0.04879288279884806,0.012345679012345675,Taiwan,0.04879288279884806,1.2029580656875987,"[('Taiwan', 0.04879288279884806), ('Brazil', 0.04056075119373221), ('Japan', 0.03891950886729394), ('England', 0.028127562750051103), ('Vietnam Republic', 0.026954436138844545), ('Myanmar', 0.026954436138844545), ('Thailand', 0.026250505456229062), ('South Korea', 0.0255177972930713), ('Russia', 0.025486476227900453), ('Congo', 0.025107665011407057)]"
1965-09-01,68,82,0.017998244073748903,13,18,31,74,101,0.06871720507079994,0.014705882352941175,Ghana,0.06871720507079994,1.1041885728932117,"[('Ghana', 0.06871720507079994), ('Congo', 0.06223321519325822), ('Bulgaria', 0.05206596535412267), ('Belgium', 0.049705015129537136), ('Vietnam Republic', 0.0424345064919137), ('Thailand', 0.0398932434669268), ('Scotland', 0.0386630850120049), ('Ivory Coast', 0.03413455088317501), ('Dominica', 0.0339060756812777), ('Saint Vincent and the Grenadines', 0.03262490018181677)]"
1966-01-01,48,45,0.0199468085106383,14,25,45,45,82,0.10596942080162447,0.020833333333333332,Libya,0.10596942080162447,1.1440485752467227,"[('Libya', 0.10596942080162447), ('Morocco', 0.09262667957850598), ('Iraq', 0.08970895887801134), ('Malta', 0.05388631384448983), ('England', 0.04033315047558223), ('Russia', 0.03477945873501422), ('Syria', 0.029377880718734657), ('Guatemala', 0.029152993819405962), ('Germany', 0.02819431870985613), ('Chile', 0.025625696430629376)]"
1966-05-01,73,121,0.02302130898021309,11,47,22,117,41,0.08950478936953064,0.013698630136986297,England,0.08950478936953064,1.726360544567588,"[('England', 0.08950478936953064), ('India', 0.05184594240825253), ('Singapore', 0.04941943598823163), ('Trinidad and Tobago', 0.04743500694146232), ('Vietnam Republic', 0.04722455280300481), ('South Korea', 0.04716978026040546), ('Portugal', 0.045920778497023626), ('Suriname', 0.04390322905961065), ('Haiti', 0.03718126451406587), ('Germany', 0.03552238577334189)]"
1966-09-01,81,107,0.016512345679012344,16,30,22,102,116,0.08836297305647675,0.012345679012345675,Kenya,0.08836297305647675,1.4353002488137605,"[('Kenya', 0.08836297305647675), ('DR Congo', 0.06156410348950091), ('Nigeria', 0.05712753778683407), ('Zambia', 0.05487265108642203), ('Iran', 0.0408956347182511), ('Myanmar', 0.033241224785820665), ('Sudan', 0.029842366307633858), ('Japan', 0.02826378446555023), ('North Korea', 0.023474601277218576), ('Tahiti', 0.02332973201861244)]"
1967-01-01,71,92,0.01851106639839034,13,33,43,88,103,0.05643635920032662,0.014084507042253521,Guinea,0.05643635920032662,1.0500264223864844,"[('Guinea', 0.05643635920032662), ('Senegal', 0.053747561010949525), ('Guatemala', 0.041742520699870875), ('Mexico', 0.04023821958462792), ('DR Congo', 0.03821104944668932), ('Sudan', 0.035588291498985125), ('Hungary', 0.03412584104642746), ('Congo', 0.028925062029182855), ('Algeria', 0.02751655797997335), ('Uruguay', 0.02727649617253223)]"
1967-05-01,73,83,0.015791476407914763,15,28,26,79,88,0.050544780419569654,0.013698630136986297,Japan,0.050544780419569654,1.0223967795483768,"[('Japan', 0.050544780419569654), ('Peru', 0.049437538762491795), ('Uruguay', 0.04850371796486643), ('South Korea', 0.0431933772418269), ('Russia', 0.03614982996343285), ('Congo', 0.028808504775644186), ('Myanmar', 0.026070853170226803), ('Indonesia', 0.026003261167154734), ('Vietnam Republic', 0.024643970629673925), ('Czechoslovakia', 0.0225595695787785)]"
1967-09-01,85,113,0.015826330532212884,14,33,21,99,69,0.06365332783259721,0.01176470588235294,Hungary,0.06365332783259721,1.2157324546349524,"[('Hungary', 0.06365332783259721), ('German DR', 0.05235800655803861), ('Netherlands', 0.03924822844019962), ('Germany', 0.03832577408703101), ('Romania', 0.037064040712869666), ('Mexico', 0.03153617014830243), ('Russia', 0.02943869928549076), ('Yugoslavia', 0.02498121816438578), ('Denmark', 0.02449822958587748), ('Ghana', 0.02225060115735339)]"
1968-01-01,40,42,0.026923076923076925,12,8,53,40,111,0.16106233076547732,0.025000000000000005,Guinea,0.16106233076547732,1.1216015562283168,"[('Guinea', 0.16106233076547732), ('Burkina Faso', 0.14360030963856024), ('Suriname', 0.06521036467804864), ('DR Congo', 0.0625886451985959), ('Martinique', 0.062117841786478036), ('Bulgaria', 0.04467656378759912), ('Italy', 0.04467656378759912), ('Ghana', 0.04425871095519764), ('Ethiopia', 0.02131363622686485), ('Ivory Coast', 0.02131363622686485)]"
1968-05-01,52,77,0.029034690799396683,10,34,22,75,40,0.10468563916714524,0.019230769230769235,Brazil,0.10468563916714524,2.06542818225782,"[('Brazil', 0.10468563916714524), ('Germany', 0.05068471519194062), ('England', 0.049253413855510124), ('Malaysia', 0.045956046577293574), ('Russia', 0.04023256766218004), ('Paraguay', 0.031931006245236926), ('Mexico', 0.02975215594681951), ('Czechoslovakia', 0.02975215594681951), ('Yugoslavia', 0.028441325393377872), ('Western Australia', 0.026874478324889275)]"
1968-09-01,81,98,0.015123456790123457,14,48,19,92,71,0.11325206957087984,0.012345679012345677,Chile,0.11325206957087984,1.0676131450225108,"[('Chile', 0.11325206957087984), ('Argentina', 0.10607968822685478), ('Haiti', 0.03449146728475165), ('Mexico', 0.0321817225627592), ('United States', 0.030300910881294565), ('Zambia', 0.028916129653157506), ('Switzerland', 0.027774445988970765), ('Romania', 0.027437412910647302), ('Portugal', 0.027144384623591332), ('Greece', 0.026899183716558205)]"
1969-01-01,56,56,0.01818181818181818,13,17,42,51,93,0.0797611089209399,0.017857142857142853,Haiti,0.0797611089209399,1.049836291837153,"[('Haiti', 0.0797611089209399), ('Jamaica', 0.07597480630181164), ('Belgium', 0.04222846780173052), ('Ethiopia', 0.039802870845699535), ('Sudan', 0.037238272056840625), ('Spain', 0.0339890197094961), ('Morocco', 0.027537943639471197), ('Libya', 0.025116412033609144), ('Poland', 0.024873440962968674), ('Suriname', 0.021617170886823654)]"
1969-05-01,69,91,0.01939471440750213,14,38,25,88,53,0.06967196488987887,0.01449275362318841,Peru,0.06967196488987887,1.1471743667883907,"[('Peru', 0.06967196488987887), ('Sweden', 0.06073354400772681), ('Bolivia', 0.05041622205569905), ('Brazil', 0.046452214864830116), ('England', 0.03910741892142551), ('Mexico', 0.03803707289068635), ('Argentina', 0.03468074156320002), ('New Caledonia', 0.03405290271074339), ('Denmark', 0.029841471637768433), ('Chile', 0.02536547852511006)]"
1969-09-01,84,127,0.01821572002294894,10,45,30,121,85,0.07885870033810138,0.0119047619047619,El Salvador,0.07885870033810138,1.1139713806191913,"[('El Salvador', 0.07885870033810138), ('Haiti', 0.07079059813392015), ('France', 0.06533044651729884), ('Sweden', 0.0625580123311941), ('South Korea', 0.03568292492397588), ('Malaysia', 0.0316138800487672), ('Indonesia', 0.0315681219505626), ('Mexico', 0.027914074222182058), ('Israel', 0.025305892674766), ('Russia', 0.02140135915643834)]"
1970-01-01,41,50,0.03048780487804878,9,13,56,50,127,0.11763432417633339,0.02439024390243903,Sudan,0.11763432417633339,1.05000437485356,"[('Sudan', 0.11763432417633339), ('Argentina', 0.11203222290644209), ('Ivory Coast', 0.10840539230787014), ('Brazil', 0.06339724524940642), ('Uruguay', 0.060222813701670624), ('Egypt', 0.0548988277602334), ('Ghana', 0.04674845813056175), ('Peru', 0.04006088273765894), ('Guinea', 0.03126957331353438), ('Mexico', 0.02955328380979203)]"
1970-05-01,60,92,0.02598870056497175,12,37,18,90,48,0.08131134966961048,0.016666666666666666,Malaysia,0.08131134966961048,1.0195987330441234,"[('Malaysia', 0.08131134966961048), ('Brazil', 0.0797483824120167), ('South Korea', 0.0745727686869557), ('Italy', 0.061821095307754564), ('Myanmar', 0.05882222266833272), ('India', 0.046173861967426046), ('Malawi', 0.044716471560548136), ('Lesotho', 0.0426265852439295), ('New Caledonia', 0.030646717939178184), ('Tahiti', 0.030646717939178184)]"
1970-09-01,86,113,0.01545827633378933,15,45,19,102,81,0.08893518635157835,0.011627906976744182,Japan,0.08893518635157835,1.2185158007902295,"[('Japan', 0.08893518635157835), ('Myanmar', 0.07298648593141122), ('South Korea', 0.0558280656653182), ('India', 0.04479511890792231), ('Russia', 0.028750093458097443), ('Algeria', 0.025853870442627293), ('Morocco', 0.025853870442627293), ('Madagascar', 0.025853870442627293), ('Mauritius', 0.025853870442627293), ('Yugoslavia', 0.025377025833811555)]"
1971-01-01,56,39,0.012662337662337663,20,18,48,35,109,0.06076694401403569,0.017857142857142853,Argentina,0.06076694401403569,1.0,"[('Argentina', 0.06076694401403569), ('France', 0.06076694401403569), ('Malawi', 0.06076694401403569), ('Zambia', 0.06076694401403569), ('Madagascar', 0.03896811783738824), ('Nigeria', 0.030052888361644124), ('German DR', 0.02850188056626957), ('Romania', 0.026263798583027468), ('Germany', 0.024625587216897008), ('Sierra Leone', 0.024625587216897008)]"
1971-05-01,82,127,0.019120746763023187,16,45,19,124,36,0.06982596229010728,0.012195121951219514,Singapore,0.06982596229010728,1.0276359286783985,"[('Singapore', 0.06982596229010728), ('Myanmar', 0.06794815200740174), ('Indonesia', 0.062139289582268845), ('Malaysia', 0.04842629461640889), ('Guinea', 0.04306681257126598), ('Zambia', 0.03410964174708418), ('Thailand', 0.0327048618546861), ('Malawi', 0.02739198280020522), ('Uganda', 0.02739198280020522), ('Sweden', 0.023708049435462685)]"
1971-09-01,103,123,0.011707595659623073,22,42,21,111,115,0.0513973166850968,0.009708737864077669,Zambia,0.0513973166850968,1.1643203924625,"[('Zambia', 0.0513973166850968), ('Kenya', 0.04414361976121807), ('South Korea', 0.03158485194394404), ('Iran', 0.03032357231148222), ('Australia', 0.0232453139248536), ('Israel', 0.0232453139248536), ('Chile', 0.0232453139248536), ('Uruguay', 0.0232453139248536), ('Congo', 0.0232453139248536), ('Ivory Coast', 0.0232453139248536)]"
1972-01-01,62,68,0.017979904812268643,16,17,58,67,122,0.08308234273465698,0.016129032258064512,Congo,0.08308234273465698,1.066240174215982,"[('Congo', 0.08308234273465698), ('DR Congo', 0.07792085192789545), ('Cameroon', 0.05811546923632724), ('Egypt', 0.049449568851017714), ('Nigeria', 0.04083924586512119), ('Mali', 0.04042666803594995), ('Algeria', 0.03590385775267749), ('Iraq', 0.02817498454296116), ('Syria', 0.024944866071582306), ('Czechoslovakia', 0.0223527580859844)]"
1972-05-01,83,128,0.018806935057302382,13,45,24,126,66,0.06600640151224971,0.012048192771084338,Brazil,0.06600640151224971,1.4312805097049919,"[('Brazil', 0.06600640151224971), ('Portugal', 0.04611702672165543), ('Cambodia', 0.04240503851084347), ('South Korea', 0.035365129043286876), ('Iran', 0.034138010411318996), ('Yugoslavia', 0.03256486269517227), ('Germany', 0.03025964532271932), ('Russia', 0.028677250645134017), ('Chile', 0.0216200966997954), ('Scotland', 0.020443274464213686)]"
1972-09-01,86,95,0.012995896032831737,20,33,30,87,120,0.07280716858331483,0.011627906976744186,Nigeria,0.07280716858331483,1.0971599984665037,"[('Nigeria', 0.07280716858331483), ('Mali', 0.06635966375467309), ('Kenya', 0.04328722864954398), ('Malawi', 0.0412511744931308), ('France', 0.03456212505759505), ('Republic of Ireland', 0.03383024560045647), ('Russia', 0.03320211288889299), ('Panama', 0.02966264098780358), ('Puerto Rico', 0.02966264098780358), ('South Korea', 0.023759175719614157)]"
1973-01-01,79,89,0.014443362544628368,18,27,34,82,88,0.050104996939785346,0.012658227848101266,Ghana,0.050104996939785346,1.0713701819425805,"[('Ghana', 0.050104996939785346), ('Italy', 0.046767212476397535), ('Turkey', 0.046300842640764596), ('Bulgaria', 0.044997903501108764), ('Nigeria', 0.04241463241751141), ('DR Congo', 0.0409571038789036), ('Cameroon', 0.039980953595850445), ('Peru', 0.03098169166274552), ('Guinea', 0.026299692135037682), ('Australia', 0.022256283701294188)]"
1973-05-01,90,146,0.01822721598002497,11,37,26,142,85,0.06682197524482639,0.011111111111111112,Poland,0.06682197524482639,1.0973194677808138,"[('Poland', 0.06682197524482639), ('United States', 0.06089564361777447), ('Chile', 0.050830782846378306), ('Argentina', 0.04839231091482887), ('Brazil', 0.036847064715472014), ('Zambia', 0.036651351534715784), ('Iran', 0.02845068912499542), ('Syria', 0.02615112831677281), ('Malaysia', 0.025961877503623856), ('Tunisia', 0.025884577762673364)]"
1973-09-01,77,103,0.01760082023239918,14,25,38,90,133,0.05100088487200124,0.012987012987012993,Haiti,0.05100088487200124,1.2147990477436363,"[('Haiti', 0.05100088487200124), ('Myanmar', 0.04198298061455523), ('South Korea', 0.038201328580602524), ('Malaysia', 0.03647997317892451), ('Czechoslovakia', 0.03324532843243681), ('Scotland', 0.03324532843243681), ('Italy', 0.03140196200100156), ('Mexico', 0.02966790282788426), ('Trinidad and Tobago', 0.029018632439479528), ('Canada', 0.028803451215415547)]"
1974-01-01,58,69,0.020871143375680582,13,28,47,67,101,0.0815020963448179,0.017241379310344827,DR Congo,0.0815020963448179,1.027737388484974,"[('DR Congo', 0.0815020963448179), ('Congo', 0.07930245338740004), ('Uruguay', 0.06354842926785408), ('Egypt', 0.061530688434883817), ('Indonesia', 0.05958316284650448), ('Zambia', 0.04317945248507647), ('New Caledonia', 0.03697891923411538), ('Tahiti', 0.03697891923411538), ('Russia', 0.0269749919138005), ('Yugoslavia', 0.025209286548041016)]"
1974-05-01,69,90,0.01918158567774936,11,38,27,89,68,0.12313917982578956,0.014492753623188406,Germany,0.12313917982578956,1.1085467759530598,"[('Germany', 0.12313917982578956), ('German DR', 0.11108162731331037), ('Netherlands', 0.08638961874941851), ('Brazil', 0.05922072784008622), ('Myanmar', 0.0461674014256868), ('South Korea', 0.0430415524077758), ('Poland', 0.04117444798399609), ('Cambodia', 0.04036955808471858), ('Scotland', 0.02577399449519098), ('Burundi', 0.02520170579205381)]"
1974-09-01,86,121,0.01655266757865937,13,36,19,120,89,0.04903365439466554,0.011627906976744186,Czechoslovakia,0.04903365439466554,1.0598599884765307,"[('Czechoslovakia', 0.04903365439466554), ('England', 0.04626427540221397), ('Iran', 0.04555704554741053), ('Suriname', 0.04453042308598193), ('Israel', 0.03512059470747744), ('Tunisia', 0.024577258031241347), ('Bermuda', 0.023518874606221374), ('Trinidad and Tobago', 0.023518874606221374), ('Malaysia', 0.02251775683455199), ('Austria', 0.022119697107686218)]"
1975-01-01,72,76,0.01486697965571205,18,29,43,69,114,0.0963017412059597,0.013888888888888888,Senegal,0.0963017412059597,1.367874436714302,"[('Senegal', 0.0963017412059597), ('Nigeria', 0.0704024716166792), ('Cameroon', 0.06143605682869588), ('Mali', 0.05505250771410881), ('Guinea', 0.03683851855717362), ('Haiti', 0.03482562296125941), ('Jamaica', 0.03482562296125941), ('Morocco', 0.03250837603289719), ('Ghana', 0.026523481634284123), ('Togo', 0.021888599568276)]"
1975-05-01,91,132,0.01611721611721612,16,50,31,128,72,0.06298304993384676,0.010989010989010993,New Caledonia,0.06298304993384676,1.0338263981901514,"[('New Caledonia', 0.06298304993384676), ('Tahiti', 0.060922269003874194), ('Ghana', 0.05233944695619427), ('Indonesia', 0.042297248871168945), ('South Korea', 0.038378757407891956), ('Kenya', 0.03808623964101737), ('Malawi', 0.035669136273012964), ('Nigeria', 0.028807186804321292), ('China PR', 0.026181904072079872), ('Morocco', 0.02554517994309697)]"
1975-09-01,77,77,0.013157894736842105,17,26,40,69,124,0.05238613345815919,0.012987012987012986,Peru,0.05238613345815919,1.0069304535467087,"[('Peru', 0.05238613345815919), ('Thailand', 0.05202557264371103), ('Singapore', 0.0494335272586016), ('Colombia', 0.04203243631682944), ('South Korea', 0.04042058647222773), ('Myanmar', 0.03945322436127397), ('Egypt', 0.03439655278667559), ('Netherlands', 0.03284385267257802), ('Brazil', 0.02747789759406376), ('Poland', 0.027284680286310713)]"
1976-01-01,80,84,0.013291139240506329,20,33,30,82,75,0.061820274832464314,0.0125,Sierra Leone,0.061820274832464314,1.0500646227043988,"[('Sierra Leone', 0.061820274832464314), ('Niger', 0.058872828867664075), ('Kuwait', 0.033426921888296046), ('Mali', 0.032688982462025847), ('Morocco', 0.029179190719187068), ('Hungary', 0.023351138773401704), ('Gabon', 0.02326370232305305), ('Argentina', 0.020903693265594367), ('Ivory Coast', 0.019887330735538156), ('Chad', 0.019542155286185338)]"
1976-05-01,84,94,0.013482501434308663,18,39,35,89,79,0.038256208355837165,0.011904761904761902,Iran,0.038256208355837165,1.0104167362811975,"[('Iran', 0.038256208355837165), ('Malaysia', 0.03786181184670175), ('Australia', 0.03340993901534338), ('Hong Kong', 0.03340993901534338), ('Barbados', 0.03340993901534338), ('Trinidad and Tobago', 0.03340993901534338), ('Guyana', 0.03340993901534338), ('Suriname', 0.03340993901534338), ('Brazil', 0.032976688532700214), ('Denmark', 0.029414553081931655)]"
1976-09-01,95,100,0.011198208286674132,19,33,22,90,84,0.10792267341158067,0.010526315789473684,Uganda,0.10792267341158067,1.0139344221715365,"[('Uganda', 0.10792267341158067), ('Zambia', 0.1064395004762176), ('Guatemala', 0.033557044099510214), ('El Salvador', 0.032362371303264595), ('Canada', 0.03061928396160026), ('United States', 0.029878719238894253), ('New Zealand', 0.0243552655345905), ('Thailand', 0.021909080584895154), ('Poland', 0.021402803850003756), ('South Korea', 0.020252677584312376)]"
1977-01-01,98,114,0.011992425836313906,19,24,21,104,90,0.05336793352355747,0.010204081632653059,France,0.05336793352355747,1.0881412350162827,"[('France', 0.05336793352355747), ('Republic of Ireland', 0.04904504287328003), ('Romania', 0.0470052195170444), ('Spain', 0.045348580367293286), ('Paraguay', 0.03063223464451659), ('Zambia', 0.030201693442123374), ('Uganda', 0.029364175924394737), ('Hungary', 0.025193917153349846), ('Bulgaria', 0.023482282925633282), ('Brazil', 0.02080191251012472)]"
1977-05-01,75,89,0.016036036036036035,15,13,36,87,112,0.07674261998498698,0.013333333333333336,Hong Kong,0.07674261998498698,1.1764978681114884,"[('Hong Kong', 0.07674261998498698), ('Iran', 0.06522971444748477), ('Australia', 0.052852946239745874), ('China PR', 0.048969374157880705), ('Argentina', 0.04514998351677574), ('South Korea', 0.038289768832573456), ('DR Congo', 0.03172178778994557), ('Zambia', 0.03015451385023567), ('Guinea', 0.026668775735681164), ('Tunisia', 0.026668775735681164)]"
1977-09-01,81,122,0.018827160493827162,11,32,26,111,78,0.06927257835762764,0.012345679012345678,Tunisia,0.06927257835762764,1.438727039984934,"[('Tunisia', 0.06927257835762764), ('Egypt', 0.04814852048540983), ('Mexico', 0.03847932717104157), ('Malaysia', 0.03768111654097723), ('Guinea', 0.03422165702726633), ('Nigeria', 0.032773291479485316), ('Uganda', 0.029347637534922807), ('South Korea', 0.02817366990732809), ('Malawi', 0.025251018284565316), ('Indonesia', 0.02215821264613154)]"
1978-01-01,68,67,0.014705882352941176,11,22,35,65,120,0.06267822816865436,0.014705882352941176,Ghana,0.06267822816865436,1.7276227210392172,"[('Ghana', 0.06267822816865436), ('Uruguay', 0.036280043903886325), ('Argentina', 0.03453641410663687), ('Poland', 0.03110107069738282), ('Uganda', 0.03044569206759), ('Germany', 0.030145983017637552), ('France', 0.029583832757392254), ('Martinique', 0.029266193214488215), ('Sweden', 0.02812185911886447), ('Netherlands', 0.026252710797800505)]"
1978-05-01,68,106,0.023266022827041263,13,29,29,105,66,0.060259730126159386,0.014705882352941175,Italy,0.060259730126159386,1.0301548146925337,"[('Italy', 0.060259730126159386), ('Brazil', 0.058495800113446905), ('Tahiti', 0.055569412791182715), ('New Caledonia', 0.05292143482140803), ('Argentina', 0.049578308935722015), ('Netherlands', 0.04519888171626562), ('South Korea', 0.03379057233406476), ('Algeria', 0.02772918009882595), ('England', 0.026871383794587797), ('Austria', 0.02541470178354463)]"
1978-09-01,86,116,0.015868673050615595,15,38,20,112,102,0.06919288177522062,0.01162790697674419,Malawi,0.06919288177522062,1.9127372470445194,"[('Malawi', 0.06919288177522062), ('Greece', 0.03617479707792303), ('Uganda', 0.03603917281286266), ('Madagascar', 0.033426229548713764), ('South Korea', 0.03317213365486247), ('Mauritius', 0.03292556452138954), ('Lesotho', 0.032022382008372), ('Zambia', 0.03161265922790937), ('China PR', 0.027071049278601978), ('Hungary', 0.026423626531249633)]"
1979-01-01,69,81,0.017263427109974423,16,24,41,76,111,0.06069678549495254,0.014492753623188406,Senegal,0.06069678549495254,1.1903297076710733,"[('Senegal', 0.06069678549495254), ('Gambia', 0.050991574102362096), ('Mali', 0.05018635644481641), ('Togo', 0.048664252795685245), ('Iraq', 0.048190475219564204), ('Congo', 0.03787221045675151), ('DR Congo', 0.03787221045675151), ('Mauritius', 0.03787221045675151), ('Tanzania', 0.03787221045675151), ('Liberia', 0.023179155683449932)]"
1979-05-01,101,125,0.012376237623762377,19,63,31,124,80,0.07068019490151368,0.009900990099009903,Malawi,0.07068019490151368,1.139191146198723,"[('Malawi', 0.07068019490151368), ('Bolivia', 0.062044192616279414), ('Tanzania', 0.06182546772269157), ('Brazil', 0.043808623958505995), ('Lesotho', 0.033341459412173), ('Paraguay', 0.027849419833682477), ('Peru', 0.026846050472283594), ('Argentina', 0.02278673303721118), ('Ivory Coast', 0.021920626124041335), ('Sudan', 0.021920626124041335)]"
1979-09-01,97,132,0.014175257731958763,12,31,35,119,112,0.07787671758778279,0.010309278350515462,Paraguay,0.07787671758778279,1.0370202416860637,"[('Paraguay', 0.07787671758778279), ('Chile', 0.07509662247398866), ('Togo', 0.039378942259865636), ('Ivory Coast', 0.03934278764439391), ('Tahiti', 0.026911701672652666), ('Haiti', 0.024307054204244078), ('Malawi', 0.02339648280062123), ('Germany', 0.022252871867304857), ('France', 0.01880496498441984), ('Netherlands', 0.01837359244539056)]"
1980-01-01,68,87,0.019095697980684813,11,22,51,82,127,0.06438985147986258,0.014705882352941175,Nigeria,0.06438985147986258,1.2376596866496417,"[('Nigeria', 0.06438985147986258), ('England', 0.05202548986156817), ('Republic of Ireland', 0.04866287055281962), ('Morocco', 0.04640074868998868), ('Switzerland', 0.044263997592584), ('Czechoslovakia', 0.04306838649746878), ('Australia', 0.03666923651543231), ('Senegal', 0.031066217636095374), ('Algeria', 0.027312597447536897), ('Ghana', 0.026601769494152397)]"
1980-05-01,89,105,0.013406537282941777,15,42,21,100,82,0.051595746667490325,0.011235955056179773,Russia,0.051595746667490325,1.225923240165597,"[('Russia', 0.051595746667490325), ('Germany', 0.04208725716017978), ('Zambia', 0.0360793388352876), ('Zimbabwe', 0.028410174948464463), ('Luxembourg', 0.028099135566488433), ('Morocco', 0.025161087280757524), ('South Korea', 0.02500342813997175), ('Haiti', 0.02452423880746432), ('China PR', 0.02182943839847514), ('England', 0.021820128972308304)]"
1980-09-01,103,158,0.01503902531886541,13,30,16,149,96,0.08651973085005607,0.009708737864077669,Honduras,0.08651973085005607,1.094808687136244,"[('Honduras', 0.08651973085005607), ('El Salvador', 0.0790272600744253), ('Zimbabwe', 0.05002250106871323), ('Cameroon', 0.04533312953005057), ('Kuwait', 0.03185435832176575), ('Morocco', 0.030904855864784843), ('Zambia', 0.029095209847746332), ('South Korea', 0.021429257144236814), ('Malawi', 0.020411242973766744), ('North Korea', 0.019384947247194)]"
1981-01-01,94,113,0.01292610386639213,16,23,32,105,150,0.06446103811811127,0.010638297872340425,DR Congo,0.06446103811811127,1.0039652255010816,"[('DR Congo', 0.06446103811811127), ('Cameroon', 0.06420644508472752), ('Mali', 0.053364680850462747), ('Algeria', 0.05118657421576441), ('Malawi', 0.04122569732391968), ('Zambia', 0.04015663125071797), ('Zimbabwe', 0.03888903438924002), ('Uruguay', 0.029980557339072733), ('Tunisia', 0.023822490512326114), ('Brazil', 0.021435123719724756)]"
1981-05-01,88,116,0.015151515151515152,16,31,37,111,108,0.054499381182337776,0.011363636363636362,Guadeloupe,0.054499381182337776,1.0,"[('Guadeloupe', 0.054499381182337776), ('Saint Vincent and the Grenadines', 0.054499381182337776), ('Zambia', 0.039100304559051634), ('Morocco', 0.03766009188887927), ('Algeria', 0.03622075692005205), ('Niger', 0.035219418491763854), ('Denmark', 0.03229759883230643), ('Malawi', 0.021632622305063357), ('Tahiti', 0.021434973953773306), ('Chile', 0.021129811499161148)]"
1981-09-01,87,125,0.016706762897620957,10,33,34,116,107,0.08251126352696248,0.011494252873563218,Tanzania,0.08251126352696248,1.00537748916819,"[('Tanzania', 0.08251126352696248), ('Kenya', 0.08206993334934232), ('Honduras', 0.031437845339264164), ('China PR', 0.031369379134780793), ('Kuwait', 0.029994043196829377), ('Canada', 0.02976648511449115), ('New Zealand', 0.025383043778922528), ('Iraq', 0.023571787403424995), ('United Arab Emirates', 0.02199588296729984), ('Yugoslavia', 0.021610013012192623)]"
1982-01-01,78,101,0.016816516816516816,13,28,37,98,122,0.07212211996243413,0.012820512820512824,Peru,0.07212211996243413,1.0945263352872228,"[('Peru', 0.07212211996243413), ('Chile', 0.06589345330234382), ('Libya', 0.04844950321397199), ('Qatar', 0.038493536961082035), ('United Arab Emirates', 0.036218266168344296), ('Kuwait', 0.03606911591949266), ('Guinea', 0.028848688453291346), ('Ghana', 0.028599678083083554), ('Bahrain', 0.026275670701306507), ('Zambia', 0.023175547084560336)]"
1982-05-01,73,98,0.018645357686453576,11,26,31,97,100,0.08197615184439638,0.0136986301369863,Italy,0.08197615184439638,2.1492460950902417,"[('Italy', 0.08197615184439638), ('Germany', 0.038141817278004364), ('Brazil', 0.037982915796651716), ('Senegal', 0.0366793962792367), ('South Korea', 0.033951820596333025), ('Malawi', 0.03339725533365783), ('Tanzania', 0.03339725533365783), ('England', 0.032940975089587446), ('Austria', 0.03167316623197802), ('Poland', 0.026759355237278397)]"
1982-09-01,78,98,0.016317016317016316,13,29,24,97,97,0.1885937607775647,0.012820512820512818,Iraq,0.1885937607775647,1.0459837615416543,"[('Iraq', 0.1885937607775647), ('Kuwait', 0.1803027615836026), ('Belgium', 0.026875462515867896), ('Gambia', 0.025721694601353998), ('Mali', 0.025721694601353998), ('Saudi Arabia', 0.02324910249959707), ('Switzerland', 0.019202872762931818), ('Austria', 0.018663431092211084), ('France', 0.016910488859713378), ('Uganda', 0.016769957339421583)]"
1983-01-01,80,86,0.01360759493670886,18,32,30,85,97,0.05957751907515684,0.012500000000000002,Cameroon,0.05957751907515684,1.079451370457071,"[('Cameroon', 0.05957751907515684), ('Mozambique', 0.055192406722250016), ('Sierra Leone', 0.04435589291302654), ('Gambia', 0.042241683376035), ('Egypt', 0.03814526849269322), ('Senegal', 0.032928470119549025), ('Congo', 0.031241924413688813), ('German DR', 0.03031781987944984), ('Tunisia', 0.022705224283208772), ('Belgium', 0.021739585030950633)]"
1983-05-01,105,121,0.011080586080586081,16,52,27,120,85,0.04345931648107514,0.009523809523809526,Fiji,0.04345931648107514,1.0128850833449752,"[('Fiji', 0.04345931648107514), ('New Zealand', 0.042906463127637434), ('Paraguay', 0.039702880567444206), ('Wallis Islands and Futuna', 0.029126281879868255), ('Chile', 0.02811333697867368), ('American Samoa', 0.02805541747696198), ('Bulgaria', 0.026845618141084656), ('Argentina', 0.025151097368134524), ('Ethiopia', 0.023870556135603193), ('Thailand', 0.01817286939927694)]"
1983-09-01,84,110,0.015777395295467584,12,22,43,105,116,0.05675072701630257,0.011904761904761902,Northern Ireland,0.05675072701630257,1.0671277418241834,"[('Northern Ireland', 0.05675072701630257), ('Germany', 0.05318081874555244), ('Turkey', 0.053082077798830604), ('Denmark', 0.043998459880542067), ('Hungary', 0.04119464817879686), ('England', 0.03984359599220793), ('Kenya', 0.03197041623540859), ('Uruguay', 0.02813642298267784), ('Ghana', 0.026580529657668512), ('Switzerland', 0.0259439580283665)]"
1984-01-01,73,94,0.017884322678843226,16,29,40,92,108,0.11254866631699542,0.013698630136986304,Qatar,0.11254866631699542,1.0091366756593818,"[('Qatar', 0.11254866631699542), ('Saudi Arabia', 0.11152965602350622), ('United Arab Emirates', 0.10195386482223333), ('Iraq', 0.06828129592805793), ('Egypt', 0.043886405514668395), ('France', 0.0312634045038071), ('Ivory Coast', 0.031005719482108077), ('Cameroon', 0.025569573717373874), ('Algeria', 0.02216168654370762), ('Germany', 0.0211510785014943)]"
1984-05-01,89,105,0.013406537282941777,16,43,27,102,91,0.04180340214183588,0.011235955056179773,France,0.04180340214183588,1.2146035114646432,"[('France', 0.04180340214183588), ('Antigua and Barbuda', 0.03441732363462936), ('Haiti', 0.03441732363462936), ('Russia', 0.02777259830771826), ('Iran', 0.02410889105366504), ('Denmark', 0.02286010519168959), ('Norway', 0.021957952675749882), ('Spain', 0.020744875472204254), ('Uganda', 0.019920030363474762), ('Ghana', 0.019323911065743722)]"
1984-09-01,118,191,0.013834564682022309,13,47,18,186,100,0.07293418054190613,0.008474576271186439,Ivory Coast,0.07293418054190613,1.4363859738503135,"[('Ivory Coast', 0.07293418054190613), ('Ghana', 0.05077617149546647), ('Saudi Arabia', 0.04772773032588123), ('Gambia', 0.047246898802837244), ('Iceland', 0.029355822970519165), ('Scotland', 0.026859185571072048), ('China PR', 0.02379465297623176), ('Argentina', 0.02330870149765076), ('Thailand', 0.022928861350993184), ('Guatemala', 0.020629482102098435)]"
1985-01-01,117,168,0.01237842617152962,15,30,31,159,182,0.08234555568768857,0.008547008547008548,Russia,0.08234555568768857,1.0781051933344064,"[('Russia', 0.08234555568768857), ('Yugoslavia', 0.07637988964045983), ('Costa Rica', 0.03853284021196246), ('Tunisia', 0.029134868118385608), ('El Salvador', 0.022648658992456033), ('Guatemala', 0.02005905327253413), ('Peru', 0.01911122271947408), ('Canada', 0.019095613300724866), ('Hungary', 0.01894603546428785), ('Libya', 0.017162313011340982)]"
1985-05-01,103,117,0.011136493432324385,17,18,32,108,159,0.059577617559659804,0.009708737864077669,Argentina,0.059577617559659804,1.142025978296528,"[('Argentina', 0.059577617559659804), ('Brazil', 0.05216835579215731), ('Colombia', 0.05175935051196072), ('Nigeria', 0.04822021733170316), ('Tunisia', 0.04815910268618816), ('Peru', 0.0300033061417636), ('South Korea', 0.029165116331552537), ('Chile', 0.025664716191425598), ('Morocco', 0.025221201758359183), ('Algeria', 0.024870134559681675)]"
1985-09-01,93,118,0.013791491351098644,16,25,35,113,112,0.04365451420070811,0.010752688172043013,Iraq,0.04365451420070811,1.0456702845132348,"[('Iraq', 0.04365451420070811), ('Paraguay', 0.041747876789890344), ('United Arab Emirates', 0.040643893136122225), ('Senegal', 0.04048392502788532), ('Colombia', 0.03904175477393337), ('Zimbabwe', 0.03505233339383616), ('Netherlands', 0.031821555990157596), ('Belgium', 0.03058309245423444), ('Libya', 0.02791899944600464), ('Mexico', 0.026539664312119713)]"
1986-01-01,85,122,0.017086834733893556,11,31,39,120,116,0.045275559431626734,0.01176470588235294,Ivory Coast,0.045275559431626734,1.0684541053244014,"[('Ivory Coast', 0.045275559431626734), ('Senegal', 0.042374828461050534), ('Cameroon', 0.03525606936104689), ('England', 0.03300208346992181), ('German DR', 0.03148302877724795), ('Egypt', 0.028498185519624093), ('Brazil', 0.027978384291290508), ('Germany', 0.02725775932293062), ('Iran', 0.02653545959449805), ('Norway', 0.02473544526756881)]"
1986-05-01,79,91,0.014767932489451477,16,21,27,89,120,0.042716392765538624,0.01265822784810126,Argentina,0.042716392765538624,1.1683466704749885,"[('Argentina', 0.042716392765538624), ('Germany', 0.0365614024030833), ('Bahrain', 0.035634434979595266), ('Oman', 0.035634434979595266), ('France', 0.032159084250749606), ('Brazil', 0.03208378716998044), ('Ivory Coast', 0.030020776776699263), ('Denmark', 0.02902291600267725), ('England', 0.027370030707654973), ('Spain', 0.022082530582177032)]"
1986-09-01,80,97,0.015348101265822785,14,30,29,96,90,0.04067518054489256,0.012500000000000006,Spain,0.04067518054489256,1.0564860320583322,"[('Spain', 0.04067518054489256), ('South Korea', 0.03850044327197195), ('Romania', 0.03399469278123495), ('Angola', 0.028820749012181734), ('Sweden', 0.028762383766456453), ('Kuwait', 0.02741180443070329), ('China PR', 0.027348590218480632), ('Australia', 0.027170621209562013), ('Austria', 0.02683821333195165), ('Gabon', 0.023784018877012217)]"
1987-01-01,91,89,0.010866910866910866,18,35,24,82,90,0.03783936705260083,0.010989010989010992,Sierra Leone,0.03783936705260083,1.1627088460929458,"[('Sierra Leone', 0.03783936705260083), ('Cameroon', 0.03254414652451693), ('Uganda', 0.03254414652451693), ('Kenya', 0.03254414652451693), ('Madagascar', 0.03254414652451693), ('Senegal', 0.0283457413907959), ('Cuba', 0.026209608913842237), ('Guinea', 0.02514660522407442), ('DR Congo', 0.02425548940650881), ('Ivory Coast', 0.022739155220965424)]"
1987-05-01,68,77,0.016900790166812993,15,26,49,74,86,0.07131468604552015,0.014705882352941171,Malawi,0.07131468604552015,1.4369524683050723,"[('Malawi', 0.07131468604552015), ('Chile', 0.04962911969498749), ('Ivory Coast', 0.04411840492746624), ('Egypt', 0.04199811926735197), ('Nigeria', 0.03835268386536593), ('Sierra Leone', 0.03835268386536593), ('Uruguay', 0.033415638049142986), ('Cameroon', 0.02979133033445416), ('Peru', 0.026858688466249652), ('Zambia', 0.024516746125336393)]"
1987-09-01,93,111,0.012973352033660589,15,50,25,108,74,0.07657788799348386,0.010752688172043013,New Caledonia,0.07657788799348386,1.0589225048386426,"[('New Caledonia', 0.07657788799348386), ('Tahiti', 0.07231680094017146), ('Ivory Coast', 0.06796675791509058), ('Togo', 0.06330045597230811), ('Ethiopia', 0.02792513320951434), ('Uganda', 0.02159915478437584), ('Italy', 0.018894179155188647), ('Argentina', 0.017885349238726964), ('Cameroon', 0.016122579879499787), ('Germany', 0.015952106709541853)]"
1988-01-01,83,104,0.015280634734058184,12,33,43,100,107,0.05489427269165417,0.012048192771084338,Cameroon,0.05489427269165417,1.157015468435415,"[('Cameroon', 0.05489427269165417), ('United Arab Emirates', 0.04744471806058519), ('Egypt', 0.037724198031530584), ('Iraq', 0.028262764571272966), ('Morocco', 0.02450470843426026), ('Guatemala', 0.02432294863013434), ('Bulgaria', 0.02310843469716485), ('France', 0.02267651444430123), ('Sweden', 0.021537981930580426), ('Mexico', 0.019550769109094025)]"
1988-05-01,94,114,0.013040494166094716,15,38,27,112,102,0.09447472891527652,0.010638297872340425,Netherlands,0.09447472891527652,1.3878164898511833,"[('Netherlands', 0.09447472891527652), ('Russia', 0.06807436689659677), ('Burkina Faso', 0.04970099691558415), ('Bulgaria', 0.0460730228341051), ('Poland', 0.04581549350523976), ('Libya', 0.04556783685970832), ('Syria', 0.026815595682797275), ('Jordan', 0.026104238970236716), ('Republic of Ireland', 0.024920151909187296), ('Egypt', 0.02301205222490054)]"
1988-09-01,98,129,0.013570376604249947,13,36,32,124,109,0.06895248652940969,0.010204081632653059,Fiji,0.06895248652940969,1.0656192471531016,"[('Fiji', 0.06895248652940969), ('Australia', 0.06470649503903247), ('Paraguay', 0.06112999642764609), ('Uruguay', 0.059577844736679396), ('Canada', 0.0331391218016778), ('Guatemala', 0.03158697011071109), ('Gabon', 0.0263778677022728), ('Mauritius', 0.022710991333163805), ('Seychelles', 0.022710991333163805), ('Morocco', 0.02079550613571575)]"
1989-01-01,104,122,0.011389096340552652,17,31,25,115,122,0.040764084635496065,0.009615384615384618,Bermuda,0.040764084635496065,1.0667802537125521,"[('Bermuda', 0.040764084635496065), ('Barbados', 0.03821226020413394), ('Kuwait', 0.03378108819012834), ('United Arab Emirates', 0.03378108819012834), ('Mexico', 0.02866438299329392), ('Thailand', 0.0264658453783717), ('Poland', 0.02443536471421977), ('Kenya', 0.02370739882207966), ('Sudan', 0.02370739882207966), ('China PR', 0.02041801005593277)]"
1989-05-01,105,180,0.016483516483516484,13,30,29,173,115,0.04227172114040273,0.009523809523809526,Trinidad and Tobago,0.04227172114040273,1.3931672993380841,"[('Trinidad and Tobago', 0.04227172114040273), ('Gabon', 0.030342171511265514), ('Belgium', 0.028619218858468066), ('Nigeria', 0.026353068728418944), ('Kenya', 0.02594782296719833), ('Brazil', 0.02456182232652838), ('Liberia', 0.024117813572762208), ('Cameroon', 0.023390605303636625), ('Grenada', 0.022705717791482137), ('Zambia', 0.022297972557202065)]"
1989-09-01,90,117,0.014606741573033709,13,33,48,106,169,0.040650735330214446,0.011111111111111112,Bolivia,0.040650735330214446,1.0,"[('Bolivia', 0.040650735330214446), ('Uruguay', 0.040650735330214446), ('German DR', 0.04022480809054263), ('Austria', 0.03970409776842332), ('Turkey', 0.03800910776408467), ('Guinea', 0.024496174528752444), ('Iraq', 0.02378200048383005), ('Brazil', 0.02288043407267608), ('Malawi', 0.02173262433227509), ('Kenya', 0.02053107711007785)]"
1990-01-01,84,99,0.014199655765920827,18,33,39,97,115,0.07045478816335354,0.011904761904761908,Barbados,0.07045478816335354,1.0013310779730062,"[('Barbados', 0.07045478816335354), ('Jamaica', 0.07036113201037875), ('Algeria', 0.04487481172170105), ('France', 0.040084358056139), ('Nigeria', 0.030972492490595794), ('United States', 0.02774839306570808), ('Zambia', 0.02468924133363793), ('German DR', 0.02369949010281764), ('Kuwait', 0.023100607478889822), ('Mexico', 0.022546862583042525)]"
1990-05-01,99,128,0.013193156050298907,20,38,23,127,98,0.03782443361963179,0.010101010101010104,Germany,0.03782443361963179,1.0196175763076891,"[('Germany', 0.03782443361963179), ('Italy', 0.03709668654065801), ('Madagascar', 0.034497484378702106), ('Cameroon', 0.03200347981653002), ('England', 0.031005039420580426), ('Argentina', 0.027603808411915433), ('Yugoslavia', 0.02444543480733883), ('Bermuda', 0.020509612509149452), ('Uruguay', 0.020273532727302226), ('Spain', 0.020244958044375663)]"
1990-09-01,92,124,0.014811275680840898,12,33,40,119,123,0.041752868802194816,0.010869565217391302,South Korea,0.041752868802194816,1.0508685685810824,"[('South Korea', 0.041752868802194816), ('Iran', 0.039731770509199765), ('North Korea', 0.029966787653974154), ('Yugoslavia', 0.029853992388941642), ('Angola', 0.0296380920699892), ('Congo', 0.025620251834819956), ('Russia', 0.02436198661059527), ('Denmark', 0.02201694091600593), ('France', 0.021561283295488613), ('Ghana', 0.020607062163003554)]"
1991-01-01,76,68,0.011929824561403509,16,23,39,56,112,0.059442826143158094,0.013157894736842098,Ivory Coast,0.059442826143158094,1.0003105993355326,"[('Ivory Coast', 0.059442826143158094), ('Morocco', 0.05942436897364044), ('Niger', 0.05674736254447314), ('Mozambique', 0.03044582288103087), ('Sudan', 0.028470208366150582), ('Germany', 0.028332039772486647), ('Russia', 0.025983656460479218), ('Ghana', 0.021115463560016694), ('Switzerland', 0.02064394619564591), ('Uganda', 0.019901295603394875)]"
1991-05-01,112,161,0.01295045045045045,18,53,17,159,66,0.04865106953871317,0.008928571428571428,Argentina,0.04865106953871317,1.3119127972920432,"[('Argentina', 0.04865106953871317), ('Honduras', 0.03708407269075752), ('England', 0.029190818933544097), ('United States', 0.02830580929329538), ('Jamaica', 0.027293537139050743), ('Costa Rica', 0.024172141359263065), ('Sweden', 0.022460849215188636), ('Russia', 0.021330268596138326), ('Uruguay', 0.020087006865819178), ('Mexico', 0.019648484704347487)]"
1991-09-01,95,127,0.014221724524076149,13,38,55,116,150,0.1536091700545171,0.010526315789473679,Tunisia,0.1536091700545171,1.0671518209372692,"[('Tunisia', 0.1536091700545171), ('Cameroon', 0.14394312696726097), ('Ivory Coast', 0.02600030720167334), ('Germany', 0.024300199249864953), ('Egypt', 0.023552941587589322), ('Nigeria', 0.023240615307258024), ('Senegal', 0.02278888336380799), ('Pakistan', 0.017539259004804564), ('France', 0.01745768059332938), ('Algeria', 0.01635203144580128)]"
1992-01-01,84,81,0.01161790017211704,16,32,43,79,125,0.05063608673872188,0.011904761904761904,Ghana,0.05063608673872188,1.0475007686010285,"[('Ghana', 0.05063608673872188), ('Togo', 0.048339904138063806), ('Nigeria', 0.03840962314669802), ('Saint Lucia', 0.035207210023981625), ('Saint Vincent and the Grenadines', 0.035207210023981625), ('Turkey', 0.02414895772661114), ('Spain', 0.02364579986964015), ('United States', 0.020575788637596164), ('China PR', 0.018467508752615772), ('Albania', 0.01815648344494681)]"
1992-05-01,133,160,0.00911369332421964,15,69,20,157,78,0.07313289195724237,0.007518796992481203,Jamaica,0.07313289195724237,1.0077618861776205,"[('Jamaica', 0.07313289195724237), ('Trinidad and Tobago', 0.07256961486669335), ('Germany', 0.043253153860617954), ('Sweden', 0.03445951642767668), ('Netherlands', 0.030077928470631853), ('Denmark', 0.02227833598002131), ('Jordan', 0.01816440707397014), ('DR Congo', 0.016927436782304753), ('Mozambique', 0.013309418151513576), ('Burundi', 0.013163933800669094)]"
1992-09-01,117,163,0.012010020630710286,17,22,38,157,154,0.05281639358370718,0.008547008547008548,Malawi,0.05281639358370718,1.321062655702277,"[('Malawi', 0.05281639358370718), ('Zimbabwe', 0.0399802336064295), ('Saudi Arabia', 0.03680807790183267), ('Zambia', 0.03156567726567939), ('Japan', 0.024048105199607792), ('Ghana', 0.022933021582357646), ('Argentina', 0.022758674671656147), ('Burundi', 0.022501815888235494), ('Algeria', 0.022163394312518223), ('Brazil', 0.021213001700707848)]"
1993-01-01,129,186,0.01126453488372093,14,40,28,157,134,0.04118641994296088,0.007751937984496123,Egypt,0.04118641994296088,1.2569121450635343,"[('Egypt', 0.04118641994296088), ('Kuwait', 0.032767938558568854), ('France', 0.025828115710803262), ('Malawi', 0.02562231588709449), ('Canada', 0.020829736231414785), ('Australia', 0.017422385827771454), ('Mexico', 0.01659856704395714), ('Hungary', 0.01601446617426076), ('Ecuador', 0.015342215302334176), ('Italy', 0.015081632662010897)]"
1993-05-01,141,233,0.011803444782168186,16,41,29,209,162,0.03732290140847831,0.0070921985815602835,Colombia,0.03732290140847831,1.0854477080908116,"[('Colombia', 0.03732290140847831), ('China PR', 0.03438479912968389), ('Zimbabwe', 0.03158723813559489), ('Guinea', 0.031203402912990306), ('Cameroon', 0.030566076869105303), ('Malawi', 0.029200101723713238), ('Iraq', 0.02800807624994826), ('Zambia', 0.025849961887451693), ('Mexico', 0.024493985892872834), ('Mali', 0.02091469760324933)]"
1993-09-01,107,134,0.011814494798095574,15,27,61,126,225,0.0717258191996482,0.009345794392523364,Saudi Arabia,0.0717258191996482,1.1189544571165062,"[('Saudi Arabia', 0.0717258191996482), ('Costa Rica', 0.06410074935889912), ('Germany', 0.034314335325123235), ('Argentina', 0.03368721858469536), ('Colombia', 0.031806505028996686), ('Brazil', 0.03088999872738036), ('Mexico', 0.025157081862116817), ('Iran', 0.02179026650423574), ('Jordan', 0.02113252344521048), ('United Arab Emirates', 0.02113252344521048)]"
1994-01-01,105,129,0.011813186813186813,15,38,40,124,129,0.05208376371785281,0.009523809523809526,Colombia,0.05208376371785281,1.0942934864556557,"[('Colombia', 0.05208376371785281), ('Bolivia', 0.04759579067453712), ('Nigeria', 0.030245198919025388), ('Ivory Coast', 0.029555565326542008), ('Northern Ireland', 0.02945500810182914), ('Trinidad and Tobago', 0.0274690266150665), ('Romania', 0.027422634227919213), ('Zambia', 0.027105043721901926), ('Martinique', 0.023827863131435263), ('Barbados', 0.022044997661444566)]"
1994-05-01,84,136,0.019506597819850834,12,26,47,131,124,0.059914519001724446,0.011904761904761904,Brazil,0.059914519001724446,1.057749931311788,"[('Brazil', 0.059914519001724446), ('Republic of Ireland', 0.0566433683691384), ('Italy', 0.050438458287801344), ('Sweden', 0.0355385229935076), ('Switzerland', 0.0313287979110442), ('Netherlands', 0.030039156557114127), ('Norway', 0.029273398571524004), ('Romania', 0.029097676046369668), ('United States', 0.02584829318362694), ('Botswana', 0.023704416759785428)]"
1994-09-01,124,183,0.011998426435877263,15,53,13,180,133,0.03700115219593979,0.008064516129032258,Uzbekistan,0.03700115219593979,1.1328024250616269,"[('Uzbekistan', 0.03700115219593979), ('Saudi Arabia', 0.0326633765759522), ('Namibia', 0.031195036508911006), ('Mali', 0.031013460222512963), ('Guinea', 0.03009981556033411), ('Angola', 0.02983734231403854), ('Egypt', 0.024027752860760723), ('Tanzania', 0.022682402093755806), ('China PR', 0.020464637527442157), ('Kuwait', 0.01937802348625132)]"
1995-01-01,119,136,0.009685230024213076,19,21,26,121,168,0.041031405891822754,0.008403361344537813,Saint Kitts and Nevis,0.041031405891822754,1.0742354584824236,"[('Saint Kitts and Nevis', 0.041031405891822754), ('Sint Maarten', 0.0381959146552358), ('Algeria', 0.03101180917462309), ('Tanzania', 0.029696543961368747), ('Egypt', 0.02518578883948425), ('Grenada', 0.022183546399586467), ('Saint Lucia', 0.022183546399586467), ('Serbia', 0.019624438185091346), ('Denmark', 0.017279121057233636), ('Slovakia', 0.017220347556116917)]"
1995-05-01,132,193,0.011161230626879482,16,36,23,184,127,0.03814619418269845,0.007575757575757578,Gibraltar,0.03814619418269845,1.085989641896586,"[('Gibraltar', 0.03814619418269845), ('Jersey', 0.03512574403203281), ('Brazil', 0.034671433546674665), ('Isle of Wight', 0.028698451027908006), ('Trinidad and Tobago', 0.028608148285828926), ('Cuba', 0.025196483902472384), ('Jamaica', 0.02209417411465576), ('United States', 0.02182496220099496), ('Canada', 0.021043698919577622), ('Greenland', 0.019554773690174616)]"
1995-09-01,132,173,0.010004626416840157,18,38,38,162,182,0.04546412846537255,0.007575757575757576,Jamaica,0.04546412846537255,1.3477052024293508,"[('Jamaica', 0.04546412846537255), ('Zambia', 0.03373447574693611), ('Egypt', 0.031939645527460335), ('Thailand', 0.025236909399956375), ('Trinidad and Tobago', 0.024920648138556663), ('South Africa', 0.022420735782585566), ('Gabon', 0.02212993271163404), ('Ivory Coast', 0.0194544198407795), ('Germany', 0.017417576738556567), ('Ghana', 0.016853499935216613)]"
1996-01-01,130,162,0.00966010733452594,16,32,34,160,171,0.044129553903906237,0.007692307692307694,Jamaica,0.044129553903906237,1.0886684504083188,"[('Jamaica', 0.044129553903906237), ('Barbados', 0.04053534745803912), ('Mexico', 0.034157021187765174), ('Chile', 0.032752022123404625), ('Brazil', 0.03253490793781326), ('South Africa', 0.024653468990572), ('United Arab Emirates', 0.02001620123110059), ('Lebanon', 0.01917828504252757), ('Egypt', 0.018838916178686473), ('Tunisia', 0.018789746539966328)]"
1996-05-01,154,196,0.008318478906714201,21,47,23,191,157,0.049383509311683706,0.006493506493506494,Panama,0.049383509311683706,1.3734226864823351,"[('Panama', 0.049383509311683706), ('France', 0.035956526565151414), ('Sudan', 0.027267256400628), ('Zambia', 0.027022336597206754), ('Germany', 0.023490788194717033), ('Guatemala', 0.019298377048077204), ('Czech Republic', 0.018799456466905638), ('Peru', 0.017920779840803574), ('Trinidad and Tobago', 0.017313236966967974), ('Croatia', 0.016998207791758386)]"
1996-09-01,143,237,0.01167142716438491,17,23,34,236,195,0.05765015936998676,0.006993006993006992,Kuwait,0.05765015936998676,1.0751588286200287,"[('Kuwait', 0.05765015936998676), ('United Arab Emirates', 0.05362013298442707), ('Qatar', 0.03326228547432927), ('Iran', 0.02983446581997186), ('Saudi Arabia', 0.02615843497047749), ('Poland', 0.02598651536189895), ('Portugal', 0.01931843615070055), ('Ukraine', 0.018735956036082663), ('Iraq', 0.018588876957810536), ('South Korea', 0.01568515853020034)]"
1997-01-01,155,235,0.009844993715961458,14,31,19,207,209,0.031253650597506344,0.006451612903225805,Australia,0.031253650597506344,1.2675882170974215,"[('Australia', 0.031253650597506344), ('Solomon Islands', 0.024655996463167122), ('Fiji', 0.023529575432971243), ('South Korea', 0.021305585407027833), ('France', 0.01933985411653562), ('Paraguay', 0.01873963784816335), ('Costa Rica', 0.018721667728250586), ('Italy', 0.01780791750076512), ('China PR', 0.017292080566468353), ('Colombia', 0.016823843725157484)]"
1997-05-01,147,234,0.01090299133351971,18,24,32,206,207,0.05141349685398983,0.006802721088435373,Brazil,0.05141349685398983,1.0021144438205984,"[('Brazil', 0.05141349685398983), ('Norway', 0.05130501528146224), ('Guernsey', 0.02186067025032351), ('Jamaica', 0.020919157951993825), ('Ivory Coast', 0.020728718670771862), ('Costa Rica', 0.020237053504513047), ('Jersey', 0.020208045085466295), ('Colombia', 0.01985413975140249), ('Peru', 0.01970205145806528), ('Algeria', 0.019630851901090263)]"
1997-09-01,127,185,0.011561054868141482,18,23,43,172,221,0.05577284011707067,0.007874015748031496,South Korea,0.05577284011707067,1.003264602491496,"[('South Korea', 0.05577284011707067), ('Japan', 0.05559135643634294), ('Saudi Arabia', 0.037268607434730656), ('Brazil', 0.03399543445283443), ('Mali', 0.019383600105379407), ('Jamaica', 0.01854370184555414), ('China PR', 0.0178443540951407), ('Argentina', 0.017535425513771175), ('Chile', 0.016955418513398025), ('Iran', 0.016351411544876147)]"
1998-01-01,118,165,0.011951325510647544,14,31,40,160,180,0.04392577011386695,0.008474576271186439,South Korea,0.04392577011386695,1.0550406264152967,"[('South Korea', 0.04392577011386695), ('Israel', 0.0416341977873527), ('Argentina', 0.03680351607370064), ('Egypt', 0.03002696012564153), ('Japan', 0.02316290744521953), ('Morocco', 0.022987429098179572), ('Netherlands', 0.02293844331634689), ('Serbia', 0.02215587420046353), ('South Africa', 0.021041200456433328), ('Brazil', 0.018668390986667633)]"
1998-05-01,131,185,0.01086318261890781,18,45,32,181,161,0.07858189874604132,0.00763358778625954,Croatia,0.07858189874604132,1.4052616604845847,"[('Croatia', 0.07858189874604132), ('Netherlands', 0.05591976281409646), ('France', 0.05325269755803368), ('Argentina', 0.04659017063789214), ('Sweden', 0.03226539660207508), ('Italy', 0.0316113270430222), ('Guam', 0.02663345472738613), ('Northern Mariana Islands', 0.02532810266659247), ('Cameroon', 0.014250818961529977), ('Romania', 0.013770170528174893)]"
1998-09-01,133,203,0.011562998405103669,19,46,44,201,183,0.051994444091715004,0.007518796992481201,Kuwait,0.051994444091715004,1.1436919257152582,"[('Kuwait', 0.051994444091715004), ('Iran', 0.04546193159420793), ('Saudi Arabia', 0.037331729925875794), ('Oman', 0.031685124205734674), ('Turkey', 0.028745445031176067), ('Finland', 0.028177495921718945), ('China PR', 0.027429328042534878), ('Northern Ireland', 0.0265384913708162), ('United Arab Emirates', 0.026408465600451122), ('South Korea', 0.023067467761084606)]"
1999-01-01,134,163,0.009145999326674896,20,45,44,158,198,0.03794169694901263,0.007462686567164178,Burkina Faso,0.03794169694901263,1.0617952634117884,"[('Burkina Faso', 0.03794169694901263), ('Mali', 0.03573353381432252), ('Martinique', 0.026702096155124866), ('Saint Kitts and Nevis', 0.025536955914238723), ('Saint Lucia', 0.02539636946343191), ('Ivory Coast', 0.024884083399267818), ('Congo', 0.023864979173023708), ('Norway', 0.021213579589464404), ('Mexico', 0.02098203690568778), ('Paraguay', 0.019832512556697574)]"
1999-05-01,159,236,0.009394156516200939,16,49,24,221,148,0.07155421320034437,0.006289308176100629,Mexico,0.07155421320034437,1.0899376779254866,"[('Mexico', 0.07155421320034437), ('Brazil', 0.06564982076455583), ('Spain', 0.029390088551904805), ('Croatia', 0.023748501758101385), ('Trinidad and Tobago', 0.02019435216552483), ('Thailand', 0.01975861848477915), ('Russia', 0.015365726243268074), ('Libya', 0.01361221672149384), ('Gabon', 0.013554770444450534), ('Ynys Môn', 0.0133389179365293)]"
1999-09-01,120,160,0.011204481792717087,13,21,60,156,232,0.06463498250512889,0.008333333333333333,England,0.06463498250512889,1.0373162003944132,"[('England', 0.06463498250512889), ('Scotland', 0.062309816891467695), ('Argentina', 0.0561209543668455), ('Brazil', 0.05072872172478399), ('Germany', 0.028553865286104124), ('Norway', 0.025077365935946783), ('Dominica', 0.020306484646330843), ('Saint Lucia', 0.020306484646330843), ('Greece', 0.018693675246284312), ('Gabon', 0.01581448062630802)]"
2000-01-01,191,287,0.007908514742353266,20,82,11,282,155,0.028564735946179722,0.005235602094240838,Nigeria,0.028564735946179722,1.0940857689817132,"[('Nigeria', 0.028564735946179722), ('Togo', 0.02610831504806563), ('Cameroon', 0.022235093274822905), ('Greece', 0.020810975565294695), ('El Salvador', 0.019249552913589422), ('Ghana', 0.018799078960937868), ('Czech Republic', 0.01782599225649609), ('Republic of Ireland', 0.01679654286248236), ('Honduras', 0.01590375666099806), ('Tunisia', 0.01589800531498504)]"
2000-05-01,166,260,0.009492515516611903,16,16,41,246,273,0.036933341922552904,0.006024096385542169,Netherlands,0.036933341922552904,1.1869134746315404,"[('Netherlands', 0.036933341922552904), ('France', 0.03111713087090726), ('Sudan', 0.02652785411627683), ('Eritrea', 0.024323388487962404), ('Madagascar', 0.022314887676026025), ('Brazil', 0.02119104749455103), ('Argentina', 0.02070673887207837), ('Australia', 0.020329083118795353), ('Chile', 0.020108033122172613), ('Paraguay', 0.018049363452546454)]"
2000-09-01,142,202,0.010088902207571672,16,20,44,183,241,0.03732989028014074,0.007042253521126761,Saudi Arabia,0.03732989028014074,1.207072499519571,"[('Saudi Arabia', 0.03732989028014074), ('Japan', 0.030925971965228664), ('South Korea', 0.025627084988080657), ('Togo', 0.024308378049812077), ('Uganda', 0.021936784363451582), ('Portugal', 0.0210328876030244), ('Thailand', 0.020297792848257883), ('Kuwait', 0.018260445640399137), ('Poland', 0.016712998691071974), ('United States', 0.015976566092184764)]"
2001-01-01,177,294,0.009437596302003082,16,52,17,281,189,0.022334269637534803,0.005649717514124294,England,0.022334269637534803,1.0815690223219188,"[('England', 0.022334269637534803), ('Thailand', 0.02064987918162399), ('Colombia', 0.019157852201118063), ('Norway', 0.019117317262502185), ('Finland', 0.019032432001116584), ('Argentina', 0.01843707739841757), ('Italy', 0.0169949002366378), ('Qatar', 0.016358833434453195), ('Poland', 0.015607235163958056), ('United States', 0.014905473349321591)]"
2001-05-01,159,278,0.011065997930101107,11,24,42,240,256,0.057625141094405766,0.006289308176100629,Australia,0.057625141094405766,1.00627022655983,"[('Australia', 0.057625141094405766), ('France', 0.057266069862178845), ('United Arab Emirates', 0.04261584769438396), ('Japan', 0.04055166296276737), ('Uzbekistan', 0.03665567721418512), ('Qatar', 0.029896073795510895), ('China PR', 0.021217611315893663), ('South Korea', 0.01940718265850498), ('Trinidad and Tobago', 0.01686276085954843), ('Saudi Arabia', 0.01617368872895783)]"
2001-09-01,123,168,0.011195521791283487,16,23,59,157,267,0.04555686703390874,0.00813008130081301,Iran,0.04555686703390874,1.6491093117192182,"[('Iran', 0.04555686703390874), ('Republic of Ireland', 0.02762513479862357), ('Morocco', 0.02475355103843437), ('Bahrain', 0.024094573607063154), ('Mali', 0.02385780593093493), ('Senegal', 0.022116618511021625), ('Burkina Faso', 0.021458605737894765), ('Uzbekistan', 0.020645907814520872), ('Uruguay', 0.020339665203496567), ('Australia', 0.019957554366426187)]"
2002-01-01,125,169,0.010903225806451613,17,30,28,163,162,0.0321121510353177,0.008,United States,0.0321121510353177,1.298588643723272,"[('United States', 0.0321121510353177), ('Senegal', 0.024728501354552707), ('Brazil', 0.024080093050442886), ('Republic of Ireland', 0.023453354266284872), ('Saudi Arabia', 0.02344068322193803), ('Ecuador', 0.02164382698352148), ('Qatar', 0.02061444000851574), ('Singapore', 0.019597681541150713), ('Cameroon', 0.018648243944623655), ('Italy', 0.017598409604112283)]"
2002-05-01,136,174,0.009477124183006535,25,48,37,172,167,0.06023315641886255,0.007352941176470588,Brazil,0.06023315641886255,1.0011016669687993,"[('Brazil', 0.06023315641886255), ('Paraguay', 0.060166872562744216), ('Germany', 0.046252670179553285), ('Spain', 0.04186188094870322), ('United States', 0.025797664203635835), ('Wales', 0.022297165890087796), ('England', 0.021145598718423465), ('Nigeria', 0.019599160180331438), ('Curaçao', 0.0174208258482644), ('Guyana', 0.0174208258482644)]"
2002-09-01,158,207,0.008344755301136821,22,49,27,203,170,0.029234297753011965,0.006329113924050631,Tanzania,0.029234297753011965,1.1727121516450245,"[('Tanzania', 0.029234297753011965), ('Kenya', 0.024928792382686145), ('Jordan', 0.022074017826048745), ('Spain', 0.020931773421902344), ('Malaysia', 0.020433121942549804), ('Uganda', 0.019832896618116966), ('Thailand', 0.01751218254206892), ('Vietnam', 0.01577955210317354), ('Bulgaria', 0.015705705203177125), ('Rwanda', 0.01540501853158426)]"
2003-01-01,157,212,0.008655887636779356,18,30,31,203,198,0.045983664512498815,0.006369426751592357,Chile,0.045983664512498815,1.063885693370601,"[('Chile', 0.045983664512498815), ('Peru', 0.04322237322960275), ('Costa Rica', 0.029458640243314415), ('Paraguay', 0.020940486734577223), ('Netherlands', 0.019453193383534743), ('Bosnia and Herzegovina', 0.01860619690556332), ('Argentina', 0.018578744216614786), ('Denmark', 0.018010483650763062), ('Croatia', 0.017902965945726896), ('Italy', 0.01677761923471631)]"
2003-05-01,163,246,0.009316064530788457,18,35,29,233,199,0.04749721509751875,0.006134969325153374,Isle of Man,0.04749721509751875,1.0005333649140649,"[('Isle of Man', 0.04749721509751875), ('Jersey', 0.04747189525418601), ('Guernsey', 0.045764892465278394), ('France', 0.025407276303891457), ('Niger', 0.018492793658197858), ('Ethiopia', 0.017988033210598893), ('Argentina', 0.01724467660855618), ('Turkey', 0.015012972389055902), ('Uruguay', 0.014867156630444701), ('Togo', 0.01414177677186646)]"
2003-09-01,170,248,0.008632091890010442,22,42,35,240,238,0.03755279658537316,0.0058823529411764705,Thailand,0.03755279658537316,1.1261665352131853,"[('Thailand', 0.03755279658537316), ('South Korea', 0.033345686815551084), ('Mauritius', 0.029967729854596472), ('Oman', 0.029222081073740094), ('Uganda', 0.02912548612773668), ('Egypt', 0.02721215887064698), ('Uzbekistan', 0.02274413918308575), ('Zimbabwe', 0.016303788857440948), ('Angola', 0.016033707249895935), ('Tajikistan', 0.01581869135238914)]"
2004-01-01,154,200,0.008488243782361429,18,29,45,192,240,0.05742293260409233,0.006493506493506495,Curaçao,0.05742293260409233,1.045807113102411,"[('Curaçao', 0.05742293260409233), ('Antigua and Barbuda', 0.0549077663411046), ('China PR', 0.021297012742128425), ('Ivory Coast', 0.02063325550792346), ('Netherlands', 0.02011796204630046), ('Tunisia', 0.01923334432410156), ('Morocco', 0.018654952207417076), ('Norway', 0.01825511588728867), ('Hungary', 0.018003930949271295), ('Brazil', 0.017875812182503406)]"
2004-05-01,163,279,0.010565780504430812,10,28,19,269,190,0.05143317747522915,0.006134969325153374,Argentina,0.05143317747522915,1.3521289831460273,"[('Argentina', 0.05143317747522915), ('Brazil', 0.0380386620776063), ('Greece', 0.03652004384342023), ('Paraguay', 0.03445975614924575), ('Colombia', 0.03243306438822063), ('Uruguay', 0.03025721425865935), ('Mexico', 0.022250047457222363), ('Japan', 0.02170343684372432), ('Portugal', 0.01941026123614411), ('Russia', 0.017621056658069862)]"
2004-09-01,167,278,0.010028136498088161,13,24,20,248,249,0.039506449240134495,0.00598802395209581,Italy,0.039506449240134495,1.0922023616692462,"[('Italy', 0.039506449240134495), ('Slovenia', 0.03617136404993263), ('Norway', 0.0337008978338935), ('Germany', 0.03155512609677892), ('South Korea', 0.030518937878089913), ('Kuwait', 0.019665343849224342), ('Mexico', 0.019315267387931642), ('Qatar', 0.018342388910583946), ('Oman', 0.017623835222500554), ('Iran', 0.016490711874956085)]"
2005-01-01,135,159,0.008789386401326699,21,14,46,144,263,0.03893953437178914,0.007407407407407409,Ecuador,0.03893953437178914,1.065951697390247,"[('Ecuador', 0.03893953437178914), ('Chile', 0.03653029913749769), ('Paraguay', 0.03612753896977911), ('Czech Republic', 0.02374892684087257), ('Egypt', 0.021171657548132536), ('Finland', 0.0203921991745684), ('Jamaica', 0.02002197556477862), ('Mexico', 0.019690559328355516), ('Iran', 0.018371996056825563), ('Tunisia', 0.015148697642023298)]"
2005-05-01,142,204,0.010188792328438718,16,31,24,187,142,0.03540528885283574,0.007042253521126759,Guernsey,0.03540528885283574,1.0234662654055684,"[('Guernsey', 0.03540528885283574), ('Shetland', 0.03459350840333336), ('Isle of Man', 0.033916468493465274), ('Colombia', 0.03309144421168478), ('Denmark', 0.03219133253698049), ('Western Isles', 0.0319177847335451), ('Brazil', 0.030386261621921398), ('England', 0.030306529137348295), ('Mexico', 0.025171698569856654), ('Argentina', 0.024790568051561653)]"
2005-09-01,153,225,0.009674922600619196,17,38,27,218,197,0.06431881757842213,0.006535947712418301,Turkey,0.06431881757842213,1.0997167278079372,"[('Turkey', 0.06431881757842213), ('Switzerland', 0.05848671385278342), ('England', 0.025132302876478524), ('Northern Ireland', 0.02446375584584263), ('Uruguay', 0.02298976379520313), ('Costa Rica', 0.017266643302998933), ('Tunisia', 0.01713422359324543), ('Egypt', 0.016510375334696185), ('Cameroon', 0.015559123265630826), ('Portugal', 0.01525167154509424)]"
2006-01-01,120,142,0.009943977591036414,26,22,55,138,221,0.03176783420558227,0.008333333333333333,South Korea,0.03176783420558227,1.170049580661107,"[('South Korea', 0.03176783420558227), ('United Arab Emirates', 0.02715084448612225), ('Tajikistan', 0.025483068185811843), ('Ivory Coast', 0.02533385484458708), ('Senegal', 0.02456481848453177), ('South Africa', 0.022783051946767986), ('Egypt', 0.02264630164896473), ('Guinea', 0.02230666289607369), ('Qatar', 0.021969815774127793), ('Italy', 0.021923218855222987)]"
2006-05-01,139,198,0.010322177040975915,19,47,28,197,141,0.06827419089230773,0.007194244604316546,France,0.06827419089230773,1.4928806737387013,"[('France', 0.06827419089230773), ('Italy', 0.04573318691394471), ('Croatia', 0.04293915262040432), ('Germany', 0.03241625903115999), ('Brazil', 0.026498764570878023), ('Spain', 0.025708744153060605), ('Portugal', 0.02245982686209859), ('Zambia', 0.018163580125867107), ('Poland', 0.016642002459151452), ('Jordan', 0.015611868690800737)]"
2006-09-01,188,292,0.00830583684150643,17,61,12,284,190,0.03535570372684788,0.005319148936170212,France,0.03535570372684788,1.038972025760636,"[('France', 0.03535570372684788), ('Scotland', 0.03402950498206515), ('Ukraine', 0.031904728404434264), ('Italy', 0.0300872196720307), ('Japan', 0.025445398054905255), ('Saudi Arabia', 0.024674324082070792), ('Tanzania', 0.017286341753403454), ('Rwanda', 0.016890537124672547), ('Guyana', 0.013976158191551407), ('Zambia', 0.01394825009122001)]"
2007-01-01,155,178,0.007457059069962296,21,12,45,168,282,0.06469836832791002,0.006451612903225806,United Arab Emirates,0.06469836832791002,1.009764205944182,"[('United Arab Emirates', 0.06469836832791002), ('Haiti', 0.06407274881308918), ('Oman', 0.06126290112737215), ('Trinidad and Tobago', 0.059855503499041306), ('Panama', 0.04314731080757273), ('Spain', 0.024491418348784655), ('Costa Rica', 0.023559919915272905), ('Denmark', 0.019066698355680357), ('Portugal', 0.013283398755530314), ('Brazil', 0.0115693588697853)]"
2007-05-01,183,285,0.008557016753738066,14,47,19,267,160,0.05292011647767194,0.00546448087431694,Mexico,0.05292011647767194,1.5555022939619956,"[('Mexico', 0.05292011647767194), ('Argentina', 0.034021239752003156), ('Iraq', 0.03181938303007601), ('New Caledonia', 0.030615896654215644), ('Vanuatu', 0.03058476079469506), ('Paraguay', 0.022462356409899648), ('Saudi Arabia', 0.022407265156936338), ('United States', 0.01978794380909301), ('Brazil', 0.01930329910218825), ('Norway', 0.019193290811113446)]"
2007-09-01,177,266,0.008538777606574217,22,26,32,248,267,0.0595789538168607,0.005649717514124294,Jordan,0.0595789538168607,1.1355927477150085,"[('Jordan', 0.0595789538168607), ('Kyrgyzstan', 0.05246507071900815), ('Croatia', 0.020317452568109864), ('England', 0.019907806432184986), ('Israel', 0.019830431411212764), ('North Macedonia', 0.01951635950819071), ('Russia', 0.019001763049721693), ('Saint Kitts and Nevis', 0.01802527327692158), ('Saudi Arabia', 0.01578730603121524), ('Ghana', 0.01494695280285769)]"
2008-01-01,147,176,0.00820054049016867,21,29,59,170,260,0.03518836508140982,0.006802721088435374,Iceland,0.03518836508140982,1.0470104743468502,"[('Iceland', 0.03518836508140982), ('Armenia', 0.033608417435710136), ('Bahrain', 0.03240500817806577), ('China PR', 0.03141227862290917), ('Syria', 0.030004339724357378), ('Egypt', 0.027288814627152644), ('Belarus', 0.02568854962625331), ('Argentina', 0.0256551757198921), ('Cameroon', 0.020701568937658607), ('Malta', 0.0194953989988143)]"
2008-05-01,185,338,0.009929494712103408,12,55,17,318,156,0.04095020161686898,0.005405405405405407,India,0.04095020161686898,1.0772502490568077,"[('India', 0.04095020161686898), ('Maldives', 0.03801363856979671), ('Spain', 0.029454671029869463), ('Morocco', 0.0256471610052729), ('Rwanda', 0.024012175290153405), ('Turkey', 0.021003859333428524), ('Trinidad and Tobago', 0.020033191361980632), ('Uruguay', 0.01976042055931493), ('Russia', 0.019336166111114505), ('Germany', 0.01662409750007282)]"
2008-09-01,180,294,0.009124767225325885,19,23,28,260,304,0.04314277280969716,0.005555555555555556,Jamaica,0.04314277280969716,1.5835452661713114,"[('Jamaica', 0.04314277280969716), ('Honduras', 0.027244420308872863), ('Mexico', 0.02292230504315565), ('Fiji', 0.020975373912819853), ('Trinidad and Tobago', 0.020743635590814706), ('Vanuatu', 0.01954698317479385), ('Slovakia', 0.018610375637748137), ('Poland', 0.01822794453834544), ('Slovenia', 0.018096838900645833), ('Chile', 0.014798291319670883)]"
2009-01-01,149,200,0.009069472156720479,17,17,48,176,270,0.02921810361362506,0.006711409395973153,Saudi Arabia,0.02921810361362506,1.0241695816214569,"[('Saudi Arabia', 0.02921810361362506), ('North Korea', 0.02852857977618042), ('Bahrain', 0.02792541142138085), ('Mexico', 0.026601505285345838), ('Oman', 0.02263722530963548), ('United States', 0.0223206055148026), ('Honduras', 0.02151391130672756), ('Qatar', 0.021305192624569556), ('Kuwait', 0.019665464835632477), ('Costa Rica', 0.01962262042311157)]"
2009-05-01,162,229,0.008780001533624722,19,41,28,223,194,0.04877059192844084,0.006172839506172837,United States,0.04877059192844084,1.0401758496382727,"[('United States', 0.04877059192844084), ('El Salvador', 0.046886872008613835), ('Honduras', 0.03918457723139176), ('Brazil', 0.029058354057810886), ('Mexico', 0.027425573932765252), ('Australia', 0.026741713108327014), ('Costa Rica', 0.024869484270175303), ('Jersey', 0.022581830851609364), ('Canada', 0.019159545207489245), ('Jamaica', 0.013804235711974042)]"
2009-09-01,155,262,0.01097612065354001,15,34,41,242,209,0.05500423483251842,0.0064516129032258064,Egypt,0.05500423483251842,1.013769027597529,"[('Egypt', 0.05500423483251842), ('Algeria', 0.054257166410843785), ('Brazil', 0.02856482161356734), ('Bolivia', 0.026215344765437642), ('Paraguay', 0.019726952650188985), ('Singapore', 0.01882764502233479), ('Chile', 0.018581377237789732), ('Thailand', 0.017943195192571194), ('Spain', 0.016438027254257238), ('Peru', 0.015792668637370097)]"
2010-01-01,123,125,0.008330001332800213,29,16,48,119,256,0.03436758135301955,0.008130081300813014,Egypt,0.03436758135301955,1.0379082720336361,"[('Egypt', 0.03436758135301955), ('England', 0.0331123494041348), ('Cameroon', 0.029959296442414834), ('Zambia', 0.0287091822936673), ('Guadeloupe', 0.02582621218018528), ('Saint Kitts and Nevis', 0.02582621218018528), ('South Korea', 0.023455969484801335), ('Portugal', 0.019205841571250024), ('China PR', 0.018008508802765822), ('Ghana', 0.01752463560722061)]"
2010-05-01,133,192,0.010936431989063569,19,37,27,189,122,0.09730521718205715,0.007518796992481202,Spain,0.09730521718205715,1.1386851289597797,"[('Spain', 0.09730521718205715), ('Switzerland', 0.08545401595869452), ('Germany', 0.05496161512510874), ('Netherlands', 0.04762266115453281), ('Chile', 0.04259787429226331), ('Costa Rica', 0.03824210443015129), ('Serbia', 0.025750073521215822), ('Argentina', 0.024238118887274), ('Brazil', 0.0235901946382119), ('Uruguay', 0.02247395689268989)]"
2010-09-01,188,327,0.0093013994766185,14,66,11,325,190,0.04579434318002641,0.005319148936170212,Panama,0.04579434318002641,1.0997627929278881,"[('Panama', 0.04579434318002641), ('Peru', 0.04164020048187715), ('Jamaica', 0.038031950253620946), ('Guadeloupe', 0.03406827443643395), ('Cuba', 0.028227189268809988), ('Honduras', 0.023487113419343883), ('Japan', 0.0218322832661409), ('Kuwait', 0.018824553637292542), ('Argentina', 0.0187223450848964), ('Brazil', 0.017894614094451138)]"
2011-01-01,164,192,0.007182403112374682,20,15,39,183,318,0.02624152061357677,0.006097560975609759,South Korea,0.02624152061357677,1.1110481729091368,"[('South Korea', 0.02624152061357677), ('Philippines', 0.023618706419242578), ('Mongolia', 0.02272872191172596), ('Japan', 0.02255213063792513), ('South Africa', 0.01789574895839661), ('New Caledonia', 0.017792263667636074), ('Tahiti', 0.017792263667636074), ('Egypt', 0.016576860518401806), ('Serbia', 0.015897122227676287), ('Australia', 0.0152037115952667)]"
2011-05-01,212,271,0.006058302781006886,21,60,12,256,177,0.02270703265184099,0.004716981132075471,Réunion,0.02270703265184099,1.031044487537021,"[('Réunion', 0.02270703265184099), ('Isle of Wight', 0.022023329668425837), ('Vanuatu', 0.02190607659776924), ('Germany', 0.01964100030141043), ('Republic of Ireland', 0.01884599769746966), ('Mexico', 0.017460407431381025), ('Venezuela', 0.017224010297459007), ('Syria', 0.013743102675902421), ('Seychelles', 0.013703437001041634), ('Oman', 0.013696958574331917)]"
2011-09-01,198,334,0.008562785212531406,16,27,41,324,261,0.03856107185991096,0.005050505050505052,Iraq,0.03856107185991096,1.0477919583533164,"[('Iraq', 0.03856107185991096), ('Jordan', 0.036802221617078044), ('Brazil', 0.022235201478358994), ('Antigua and Barbuda', 0.02208780165663077), ('Trinidad and Tobago', 0.018203531623034095), ('Australia', 0.018186122525843156), ('England', 0.0181522705902531), ('Oman', 0.01709572124166744), ('Argentina', 0.01612097237948419), ('Paraguay', 0.015738341347213722)]"
2012-01-01,139,136,0.007089980189761235,35,10,69,127,325,0.02908153525205878,0.00719424460431655,Egypt,0.02908153525205878,1.1167310795263476,"[('Egypt', 0.02908153525205878), ('Guadeloupe', 0.026041663731964433), ('Martinique', 0.026041663731964433), ('Ivory Coast', 0.025533922583303035), ('Paraguay', 0.02113928587304663), ('North Korea', 0.0180079496380364), ('United Arab Emirates', 0.017941026141482148), ('Guyana', 0.01662601605098101), ('Zambia', 0.015455230775418206), ('Mali', 0.015214194294006608)]"
2012-05-01,186,271,0.007875617553036908,17,60,13,264,129,0.027847620825346392,0.005376344086021506,Argentina,0.027847620825346392,1.18524348910732,"[('Argentina', 0.027847620825346392), ('Spain', 0.023495274246408352), ('Brazil', 0.02146285014361414), ('United States', 0.019415536128668844), ('Libya', 0.016787620256356214), ('Cameroon', 0.016253201041327072), ('Turkey', 0.01606807408149445), ('Germany', 0.015771026834580815), ('Mexico', 0.015211780848306676), ('Portugal', 0.014616236331406919)]"
2012-09-01,190,370,0.010303536619326092,15,36,32,355,256,0.08374969361394104,0.005263157894736841,Brazil,0.08374969361394104,1.1040645319834583,"[('Brazil', 0.08374969361394104), ('Argentina', 0.0758557957327768), ('Singapore', 0.02483236513665145), ('Thailand', 0.018332682804473914), ('Japan', 0.018067003088929605), ('Zambia', 0.016407658861407992), ('Uganda', 0.016371845492815503), ('Philippines', 0.016176126226637305), ('Burkina Faso', 0.015909571765920363), ('Central African Republic', 0.014954744817368032)]"
2013-01-01,167,210,0.007575211023735661,20,17,40,191,351,0.03581751096215437,0.005988023952095809,Nigeria,0.03581751096215437,1.227863925148716,"[('Nigeria', 0.03581751096215437), ('United Arab Emirates', 0.02917058660047874), ('Mali', 0.028488611557856224), ('Ghana', 0.028350071512004166), ('Croatia', 0.019625938808960918), ('Honduras', 0.01691344902902496), ('United States', 0.01567566350870707), ('Costa Rica', 0.015467926891267874), ('Kuwait', 0.015026264305661747), ('Iraq', 0.014655022907429434)]"
2013-05-01,165,220,0.008130081300813009,18,26,28,206,196,0.03380351657163183,0.006060606060606061,Brazil,0.03380351657163183,1.0209935297106756,"[('Brazil', 0.03380351657163183), ('Switzerland', 0.03310845327414652), ('Jordan', 0.032544874876181976), ('Australia', 0.03042025462145497), ('Belgium', 0.022261645178346313), ('United States', 0.022228000463459446), ('Japan', 0.01963769797509883), ('Libya', 0.01904230413016037), ('Spain', 0.01721179789735911), ('Oman', 0.01647599584944639)]"
2013-09-01,171,267,0.009184726522187823,18,37,31,258,211,0.03922586766807515,0.005847953216374269,France,0.03922586766807515,1.061272938411004,"[('France', 0.03922586766807515), ('Ukraine', 0.036961149435136134), ('Brazil', 0.03621116210898222), ('Uruguay', 0.03541437154863734), ('Ecuador', 0.03217148871540043), ('Colombia', 0.02210750605425525), ('Chile', 0.02081916292052214), ('South Africa', 0.014640713756616644), ('Zimbabwe', 0.014510431026202752), ('Japan', 0.014114158891880151)]"
2014-01-01,109,71,0.006031260618416582,40,10,72,70,266,0.024716519843640584,0.009174311926605503,Qatar,0.024716519843640584,1.226454231957122,"[('Qatar', 0.024716519843640584), ('Jordan', 0.020152826905084784), ('Scotland', 0.018963926949565165), ('Iraq', 0.01596454248266175), ('Lebanon', 0.01596454248266175), ('Zimbabwe', 0.01596454248266175), ('Ukraine', 0.015798663239894244), ('Poland', 0.015355070585625458), ('Malaysia', 0.015210108787136668), ('Montenegro', 0.015210108787136668)]"
2014-05-01,177,233,0.007479455572675911,24,90,22,233,71,0.061238999844581296,0.005649717514124294,Germany,0.061238999844581296,1.902626457339505,"[('Germany', 0.061238999844581296), ('Congo', 0.03218655958890295), ('Argentina', 0.02995024217847314), ('Uganda', 0.027942577311917172), ('Brazil', 0.02651591761936128), ('Madagascar', 0.025892439498725425), ('Netherlands', 0.024801378571950274), ('Belgium', 0.020111374247007905), ('Colombia', 0.0199752053366795), ('Rwanda', 0.019525126488036428)]"
2014-09-01,176,318,0.010324675324675325,16,41,42,315,230,0.029108707308400525,0.005681818181818182,Cape Verde,0.029108707308400525,1.2323140219657214,"[('Cape Verde', 0.029108707308400525), ('Peru', 0.023621176737052683), ('Uruguay', 0.02253556469198026), ('Brazil', 0.022439546293684005), ('Zambia', 0.021683649734408443), ('Qatar', 0.019194009302373454), ('Chile', 0.018052652122826234), ('Thailand', 0.016702239584710555), ('Mali', 0.01620913914896653), ('Malaysia', 0.015537410565338456)]"
2015-01-01,157,167,0.006818552996896946,36,20,39,160,311,0.07490920987375241,0.006369426751592357,Australia,0.07490920987375241,1.0265068281379024,"[('Australia', 0.07490920987375241), ('South Korea', 0.0729748773416722), ('Sweden', 0.03705512230155225), ('Finland', 0.03383843122179498), ('Northern Ireland', 0.031104484713070386), ('Scotland', 0.03076808085384724), ('Ivory Coast', 0.02289575817568573), ('Algeria', 0.020359736037034233), ('Senegal', 0.01691308834543092), ('Iran', 0.01560624278195767)]"
2015-05-01,206,258,0.006109400899834241,29,73,24,254,163,0.041426311011224855,0.004854368932038832,Guernsey,0.041426311011224855,1.0427217009830665,"[('Guernsey', 0.041426311011224855), ('Jersey', 0.039729019710790126), ('Isle of Man', 0.03872475760269188), ('Brazil', 0.021818075746871744), ('Colombia', 0.021090547575911424), ('Jamaica', 0.020481260914252855), ('Venezuela', 0.019910947111775046), ('South Korea', 0.016270191082026333), ('Chile', 0.015429850266609403), ('Peru', 0.0145137968250204)]"
2015-09-01,197,359,0.00929762768051383,19,27,36,331,230,0.026675791628152756,0.005076142131979695,Spain,0.026675791628152756,1.0366651880621838,"[('Spain', 0.026675791628152756), ('Chad', 0.025732311584627673), ('Jordan', 0.022093555198440806), ('Kenya', 0.02085611417646208), ('Kyrgyzstan', 0.020603515381148362), ('Australia', 0.020322221104213643), ('England', 0.016950164645468904), ('Egypt', 0.015988679347113278), ('Ivory Coast', 0.01574491981252095), ('DR Congo', 0.015688431751562582)]"
2016-01-01,179,148,0.004645031699202812,47,20,38,130,341,0.029735186398762582,0.00558659217877095,Rwanda,0.029735186398762582,1.0741598118349838,"[('Rwanda', 0.029735186398762582), ('Mauritius', 0.027682274156176124), ('United States', 0.022924067185036975), ('Guatemala', 0.021903127629313072), ('Barbados', 0.016075075776658346), ('Curaçao', 0.016075075776658346), ('Botswana', 0.016075075776658346), ('Comoros', 0.016075075776658346), ('Burundi', 0.016075075776658346), ('Namibia', 0.016075075776658346)]"
2016-05-01,200,254,0.006381909547738694,27,41,20,251,145,0.062318812568270654,0.005000000000000001,England,0.062318812568270654,1.0362745665999245,"[('England', 0.062318812568270654), ('Portugal', 0.0601373560414034), ('Iceland', 0.05602339938562427), ('France', 0.04329185916397024), ('Norway', 0.02546825668544888), ('Belgium', 0.022137664281639276), ('Republic of Ireland', 0.02030910179735051), ('Wales', 0.020067695323527927), ('Italy', 0.018819628626097755), ('Argentina', 0.015504992832277771)]"
2016-09-01,186,288,0.008369659982563208,21,17,31,283,249,0.03297088135148703,0.005376344086021506,United Arab Emirates,0.03297088135148703,1.2259428510943893,"[('United Arab Emirates', 0.03297088135148703), ('Japan', 0.026894305327572317), ('Indonesia', 0.0250457700761014), ('Vietnam', 0.021075306398841795), ('Saudi Arabia', 0.020722252533262788), ('Thailand', 0.01990600873585895), ('France', 0.017413554680305105), ('Australia', 0.017336492048885845), ('Iran', 0.01679596490518826), ('Mexico', 0.015587189262249302)]"
2017-01-01,151,153,0.006754966887417219,31,13,48,142,277,0.026508901039384122,0.006622516556291391,Morocco,0.026508901039384122,1.0251044582586561,"[('Morocco', 0.026508901039384122), ('Cameroon', 0.025859707101864294), ('Guinea', 0.02506412880151336), ('Brazil', 0.024825905507100288), ('Papua New Guinea', 0.02035559510695157), ('Tahiti', 0.02035559510695157), ('Colombia', 0.017854147957164935), ('Egypt', 0.016635603736147406), ('Ivory Coast', 0.014207519683281381), ('Mexico', 0.013983799019012892)]"
2017-05-01,189,237,0.006670043904086457,18,57,19,236,152,0.022901912719957212,0.005291005291005291,Isle of Man,0.022901912719957212,1.154883129738186,"[('Isle of Man', 0.022901912719957212), ('France', 0.019830502438068442), ('Sweden', 0.019264330909508055), ('United States', 0.01901215515803215), ('Zimbabwe', 0.01890113001242149), ('Belarus', 0.01876275219143598), ('Bulgaria', 0.018758599380377692), ('Netherlands', 0.016525723580537204), ('Guernsey', 0.014336600950969922), ('Luxembourg', 0.014201625220092367)]"
2017-09-01,169,275,0.009685826993519301,21,22,42,275,237,0.04000128528872699,0.0059171597633136085,Nigeria,0.04000128528872699,1.0452469682712213,"[('Nigeria', 0.04000128528872699), ('Algeria', 0.0382696975001868), ('Zambia', 0.02400795977263019), ('Australia', 0.01929541767677005), ('Netherlands', 0.018273835240261934), ('Wales', 0.01814040167027935), ('Taiwan', 0.01733894452229575), ('Austria', 0.01664782402622181), ('Iraq', 0.014689297258216367), ('Cameroon', 0.013170321370422601)]"
2018-01-01,154,120,0.005092946269416858,38,21,36,119,274,0.02307146560369344,0.006493506493506494,Tunisia,0.02307146560369344,1.1086547523797816,"[('Tunisia', 0.02307146560369344), ('Peru', 0.020810324904276475), ('Croatia', 0.01681266028576169), ('Morocco', 0.01638809456857556), ('Mexico', 0.015479144577134785), ('Iran', 0.014759077455257579), ('Georgia', 0.012512820121549376), ('Kosovo', 0.012512820121549376), ('Oman', 0.012512820121549376), ('Uruguay', 0.012512820121549376)]"
2018-05-01,143,191,0.009406086870875604,24,41,52,191,120,0.07017833654555722,0.006993006993006992,France,0.07017833654555722,2.0443229693858425,"[('France', 0.07017833654555722), ('Belgium', 0.03432839996247768), ('Kenya', 0.021331098353369313), ('Brazil', 0.021026675317945824), ('Kárpátalja', 0.01830718490548222), ('New Zealand', 0.017503061277795016), ('South Africa', 0.017448667622942705), ('India', 0.015988009241199003), ('Northern Cyprus', 0.01518606888586216), ('Uruguay', 0.014230071295250826)]"
2018-09-01,207,339,0.007949908540875194,21,86,22,336,188,0.0331921914141203,0.004830917874396135,Spain,0.0331921914141203,1.2436268443808818,"[('Spain', 0.0331921914141203), ('Mauritania', 0.026689831892977887), ('Angola', 0.02668983189297788), ('Netherlands', 0.025097613619111888), ('France', 0.02498437307190224), ('England', 0.02441925592621233), ('Algeria', 0.022238404576751896), ('Benin', 0.020269923520229067), ('El Salvador', 0.01791045068785654), ('Norway', 0.016743971518612778)]"
2019-01-01,175,164,0.005385878489326765,42,6,38,157,332,0.051240157658929524,0.005714285714285714,Qatar,0.051240157658929524,2.2186407270805355,"[('Qatar', 0.051240157658929524), ('Japan', 0.023095293002376012), ('South Korea', 0.02199373330289782), ('El Salvador', 0.0190469485289966), ('Belgium', 0.01469700494332907), ('Wales', 0.013774304793976275), ('Guatemala', 0.013035874683175578), ('Colombia', 0.01283746165309489), ('United Arab Emirates', 0.011854031526445168), ('Northern Ireland', 0.011573199414421075)]"
2019-05-01,200,292,0.007336683417085427,26,62,37,285,157,0.03219965296458641,0.005,Algeria,0.03219965296458641,1.4157555691245132,"[('Algeria', 0.03219965296458641), ('Senegal', 0.022743793961904245), ('Nigeria', 0.017802589133512254), ('Ivory Coast', 0.01656470613542571), ('Ynys Môn', 0.01603708856488324), ('Iceland', 0.014646738152028355), ('Mexico', 0.0141075792157053), ('Brunei', 0.013960347248701753), ('Mongolia', 0.013960347248701753), ('Morocco', 0.013724982723603882)]"
2019-09-01,209,381,0.008764262053735738,22,51,42,347,258,0.019419876357570816,0.00478468899521531,Saudi Arabia,0.019419876357570816,1.2247803260830397,"[('Saudi Arabia', 0.019419876357570816), ('Zimbabwe', 0.015855803644133776), ('Dominican Republic', 0.015622107200152984), ('Slovenia', 0.01538078986912798), ('Somalia', 0.015141441837764825), ('El Salvador', 0.014921003790865944), ('Bahrain', 0.014376665693087595), ('Argentina', 0.014233080804502994), ('Saint Martin', 0.013306435848408578), ('Austria', 0.012721226040403186)]"
2020-01-01,9,6,0.08333333333333333,3,0,200,6,381,0.2308992542556006,0.11111111111111108,Iceland,0.2308992542556006,1.267597020501372,"[('Iceland', 0.2308992542556006), ('Sweden', 0.18215509386750778), ('Canada', 0.12481009343453583), ('United States', 0.12481009343453583), ('Barbados', 0.06746509300156393), ('El Salvador', 0.06746509300156393), ('Kosovo', 0.06746509300156393), ('Moldova', 0.06746509300156393), ('Costa Rica', 0.06746509300156393)]"
2020-09-01,136,210,0.011437908496732025,17,129,2,210,6,0.07299455568412672,0.007352941176470587,England,0.07299455568412672,1.0521591644009705,"[('England', 0.07299455568412672), ('Belgium', 0.06937596340348845), ('Denmark', 0.03974983080825127), ('North Macedonia', 0.030364178670520194), ('Armenia', 0.030156147486953992), ('Romania', 0.019861560389292914), ('Niger', 0.01881890622208168), ('Ethiopia', 0.017899297692930465), ('Russia', 0.01683384595470541), ('Lithuania', 0.016121514738323697)]"
2021-01-01,155,155,0.006493506493506494,29,30,11,153,208,0.02160545692057928,0.006451612903225806,Jordan,0.02160545692057928,1.0083567976589742,"[('Jordan', 0.02160545692057928), ('Angola', 0.021426400824330276), ('Gabon', 0.021426400824330276), ('DR Congo', 0.021426400824330276), ('Gambia', 0.021426400824330276), ('Belgium', 0.016810014800241427), ('Ivory Coast', 0.016032142016643613), ('Turkey', 0.015429197176894003), ('Romania', 0.014952400476476307), ('Iraq', 0.014696476222343331)]"
2021-05-01,181,280,0.008594229588704727,17,37,11,278,153,0.06333091482171344,0.0055248618784530384,Italy,0.06333091482171344,1.213648201576032,"[('Italy', 0.06333091482171344), ('United States', 0.05218226726614229), ('Switzerland', 0.04907139102141871), ('Mexico', 0.022601282833180854), ('Kosovo', 0.019080066851994336), ('Qatar', 0.0189479539959831), ('Guinea', 0.018918608663913514), ('England', 0.018605505561741294), ('Gambia', 0.018086683751961454), ('Togo', 0.018059234091991103)]"
2021-09-01,162,360,0.013802622498274672,17,13,32,337,257,0.04268481701067236,0.006172839506172838,Cameroon,0.04268481701067236,1.0095183080240084,"[('Cameroon', 0.04268481701067236), ('Ivory Coast', 0.04228236047964494), ('Denmark', 0.031817737293110424), ('Scotland', 0.03177971662149062), ('South Africa', 0.023661718145473038), ('Tunisia', 0.02351830981045613), ('Ghana', 0.023491689195203298), ('France', 0.013729517119929587), ('Spain', 0.01346976287916431), ('Nigeria', 0.013451552108892546)]"
2022-01-01,172,220,0.007479940160478716,26,26,16,194,334,0.03361376828174531,0.005813953488372093,Egypt,0.03361376828174531,1.0262843656815195,"[('Egypt', 0.03361376828174531), ('South Korea', 0.032752879616775206), ('United Arab Emirates', 0.031159193610613412), ('Iran', 0.031072553904733125), ('Tunisia', 0.030967096127204576), ('Cameroon', 0.029287151477423085), ('Senegal', 0.027760458661332543), ('Algeria', 0.027671798198097546), ('Nigeria', 0.01890927284697114), ('Iraq', 0.01773776068103661)]"
2022-05-01,198,249,0.006383633287186587,33,44,18,247,218,0.01935817737181826,0.005050505050505053,Biafra,0.01935817737181826,1.048320366264886,"[('Biafra', 0.01935817737181826), ('Matabeleland', 0.018465898397825177), ('Thailand', 0.018212237798460516), ('Croatia', 0.017333022444606373), ('Guadeloupe', 0.01718712044875685), ('Denmark', 0.01704121845290733), ('Antigua and Barbuda', 0.017027861154310604), ('Cuba', 0.016881959158461083), ('Austria', 0.01672269986401483), ('Bahrain', 0.01628000520149331)]"
2022-09-01,160,252,0.00990566037735849,15,14,52,229,226,0.04934703014184664,0.00625,Argentina,0.04934703014184664,1.0795092391691,"[('Argentina', 0.04934703014184664), ('Saudi Arabia', 0.04571246669442971), ('Brazil', 0.03405400923896504), ('Croatia', 0.03245884362250559), ('France', 0.030913726302055324), ('Cameroon', 0.030632539578795644), ('Switzerland', 0.025820391388935937), ('Mexico', 0.02154016147175994), ('Portugal', 0.02058641842113112), ('Costa Rica', 0.018033877497929836)]"
2023-01-01,197,169,0.0043768776546151454,53,44,7,168,251,0.023481577526553058,0.005076142131979697,Thailand,0.023481577526553058,1.3038697851244871,"[('Thailand', 0.023481577526553058), ('Iraq', 0.018009143086563012), ('Russia', 0.017474846593667496), ('Bahrain', 0.01735264637217116), ('Malaysia', 0.015902073593466574), ('Australia', 0.014398229539898263), ('Ecuador', 0.014398229539898263), ('Bangladesh', 0.014398229539898263), ('Seychelles', 0.014398229539898263), ('Congo', 0.014398229539898263)]"
2023-05-01,195,218,0.005762622257467619,37,34,36,215,166,0.027309776319746782,0.005128205128205126,Jersey,0.027309776319746782,1.16730372795425,"[('Jersey', 0.027309776319746782), ('Mexico', 0.02339560447357462), ('United States', 0.021898001248824437), ('Malawi', 0.020345748575771847), ('Zambia', 0.018511490083049944), ('Panama', 0.015468157363988717), ('Qatar', 0.014730759615099318), ('Iran', 0.014466220710327037), ('Ynys Môn', 0.014324139349790788), ('Mauritius', 0.012129957929391888)]"
2023-09-01,218,389,0.008223058385828435,19,48,25,352,181,0.02002872312538652,0.004587155963302752,Uruguay,0.02002872312538652,1.0037112740096732,"[('Uruguay', 0.02002872312538652), ('Argentina', 0.019954665892488014), ('Ecuador', 0.019479754065938503), ('Japan', 0.018421865422921176), ('Denmark', 0.01723481759930306), ('Northern Ireland', 0.01644588456525424), ('Saint Lucia', 0.01582728537406161), ('South Korea', 0.014903863450241191), ('Guadeloupe', 0.013632986868704237), ('Slovenia', 0.012974110479732405)]"
2024-01-01,173,213,0.007158220190885872,30,0,45,202,378,0.06943412768544001,0.0057803468208092465,Jordan,0.06943412768544001,1.5922360612553594,"[('Jordan', 0.06943412768544001), ('Qatar', 0.043607935641588456), ('Ivory Coast', 0.0419656808745825), ('Japan', 0.029620414123748943), ('Nigeria', 0.029320640138135755), ('Guinea', 0.027889705112494497), ('South Korea', 0.024510588634193156), ('Bahrain', 0.023442735315282036), ('Mali', 0.02250638140322582), ('Iran', 0.020932740413385095)]"
2024-05-01,191,221,0.006089831909616974,32,31,13,216,208,0.054737847710586804,0.005235602094240839,Spain,0.054737847710586804,1.6137232184853656,"[('Spain', 0.054737847710586804), ('Argentina', 0.03392022069432919), ('Netherlands', 0.023906001780515548), ('Colombia', 0.01943395130988592), ('Austria', 0.018381987803918302), ('England', 0.018121240704306874), ('Turkey', 0.015679905998031027), ('Cambodia', 0.014679324022218554), ('Mongolia', 0.014679324022218554), ('Germany', 0.014330312900938898)]"
2024-09-01,210,377,0.00858965595807701,35,27,8,365,209,0.029254622655906688,0.004761904761904763,Malta,0.029254622655906688,1.0019550446800811,"[('Malta', 0.029254622655906688), ('Moldova', 0.02919754016034475), ('Honduras', 0.02752669241889772), ('Mexico', 0.027324047085529147), ('Philippines', 0.017049742220531672), ('Thailand', 0.01687259813150248), ('United States', 0.01632999460481932), ('Northern Ireland', 0.01528189232446728), ('Norway', 0.015209993698746892), ('England', 0.014928590844560387)]"
2025-01-01,182,150,0.004553457592131625,47,7,35,139,366,0.03223391662389333,0.005494505494505497,Burkina Faso,0.03223391662389333,1.0150625926509962,"[('Burkina Faso', 0.03223391662389333), ('Zanzibar', 0.031755595031543196), ('Guatemala', 0.031232733052613162), ('Guyana', 0.029076816154291613), ('Belgium', 0.01688445175260987), ('Ukraine', 0.01688445175260987), ('Croatia', 0.01688445175260987), ('France', 0.01688445175260987), ('Denmark', 0.01688445175260987), ('Portugal', 0.01688445175260987)]"
2025-05-01,178,175,0.005554497556021075,34,32,36,173,148,0.026708022815864665,0.005617977528089887,Switzerland,0.026708022815864665,1.0821425446869795,"[('Switzerland', 0.026708022815864665), ('Mexico', 0.02468068827622911), ('Ynys Môn', 0.019037942322479618), ('Panama', 0.01788685500566165), ('Canada', 0.0166527976811596), ('Isle of Man', 0.01617172446973911), ('Honduras', 0.014285370821826043), ('Australia', 0.012319081466409592), ('Denmark', 0.012284797060779012), ('Sweden', 0.011846010514766315)]"
2025-09-01,199,396,0.010050251256281407,21,42,21,380,159,0.05922658522680275,0.005025125628140704,Brazil,0.05922658522680275,1.2231058588748598,"[('Brazil', 0.05922658522680275), ('South Korea', 0.04842310646871198), ('United States', 0.04246215423743589), ('Japan', 0.03645929577546066), ('Bolivia', 0.029210444820169327), ('Algeria', 0.01679581365678882), ('Slovakia', 0.015736880305366838), ('Morocco', 0.015676598686168264), ('Jordan', 0.015107567928303277), ('Republic of Ireland', 0.014983739323319993)]"
2026-01-01,140,119,0.006115107913669065,32,6,65,117,394,0.048802915061353105,0.007142857142857141,Morocco,0.048802915061353105,1.2783838169818045,"[('Morocco', 0.048802915061353105), ('Senegal', 0.03817547939285884), ('Nigeria', 0.029070119753474993), ('Egypt', 0.02522010564372159), ('Algeria', 0.018884911862814484), ('Mexico', 0.015324581384057366), ('DR Congo', 0.01393678803706477), ('Ivory Coast', 0.013020575979234852), ('Puerto Rico', 0.013020575979234852), ('Sweden', 0.013020575979234852)]"
