snapshot,nodes,edges,density,communities,new_nodes,removed_nodes,new_edges,removed_edges,pagerank_max,pagerank_mean,dominant_node,dominant_score,dominance_ratio,top_pagerank
1877-05-01,22,21,0.045454545454545456,5,0,0,0,0,0.2747036761879092,0.04545454545454548,Spencer William Gore,0.2747036761879092,2.4889366185314965,"[('Spencer William Gore', 0.2747036761879092), ('William Cecil Marshall', 0.1103698961807986), ('Charles Gilbert Heathcote', 0.08295922531888006), ('Julian Marshall', 0.05965892735638435), ('Francis Nathaniel Langham', 0.05965892735638435), ('Lestocq Robert Erskine', 0.05965892735638435), ('Bayly Nash Akroyd', 0.03224825649446581), ('John Baker', 0.03224825649446581), ('Frederick William Oliver', 0.03224825649446581), ('J Lambert', 0.03224825649446581)]"
1878-05-01,35,34,0.02857142857142857,7,28,15,34,21,0.23827591115668878,0.028571428571428564,Frank Hadow,0.23827591115668878,1.4823028948865424,"[('Frank Hadow', 0.23827591115668878), ('Lestocq Robert Erskine', 0.16074711314311152), ('Charles Gipps Hamilton', 0.06377339757194751), ('Herbert Fortescue Lawford', 0.05031022880315578), ('Ac Brown', 0.0344719295285441), ('Arthur Thomas Myers', 0.0344719295285441), ('Edmond Bennet Brackenbury', 0.0344719295285441), ('Fw Porter', 0.0344719295285441), ('Robert Dalby Dalby', 0.01863363025393243), ('Alexander Astell Hadow', 0.01863363025393243)]"
1879-05-01,46,45,0.021739130434782608,6,36,25,44,33,0.2317983591929231,0.021739130434782608,John Thorneycroft Hartley,0.2317983591929231,2.6230792505956293,"[('John Thorneycroft Hartley', 0.2317983591929231), ('Cecil Francis Parr', 0.08836879752690967), ('Vere Thomas Saint Leger Goold', 0.07283442222783335), ('Charles Gilbert Heathcote', 0.0477683764459917), ('Charles David Barry', 0.047768376445991696), ('George Ernest Tabor', 0.047768376445991696), ('Arthur Thomas Myers', 0.02582105107136528), ('T Hoare', 0.02582105107136528), ('Victor Alexander Brooke', 0.02582105107136528), ('Edgar Lubbock', 0.02582105107136528)]"
1880-05-01,61,60,0.01639344262295082,7,42,27,60,45,0.1711332459736656,0.01639344262295082,Herbert Fortescue Lawford,0.1711332459736656,1.1407169164954785,"[('Herbert Fortescue Lawford', 0.1711332459736656), ('John Thorneycroft Hartley', 0.15002253714218847), ('Otway Edward Woodhouse', 0.09858139786488798), ('George Arnulph Montgomerie', 0.053285805137439565), ('George Montague Butterworth', 0.040052277762599384), ('Ernest Renshaw', 0.028802984613737107), ('Hc Jenkins', 0.028802984613737107), ('Richard Ridley Farrer', 0.028802984613737107), ('William Henry Darby Desterre', 0.028802984613737107), ('Charles Gilbert Heathcote', 0.015569457238896927)]"
1881-05-01,49,48,0.02040816326530612,6,29,41,48,60,0.2276976302325333,0.02040816326530612,William Charles Renshaw,0.2276976302325333,2.7726146658171826,"[('William Charles Renshaw', 0.2276976302325333), ('Herbert Fortescue Lawford', 0.08212379204357385), ('Richard Taswell Richardson', 0.08212379204357384), ('Gs Murray Hill', 0.04439034577749226), ('Otway Edward Woodhouse', 0.04439034577749226), ('William Henry Darby', 0.04439034577749226), ('Edgar Lubbock', 0.023994526993181123), ('Ernest Renshaw', 0.023994526993181123), ('Minden Fenwick', 0.023994526993181123), ('Hc Jenkins', 0.023994526993181123)]"
1881-09-01,25,24,0.04,5,25,49,24,48,0.25732832762383623,0.039999999999999994,Richard Dudley Sears,0.25732832762383623,1.8071282913363906,"[('Richard Dudley Sears', 0.25732832762383623), ('William E Glyn', 0.14239626973773908), ('Samuel Shaw', 0.08084978292461638), ('Crawford Nightingale', 0.05047856082949973), ('Edward H Gray', 0.05047856082949973), ('X Kessler', 0.05047856082949973), ('Wh Barnes', 0.027285787509574166), ('X Coggswell', 0.027285787509574166), ('X Anderson', 0.027285787509574166), ('Richard Field Conover', 0.027285787509574166)]"
1882-05-01,69,67,0.014279624893435636,8,57,13,66,23,0.1241701626442775,0.014492753623188404,Richard Dudley Sears,0.1241701626442775,1.3412379274189714,"[('Richard Dudley Sears', 0.1241701626442775), ('Ernest Renshaw', 0.0925787737625538), ('William Charles Renshaw', 0.08343029483689003), ('Clarence Monroe Clark', 0.08087950012906932), ('Richard Taswell Richardson', 0.043718110632502236), ('Edward H Gray', 0.029955268402904144), ('James Dwight', 0.029955268402904137), ('Herbert Fortescue Lawford', 0.029955268402904137), ('James Rankine', 0.029955268402904137), ('Arthur L Rives', 0.016192426173306042)]"
1883-05-01,51,49,0.019215686274509803,7,29,47,47,65,0.12252350753442474,0.0196078431372549,Richard Dudley Sears,0.12252350753442474,1.1941964145186263,"[('Richard Dudley Sears', 0.12252350753442474), ('Ernest Renshaw', 0.1025991252735533), ('William Charles Renshaw', 0.09375780254188797), ('Donald Charles Stewart', 0.07667395566354146), ('James Dwight', 0.06048830755426586), ('William C Taylor', 0.04144591972772085), ('Foxhall Parker Keane', 0.04144591972772085), ('Herbert William Wrangham Wilberforce', 0.02240353190117583), ('Gm Smith', 0.02240353190117583), ('Godfrey Malbone Brinley', 0.02240353190117583)]"
1884-05-01,62,63,0.016657852987837122,8,37,26,63,49,0.12695450159644672,0.016129032258064512,Herbert Fortescue Lawford,0.12695450159644672,1.121572467165038,"[('Herbert Fortescue Lawford', 0.12695450159644672), ('Charles Walder Grinstead', 0.11319331145614286), ('William Charles Renshaw', 0.11187196365744392), ('Howard Augustus Taylor', 0.09257735739098413), ('Richard Dudley Sears', 0.08264406940817307), ('William Vs Thorne', 0.04965923669618624), ('Wallace Percy Knapp', 0.026455192698419408), ('Ernest Renshaw', 0.02502733746879579), ('Clarence Monroe Clark', 0.02502733746879579), ('Herbert Chipp', 0.02023951140569872)]"
1885-05-01,51,49,0.019215686274509803,8,24,35,47,61,0.10773587103502848,0.019607843137254898,Godfrey Malbone Brinley,0.10773587103502848,1.1036185755876748,"[('Godfrey Malbone Brinley', 0.10773587103502848), ('Richard Dudley Sears', 0.09762056694058391), ('Herbert Fortescue Lawford', 0.09707407978212873), ('William Charles Renshaw', 0.08855787743149468), ('Wallace Percy Knapp', 0.05835216614321036), ('Ernest Renshaw', 0.05519712137665591), ('Walter Van Renssalaer Berry', 0.03455833254711741), ('Ernest De Sylly Hamilton Browne', 0.030191529352446896), ('James Dwight', 0.02953610784072762), ('Joseph Sill Clark', 0.028765070449383846)]"
1886-05-01,57,55,0.017230576441102756,7,28,22,52,46,0.11370882165168412,0.017543859649122803,Robert Livingston Beeckman,0.11370882165168412,1.1151704014161126,"[('Robert Livingston Beeckman', 0.11370882165168412), ('Richard Dudley Sears', 0.10196542295893937), ('Herbert Fortescue Lawford', 0.08522442722683984), ('William Charles Renshaw', 0.07775692756387055), ('Howard Augustus Taylor', 0.060576975357209024), ('Ernest Wool Lewis', 0.04524320192724609), ('Joseph Sill Clark', 0.03689145076156402), ('Charles A Chase', 0.03362907649582166), ('Toler Roberts Garvey', 0.03362907649582166), ('Morgan G Post', 0.018177606558952692)]"
1887-05-01,42,40,0.023228803716608595,6,16,31,39,54,0.13595188169233677,0.023809523809523808,Henry Warner Slocum Jr,0.13595188169233677,1.0990066333021773,"[('Henry Warner Slocum Jr', 0.13595188169233677), ('Richard Dudley Sears', 0.12370433223304861), ('Herbert Fortescue Lawford', 0.10234493799130963), ('Howard Augustus Taylor', 0.06864280488834386), ('Ernest Renshaw', 0.05157995690359986), ('Wl Thacher', 0.03980834881576594), ('Joseph Sill Clark', 0.03876941429057571), ('Charles Lacy Sweet', 0.027881681431317196), ('George Richmond Fearing Jr', 0.027881681431317196), ('Harry Grove', 0.027881681431317196)]"
1888-05-01,59,57,0.016656925774400935,7,34,17,55,38,0.1445345181088727,0.01694915254237288,Henry Warner Slocum Jr,0.1445345181088727,1.3347680329767742,"[('Henry Warner Slocum Jr', 0.1445345181088727), ('Ernest Renshaw', 0.10828437191931738), ('Ha Taylor', 0.07244392224901121), ('Ernest Wool Lewis', 0.05715247655580609), ('Willoughby James Hamilton', 0.039160506272892956), ('Philip Shelton Sears', 0.039160506272892956), ('Oliver Samuel Campbell', 0.039160506272892956), ('Ae Wright', 0.021168535989979823), ('Arthur L Williston', 0.021168535989979823), ('Harry Stanley Scrivener', 0.021168535989979823)]"
1889-05-01,57,56,0.017543859649122806,7,26,28,56,57,0.11211648235197283,0.017543859649122803,Quincy Adams Shaw Jr,0.11211648235197283,1.0160276497969722,"[('Quincy Adams Shaw Jr', 0.11211648235197283), ('William Charles Renshaw', 0.11034786540934836), ('Henry Warner Slocum Jr', 0.10108033994987249), ('Harry Sibthorpe Barlow', 0.06114667914664448), ('Oliver Samuel Campbell', 0.052190700425206335), ('Ernest George Meers', 0.03662538603662223), ('Wallace Percy Knapp', 0.03662538603662223), ('George Whiteside Hillyard', 0.028848205845983278), ('Frederick A Bowlby', 0.02134984316713491), ('Charles A Chase', 0.01979764038832725)]"
1890-05-01,84,83,0.011904761904761904,10,51,24,82,55,0.14444555317277624,0.011904761904761904,Oliver Samuel Campbell,0.14444555317277624,1.759274153433882,"[('Oliver Samuel Campbell', 0.14444555317277624), ('Willoughby James Hamilton', 0.08210519826647636), ('Wallace Percy Knapp', 0.07543857551661236), ('Harry Sibthorpe Barlow', 0.03926002271879363), ('Robert Palmer Huntington Jr', 0.034217336432911194), ('Clarence Hobart', 0.03255136040207885), ('Charles A Chase', 0.025820318988671372), ('John A Ryerson', 0.025820318988671372), ('Joshua Francis Pim', 0.02287418597776093), ('Ernest Wool Lewis', 0.01988865903331615)]"
1891-05-01,95,93,0.010414333706606943,10,55,44,90,80,0.13744674559130654,0.010526315789473684,Clarence Hobart,0.13744674559130654,1.1459581004029844,"[('Clarence Hobart', 0.13744674559130654), ('Oliver Samuel Campbell', 0.11994046339300922), ('Fred Hovey', 0.07640179809732196), ('Wlifred Baddeley', 0.051004784977237254), ('Valentine Gill Hall', 0.042475472755402255), ('Marmadude D Smith', 0.03641212992825885), ('Joshua Francis Pim', 0.025746688733176742), ('Aw Post', 0.01968334590603334), ('Charles T Lee', 0.01968334590603334), ('Edward L Hall Jr', 0.01968334590603334)]"
1892-05-01,98,97,0.01020408163265306,11,51,48,92,88,0.09668782615132376,0.01020408163265306,Fred Hovey,0.09668782615132376,1.0617521248517254,"[('Fred Hovey', 0.09668782615132376), ('Joshua Francis Pim', 0.09106440560674772), ('Oliver Samuel Campbell', 0.0863065090105729), ('Wlifred Baddeley', 0.079614303089172), ('Wentworth Gore', 0.07747843729788216), ('Harold Segerson Mahony', 0.07345713589600124), ('Bill Larned', 0.0522602131007529), ('Edward L Hall Jr', 0.03087240880606835), ('Bob Wrenn', 0.026015931468339325), ('Ernest Wool Lewis', 0.02252353188862766)]"
1893-05-01,108,106,0.009172724125995154,11,62,52,102,93,0.14129264756502768,0.009259259259259257,Bob Wrenn,0.14129264756502768,1.9049193578730947,"[('Bob Wrenn', 0.14129264756502768), ('Fred Hovey', 0.07417250865820671), ('Joshua Francis Pim', 0.05866474661621392), ('Samuel Thompson Chase', 0.04825125232206268), ('Clarence Hobart', 0.04643248236891998), ('Duncan W Candler', 0.034699194318132884), ('Bill Larned', 0.03255899957137691), ('Harold Segerson Mahony', 0.029193814360718214), ('Fk Ward', 0.01875745346919372), ('Richard Stevens', 0.01875745346919372)]"
1894-05-01,86,85,0.011627906976744186,10,41,63,82,103,0.11639108208497795,0.011627906976744184,Manliffe Francis Goodbody,0.11639108208497795,1.4191079849267267,"[('Manliffe Francis Goodbody', 0.11639108208497795), ('Wlifred Baddeley', 0.08201707221807197), ('Joshua Francis Pim', 0.07270402886455464), ('Ernest Wool Lewis', 0.06561214170409674), ('Bill Larned', 0.0627650239563638), ('George Mieville Simond', 0.05498367404036169), ('Bob Wrenn', 0.052449734966227526), ('Jbertram Read', 0.03308597889955136), ('Malcolm G Chace', 0.03276291093759228), ('Richard Stevens', 0.018874186248211716)]"
1895-05-01,102,100,0.009706853038245,12,54,38,98,83,0.1544697895186246,0.00980392156862745,Fred Hovey,0.1544697895186246,1.8589677936357927,"[('Fred Hovey', 0.1544697895186246), ('Bill Larned', 0.08309438713648215), ('R Stanley Howland', 0.05485061228885188), ('Carr Baker Neel', 0.0526249497964557), ('Wlifred Baddeley', 0.04265206945924343), ('Malcolm G Chace', 0.03646795437431948), ('Wilberforce Vaughan Eaves', 0.02196028502217905), ('Clarence Rhodes Budlong', 0.021623527570800848), ('Arthur Ellsworth Foote', 0.01971101772968583), ('Edwin P Fischer', 0.01971101772968583)]"
1896-05-01,86,85,0.011627906976744186,9,46,62,85,100,0.10812627298523937,0.011627906976744186,Bob Wrenn,0.10812627298523937,1.0599344643186321,"[('Bob Wrenn', 0.10812627298523937), ('Harold Segerson Mahony', 0.1020122249301019), ('Bill Larned', 0.07815570282561345), ('Wilberforce Vaughan Eaves', 0.06354823903611412), ('Herbert Baddeley', 0.04629737994096305), ('Carr Baker Neel', 0.03164710356501458), ('Edwin P Fischer', 0.03164710356501457), ('Mal Whitman', 0.024194097817294136), ('George Lawson Wrenn', 0.024194097817294136), ('Harold Adair Nisbet', 0.024194097817294136)]"
1897-05-01,92,93,0.011108456760630674,11,46,40,91,83,0.13232690659359606,0.0108695652173913,Wilberforce Vaughan Eaves,0.13232690659359606,1.1289283105956425,"[('Wilberforce Vaughan Eaves', 0.13232690659359606), ('Reggie Doherty', 0.11721462324191166), ('Harold Adair Nisbet', 0.06744389826959664), ('Bob Wrenn', 0.059507529000418724), ('Wlifred Baddeley', 0.04419480928847199), ('Bill Larned', 0.03821980944313648), ('Leonard Everett Ware', 0.035862539531982034), ('Edwin P Fischer', 0.020659713341596747), ('Holcombe Ward', 0.020659713341596747), ('John Parmly Paret', 0.020659713341596747)]"
1898-05-01,91,90,0.01098901098901099,11,43,44,90,93,0.11664684930459325,0.010989010989010992,Mal Whitman,0.11664684930459325,1.3837301292853503,"[('Mal Whitman', 0.11664684930459325), ('Laurie Doherty', 0.08429884327577473), ('Reggie Doherty', 0.07508469004751918), ('Dwight Filley Davis Sr', 0.06423264623051181), ('Harold Segerson Mahony', 0.044700262562143045), ('Leonard Everett Ware', 0.04028930032592786), ('William S Bond', 0.028170583547746406), ('Wentworth Gore', 0.027187369025603442), ('Clarence Hobart', 0.02177838325496928), ('Richard Stevens', 0.02177838325496928)]"
1899-05-01,77,75,0.01281613123718387,9,29,43,71,86,0.0968603527478233,0.012987012987012988,John Parmly Paret,0.0968603527478233,1.0210824148986384,"[('John Parmly Paret', 0.0968603527478233), ('Wentworth Gore', 0.09486046506582772), ('Mal Whitman', 0.08615685675308561), ('Reggie Doherty', 0.08445738466726213), ('Dwight Filley Davis Sr', 0.05235753120916561), ('Sydney Howard Smith', 0.05000421015823828), ('Harold Segerson Mahony', 0.03305399927046398), ('Kreigh Collins', 0.02426026226816387), ('Herbert Roper Barrett', 0.02426026226816387), ('Leonard Everett Ware', 0.024260262268163867)]"
1900-05-01,92,91,0.010869565217391304,10,52,37,89,73,0.11088638563854868,0.010869565217391304,Bill Larned,0.11088638563854868,1.1379743081606126,"[('Bill Larned', 0.11088638563854868), ('Mal Whitman', 0.09744190606357545), ('Sydney Howard Smith', 0.07345635170793371), ('Reggie Doherty', 0.06563028571282732), ('Wentworth Gore', 0.06465685744098378), ('George Lawson Wrenn', 0.05466771362439886), ('Beals Coleman Wright', 0.03179792175333695), ('Laurie Doherty', 0.022167684050886097), ('Malcolm G Chace', 0.02020709147373658), ('Edmund D Black', 0.02020709147373658)]"
1901-05-01,94,92,0.01052390757263784,10,55,53,89,88,0.1301168996291585,0.010638297872340422,Bill Larned,0.1301168996291585,1.460413973418649,"[('Bill Larned', 0.1301168996291585), ('Wentworth Gore', 0.08909590157136808), ('Beals Coleman Wright', 0.06868674339440031), ('Charles Percy Dixon', 0.04888748924367346), ('Raymond Demerest Little', 0.041907974922656195), ('Leonard Everett Ware', 0.03150045402242965), ('Herbert Roper Barrett', 0.025693040421153918), ('Harold Segerson Mahony', 0.025236579456074718), ('Edward Penniman Larned', 0.022652058346219237), ('William Jackson Clothier', 0.022652058346219237)]"
1902-05-01,126,129,0.00819047619047619,13,75,43,128,91,0.18978212210885018,0.007936507936507934,Reggie Doherty,0.18978212210885018,1.8911335455389648,"[('Reggie Doherty', 0.18978212210885018), ('Laurie Doherty', 0.10035363317230095), ('Bill Larned', 0.05686787785737941), ('Malcolm Whitman', 0.05686787785737941), ('Robert Baldwin Hough', 0.05534132194565453), ('George Aristides Caridia Karidias', 0.049949668523950955), ('Turketil George Pearson Greville', 0.047855558512492354), ('Mal Whitman', 0.044373232228203593), ('Major Josiah George Ritchie', 0.022885194666383352), ('Robert Palmer Huntington Jr', 0.018439536493056418)]"
1903-05-01,121,122,0.00840220385674931,11,72,77,117,124,0.18033467771237097,0.008264462809917356,Laurie Doherty,0.18033467771237097,2.6507768695465086,"[('Laurie Doherty', 0.18033467771237097), ('Frank Lorymer Riseley', 0.06803087796040048), ('William Jackson Clothier', 0.06292926871526834), ('Edward Penniman Larned', 0.039497190729717295), ('Major Josiah George Ritchie', 0.036668390624965505), ('Richard H Carleton', 0.029358813129638076), ('Sydney Howard Smith', 0.02470096949827509), ('George Aristides Caridia Karidias', 0.024470333895330418), ('Reggie Doherty', 0.016936158947166765), ('Kenneth Horton', 0.015870739818392047)]"
1904-05-01,148,153,0.007032542746828461,14,89,62,147,116,0.15707386011938176,0.006756756756756758,Holcombe Ward,0.15707386011938176,2.5082076561978974,"[('Holcombe Ward', 0.15707386011938176), ('Laurie Doherty', 0.06262394572125836), ('Frank Lorymer Riseley', 0.061794990499897534), ('William Jackson Clothier', 0.05438245790733522), ('Edgar Welch Leonard', 0.029161184590663854), ('Major Josiah George Ritchie', 0.027084741854547047), ('Bill Larned', 0.022437134280691783), ('Sydney Howard Smith', 0.022437134280691783), ('Frederick B Alexander', 0.022437134280691783), ('Paul De Borman', 0.021867321404164537)]"
1905-05-01,176,189,0.006136363636363636,17,98,70,187,151,0.15156027188525745,0.005681818181818183,Norman Everard Brookes,0.15156027188525745,1.3370844754036406,"[('Norman Everard Brookes', 0.15156027188525745), ('Beals Coleman Wright', 0.11335130627367747), ('Wentworth Gore', 0.10299608439917968), ('Bill Larned', 0.06840124369409323), ('Laurie Doherty', 0.05921530156856868), ('Sydney Howard Smith', 0.05454734092132916), ('Clarence Hobart', 0.037193261634064306), ('William Jackson Clothier', 0.01705451915592425), ('Kreigh Collins', 0.016418567525894455), ('Major Josiah George Ritchie', 0.01332960948820543)]"
1905-09-01,17,16,0.058823529411764705,4,16,175,16,189,0.2981378963275214,0.05882352941176472,Rodney Wilfrid Heath,0.2981378963275214,1.9842505897080593,"[('Rodney Wilfrid Heath', 0.2981378963275214), ('Arthur Curtis', 0.15025213945955593), ('Alfred Wallace Dunlop', 0.08121681057618522), ('Randolph Lycett', 0.08121681057618522), ('Reginald Fraser', 0.04390087111782941), ('Eric Olbasditon Pockley', 0.04390087111782941), ('Gordon W Wright', 0.04390087111782941), ('Herbert Turner', 0.04390087111782941), ('G Howitt', 0.023730317621026092), ('A Laurie', 0.023730317621026092)]"
1906-05-01,188,193,0.005489816816475139,18,188,17,193,16,0.09207551548502885,0.005319148936170212,William Jackson Clothier,0.09207551548502885,1.243934020674023,"[('William Jackson Clothier', 0.09207551548502885), ('Frank Lorymer Riseley', 0.07401961354440481), ('Laurie Doherty', 0.07182292361073345), ('Wentworth Gore', 0.04229549559261078), ('Karl Howell Behr', 0.04008289500562668), ('Raymond Demerest Little', 0.039635630036293015), ('Jde Jones', 0.028996585982752968), ('Sydney Howard Smith', 0.025382759973450846), ('Tony Wilding', 0.025382759973450842), ('Frederick B Alexander', 0.018022461613260272)]"
1906-09-01,10,9,0.1,3,9,187,9,193,0.33034118752135644,0.10000000000000002,Tony Wilding,0.33034118752135644,1.794812202927515,"[('Tony Wilding', 0.33034118752135644), ('Frank Fisher', 0.18405334384429609), ('Harry Alabaster Parker', 0.11082027755131015), ('Tr Quill', 0.07969540811650033), ('Richard D Harman', 0.07969540811650033), ('F Laishley', 0.04307887497000737), ('Rodney Wilfrid Heath', 0.04307887497000737), ('J Smith', 0.04307887497000737), ('Cc Cox', 0.04307887497000737), ('William Goss', 0.04307887497000737)]"
1907-05-01,220,225,0.004669987546699875,15,218,8,225,9,0.09516286024967009,0.004545454545454544,Bill Larned,0.09516286024967009,1.357937675662251,"[('Bill Larned', 0.09516286024967009), ('Norman Everard Brookes', 0.07007896014318936), ('Robert Leroy', 0.050003060982490154), ('Wentworth Gore', 0.03734569417066637), ('Clarence Hobart', 0.030278991104689436), ('I Mollenhauer', 0.029975996014785327), ('Wilberforce Vaughan Eaves', 0.026486638541264568), ('Herbert Rice', 0.01987304313806908), ('Ch Palmer', 0.017061567147583754), ('Wallace Ford Johnson', 0.016369096045377243)]"
1908-05-01,217,215,0.004586960232121523,14,127,130,215,225,0.10492771996423439,0.004608294930875575,Beals Coleman Wright,0.10492771996423439,1.1598079009805888,"[('Beals Coleman Wright', 0.10492771996423439), ('Bill Larned', 0.09046991305674035), ('Frederick B Alexander', 0.057067021705044116), ('Wentworth Gore', 0.055511982464699273), ('William Jackson Clothier', 0.03493610055959832), ('Nat Emerson', 0.034160685277389705), ('Herbert Roper Barrett', 0.02924478503332228), ('Major Josiah George Ritchie', 0.01700154578929303), ('Frank J Sulloway', 0.014791236759209866), ('Jde Jones', 0.014791236759209866)]"
1908-09-01,21,22,0.05238095238095238,4,15,211,22,215,0.13804697935611446,0.04761904761904761,Beals Coleman Wright,0.13804697935611446,1.0016896755276659,"[('Beals Coleman Wright', 0.13804697935611446), ('Frederick B Alexander', 0.13781411821320277), ('Major Josiah George Ritchie', 0.1296510035245456), ('Bill Larned', 0.12775124366670873), ('Norman Everard Brookes', 0.07088398042904284), ('Tony Wilding', 0.07088398042904284), ('Alfred Wallace Dunlop', 0.07040647909047179), ('Harry Alabaster Parker', 0.04214523323025423), ('Eric Olbasditon Pockley', 0.033248160363637654), ('Stanley Norwood Doust', 0.022781060236653224)]"
1909-05-01,251,249,0.00396812749003984,16,246,16,249,22,0.09314131386842908,0.00398406374501992,William Jackson Clothier,0.09314131386842908,1.1610058583372918,"[('William Jackson Clothier', 0.09314131386842908), ('Bill Larned', 0.08022467173578203), ('Major Josiah George Ritchie', 0.05378395250993904), ('Maurice Evans Mcloughlin', 0.05125106583145332), ('Wentworth Gore', 0.0467502236366928), ('Thomas C Bundy', 0.03212330836266158), ('Herbert Roper Barrett', 0.028577142447390347), ('Gustav F Touchard', 0.022262500479833587), ('Richard H Palmer', 0.022262500479833587), ('William B Cragin Jr', 0.022262500479833587)]"
1909-09-01,18,18,0.058823529411764705,5,13,246,18,249,0.26416868242735914,0.05555555555555555,Tony Wilding,0.26416868242735914,2.260148361010645,"[('Tony Wilding', 0.26416868242735914), ('Ernie Parker', 0.116881124701581), ('Bill Larned', 0.052166786710696494), ('G Odea', 0.052166786710696494), ('I Gaze', 0.052166786710696494), ('Norman Everard Brookes', 0.052166786710696494), ('R Eagle', 0.052166786710696494), ('R Kelsey', 0.052166786710696494), ('William Jackson Clothier', 0.052166786710696494), ('Charles Percy Dixon', 0.02819807621068715)]"
1910-01-01,14,13,0.07142857142857142,4,14,18,13,18,0.2921746684385138,0.07142857142857142,Rodney Wilfrid Heath,0.2921746684385138,1.87327399729981,"[('Rodney Wilfrid Heath', 0.2921746684385138), ('Herbert Rice', 0.1559700657029685), ('Robert George Bowen', 0.0973814734462268), ('Grover Raz Reid', 0.07319612710877105), ('Ashley Campbell', 0.05263897433282544), ('Ra Paxton', 0.05263897433282544), ('H Hunt', 0.05263897433282544), ('Harry Alabaster Parker', 0.05263897433282544), ('Fe Barritt', 0.028453627995369685), ('F Wyllie', 0.028453627995369685)]"
1910-05-01,274,273,0.0036496350364963502,18,274,14,273,13,0.08646519532976203,0.0036496350364963502,Thomas C Bundy,0.08646519532976203,1.0483229513112091,"[('Thomas C Bundy', 0.08646519532976203), ('Beals Coleman Wright', 0.08247954050954823), ('Bill Larned', 0.07444727642247602), ('Tony Wilding', 0.06585618951284566), ('Frederick C Colston', 0.035431299738926725), ('Edward H Whitney', 0.021299352974103604), ('Dean Mathey', 0.021299352974103604), ('Arthur Holden Lowe', 0.020349873927018418), ('Maurice Evans Mcloughlin', 0.017927056111272335), ('Malcolm G Chace', 0.01151135128058599)]"
1911-05-01,306,305,0.0032679738562091504,18,183,151,301,269,0.09404338237958798,0.0032679738562091504,Maurice Evans Mcloughlin,0.09404338237958798,1.1643090147845994,"[('Maurice Evans Mcloughlin', 0.09404338237958798), ('Bill Larned', 0.08077184079605043), ('Herbert Roper Barrett', 0.05241220266945342), ('Beals Coleman Wright', 0.05122427725760376), ('Tony Wilding', 0.045380146343128626), ('Charles Percy Dixon', 0.02835681388457136), ('Thomas C Bundy', 0.02062152806480485), ('Gustav F Touchard', 0.020502856229311847), ('Nathaniel William Niles', 0.01822059869560298), ('Watty Washburn', 0.017505730314130746)]"
1911-09-01,20,19,0.05,5,16,302,19,305,0.26053345838303127,0.05,Norman Everard Brookes,0.26053345838303127,2.107609575524947,"[('Norman Everard Brookes', 0.26053345838303127), ('Herbert Rice', 0.12361561714680463), ('Athur O Hara Wood', 0.0754250837545571), ('Rm Rolland', 0.0754250837545571), ('Rodney Wilfrid Heath', 0.059501997181777705), ('S England', 0.040770028029954886), ('Bill Larned', 0.040770028029954886), ('Fe Down', 0.040770028029954886), ('Maurice Mcloughlin', 0.040770028029954886), ('A Foster', 0.022038058878132066)]"
1912-01-01,5,4,0.2,2,1,16,4,19,0.3013247848562651,0.2000000000000001,Norman Everard Brookes,0.3013247848562651,1.0,"[('Norman Everard Brookes', 0.3013247848562651), ('Rodney Wilfrid Heath', 0.3013247848562651), ('Beals Coleman Wright', 0.13245014342915673), ('Maurice Mcloughlin', 0.13245014342915673), ('Bill Larned', 0.13245014342915673)]"
1912-05-01,242,243,0.004166523781763314,15,241,4,243,4,0.09376739639515688,0.004132231404958678,Maurice Evans Mcloughlin,0.09376739639515688,1.8582701055061441,"[('Maurice Evans Mcloughlin', 0.09376739639515688), ('Wallace Ford Johnson', 0.050459508613586126), ('Wentworth Gore', 0.0409974040936583), ('Tony Wilding', 0.035932223231957466), ('William Jackson Clothier', 0.032412898790063635), ('Karl Howell Behr', 0.031935049003556704), ('Max Decugis', 0.03160782036104102), ('Andrea Maurice Henri Gobert', 0.030055865266573823), ('Herbert Roper Barrett', 0.02827656331554762), ('Charles Percy Dixon', 0.02539775784056471)]"
1912-09-01,14,15,0.08241758241758242,4,10,238,15,243,0.3381692787268612,0.07142857142857142,James Cecil Parke,0.3381692787268612,2.465679822134771,"[('James Cecil Parke', 0.3381692787268612), ('Alfred Ernest Beamish', 0.13715052363695632), ('Charles Percy Dixon', 0.07108509100939642), ('Norman Everard Brookes', 0.06145686366712419), ('H Brown', 0.05780539654546716), ('Geoff Olliver', 0.05780539654546716), ('Rnk Swanston', 0.05780539654546716), ('Frank Fisher', 0.03124600761760861), ('Rodney Wilfrid Heath', 0.03124600761760861), ('W Gross', 0.03124600761760861)]"
1913-05-01,272,287,0.003893531582374647,22,268,10,286,14,0.13321663166404604,0.003676470588235294,Maurice Evans Mcloughlin,0.13321663166404604,1.1672668895080314,"[('Maurice Evans Mcloughlin', 0.13321663166404604), ('Tony Wilding', 0.11412696861485802), ('James Cecil Parke', 0.05035474831633761), ('Dick Williams', 0.047828014055160115), ('Wallace Ford Johnson', 0.03017651483747295), ('Stanley Norwood Doust', 0.021490879613915218), ('Nathaniel William Niles', 0.020095714328763243), ('R Douglas Watson', 0.018693024228840473), ('Oscar Kreuzer', 0.017990204011190256), ('John R Strachan', 0.016907444736192333)]"
1913-09-01,9,8,0.1111111111111111,3,9,272,8,287,0.336507345311247,0.11111111111111108,Ernie Parker,0.336507345311247,2.0294382440230607,"[('Ernie Parker', 0.336507345311247), ('Harry Alabaster Parker', 0.16581305013951594), ('Geoff Thomas', 0.1246322944980798), ('J Kent', 0.08962838876948359), ('Roy Taylor', 0.08962838876948359), ('E Stokes', 0.048447633128047465), ('Alfred H Hedeman', 0.048447633128047465), ('X Braham', 0.048447633128047465), ('A Leschen', 0.048447633128047465)]"
1914-05-01,245,257,0.00429909668785547,15,245,9,257,8,0.09952205882944617,0.004081632653061227,Dick Williams,0.09952205882944617,1.703054879142968,"[('Dick Williams', 0.09952205882944617), ('Norman Everard Brookes', 0.058437376298483626), ('Maurice Evans Mcloughlin', 0.04689666813971561), ('Otto Froitzheim', 0.036954366793214975), ('Maurice Mcloughlin', 0.029667338041774988), ('William Jackson Clothier', 0.028143174961216523), ('Jf Hubbard Jr', 0.025891066091440176), ('Cedric A Major', 0.02402003208995819), ('Sidney Thayer Jr', 0.023972571041044416), ('Elia F Fottrell', 0.022984892133537896)]"
1914-09-01,27,26,0.037037037037037035,6,27,245,26,257,0.24878273651639754,0.037037037037037035,Athur O Hara Wood,0.24878273651639754,1.8324950493284373,"[('Athur O Hara Wood', 0.24878273651639754), ('Gerald Leighton Patterson', 0.13576175095674614), ('Rodney Wilfrid Heath', 0.08476460157979554), ('Rupert C Wertheim', 0.057199018604947874), ('Cs Buckley', 0.045819344332739036), ('Ln Rainey', 0.045819344332739036), ('Ronald Victor Thomas', 0.045819344332739036), ('Tim Fitchett', 0.024767464957740976), ('Fe Barritt', 0.024767464957740976), ('G Howitt', 0.024767464957740976)]"
1915-05-01,144,142,0.006895881895881896,9,143,26,142,26,0.156700478595454,0.006944444444444443,Bill Johnston,0.156700478595454,1.8500563318826562,"[('Bill Johnston', 0.156700478595454), ('Maurice Evans Mcloughlin', 0.0847003823045714), ('Dick Williams', 0.04578070772693644), ('Theodore Roosevelt Pell', 0.04578070772693643), ('Peck Griffin', 0.02474451782794659), ('William Rand Iii', 0.024744517827946587), ('Francis Gordon Lowe', 0.024744517827946587), ('Irving Christian Wright', 0.024744517827946587), ('Frank Hunter', 0.024744517827946583), ('Bernard C Law', 0.013374901283997449)]"
1916-05-01,128,127,0.0078125,12,59,75,126,141,0.17124688855913794,0.007812499999999998,Dick Williams,0.17124688855913794,1.8500409218633864,"[('Dick Williams', 0.17124688855913794), ('Bill Johnston', 0.09256383820237649), ('Robert Lindley Murray', 0.05003563732045122), ('Peck Griffin', 0.05003563732045122), ('Douglas S Watters', 0.027047732238523834), ('Watty Washburn', 0.02704773223852383), ('George Myers Church', 0.02704773223852383), ('Wallace Ford Johnson', 0.02704773223852383), ('Maurice Evans Mcloughlin', 0.014621217618976584), ('Leonard A Beekman', 0.01462121761897658)]"
1917-05-01,64,63,0.015625,8,22,86,62,126,0.20094991975778215,0.015625,Robert Lindley Murray,0.20094991975778215,1.8499372866670196,"[('Robert Lindley Murray', 0.20094991975778215), ('Nathaniel William Niles', 0.10862526054590099), ('John R Strachan', 0.05871828442684172), ('Dick Williams', 0.0587182844268417), ('Chuck Garland', 0.031739973321912605), ('Craig Biddle', 0.031739973321912605), ('Harold A Throckmorton', 0.031739973321912605), ('Peck Griffin', 0.031739973321912605), ('Arthur W Macpherson Jr', 0.017156462319114628), ('Bill Tilden Ii', 0.017156462319114628)]"
1918-05-01,87,86,0.011494252873563218,10,64,41,83,60,0.18650114751996688,0.011494252873563222,Robert Lindley Murray,0.18650114751996688,1.937994518464699,"[('Robert Lindley Murray', 0.18650114751996688), ('Bill Tilden Ii', 0.09623409444300966), ('Ichiya Kumagae', 0.06434952329989609), ('Lyle Evans Mahan', 0.041540400472261554), ('Samuel Howard Voshell', 0.041540400472261554), ('Nathaniel William Niles', 0.0327728823410563), ('Henry S Parker', 0.022455643386227575), ('Walter Merrill Hall', 0.02245564338622757), ('Craig Biddle', 0.02245564338622757), ('Frederick B Alexander', 0.02245564338622757)]"
1919-05-01,254,265,0.004123743425352463,15,204,37,264,85,0.14695246187446198,0.003937007874015748,Bill Johnston,0.14695246187446198,1.7026540989234178,"[('Bill Johnston', 0.14695246187446198), ('Gerald Leighton Patterson', 0.08630787778174058), ('Algie Kingscote', 0.0432308069483222), ('Bill Tilden Ii', 0.040745636561146124), ('Chuck Garland', 0.02679966375487815), ('Dick Williams', 0.024282953978722186), ('Wallace Ford Johnson', 0.023446625919149654), ('Major Josiah George Ritchie', 0.02130297894725884), ('Norman Everard Brookes', 0.018243574543626125), ('Robert Lindley Murray', 0.014273320431342483)]"
1920-01-01,59,62,0.018118059614260665,9,54,249,62,265,0.1660682962209296,0.01694915254237288,Algie Kingscote,0.1660682962209296,1.5868668483862904,"[('Algie Kingscote', 0.1660682962209296), ('Eric Olbasditon Pockley', 0.10465168920114945), ('Arthur Holden Lowe', 0.07984084818608506), (""Pat O'Hara Wood"", 0.07862204711071524), ('Ronald Victor Thomas', 0.05126002424197876), ('James Outram Anderson', 0.04316813122268893), ('Henry Marsh', 0.030915309152147918), ('Roy Taylor', 0.027898054897415214), ('Alfred Ernest Beamish', 0.02767832770485864), ('Herbert Rice', 0.024647866109555765)]"
1920-05-01,255,262,0.0040450825999691215,17,251,55,262,62,0.14166229455385518,0.00392156862745098,Bill Tilden Ii,0.14166229455385518,1.954622581676323,"[('Bill Tilden Ii', 0.14166229455385518), ('Bill Johnston', 0.07247552334751131), ('James Cecil Parke', 0.06359385906550805), ('Zenzo Shimidzu', 0.03878886575641329), ('Chuck Garland', 0.0288996312007138), ('Wallace Ford Johnson', 0.023192680807193018), ('George Colket Caner', 0.02313454663260464), ('Theodore Michel Mavrogordato', 0.020289678634554116), ('Watty Washburn', 0.019060614997597973), ('Dick Williams', 0.018244069915656077)]"
1921-05-01,245,262,0.004382736701237872,18,131,141,258,258,0.11617595040308511,0.004081632653061226,Bill Tilden Ii,0.11617595040308511,2.155113472166104,"[('Bill Tilden Ii', 0.11617595040308511), ('Brian Ivan Cobham Norton', 0.05390711528814151), ('Manuel Alonso De Areyzaga', 0.04673174942761074), ('Zenzo Shimidzu', 0.04351970279049854), ('James Outram Anderson', 0.03621760078528895), ('Randolph Lycett', 0.03308399417125547), ('Frank Hunter', 0.031694716215754044), ('Wallace Ford Johnson', 0.02725900525006436), ('Willis E Davis', 0.017559241353830086), ('Dick Williams', 0.01644958508919786)]"
1921-09-01,27,28,0.039886039886039885,5,23,241,28,262,0.22584895941645367,0.03703703703703703,Rice Thomas Hopkins Gemmell,0.22584895941645367,1.930052252835644,"[('Rice Thomas Hopkins Gemmell', 0.22584895941645367), ('Alfred H Hedeman', 0.11701701810644508), ('R Treloar', 0.0872500164113487), ('N Brearley', 0.052227774255494776), ('Norman Mcdougall', 0.052227774255494776), ('Bill Johnston', 0.04120225996782278), ('Bill Tilden Ii', 0.04120225996782278), ('X Henville', 0.04120225996782278), ('E Barker', 0.02823104638731283), ('L Mcdaniell', 0.02823104638731283)]"
1922-05-01,252,279,0.004410927717700626,16,249,24,278,27,0.14129485715762952,0.003968253968253968,Bill Tilden Ii,0.14129485715762952,1.3494219590812406,"[('Bill Tilden Ii', 0.14129485715762952), ('Gerald Leighton Patterson', 0.10470769073139338), ('Randolph Lycett', 0.047076334915471404), ('Bill Johnston', 0.03635313334914703), ('James Outram Anderson', 0.02645406647195268), ('Vinnie Richards', 0.023751110914476115), ('John Brian Gilbert', 0.023233429528333596), ('Manuel Alonso De Areyzaga', 0.01985914120558128), (""Pat O'Hara Wood"", 0.01975596489719231), ('Percival May Davson', 0.014548118549928627)]"
1922-09-01,35,36,0.030252100840336135,6,30,247,35,278,0.14316739852685142,0.028571428571428564,James Outram Anderson,0.14316739852685142,1.3668207746737873,"[('James Outram Anderson', 0.14316739852685142), ('Gerald Leighton Patterson', 0.1047448218373916), ('Bill Johnston', 0.09964604552387565), ('Bill Tilden Ii', 0.09964604552387565), ('Jack Hawkes', 0.07213275640737815), ('Norman Peach', 0.05778207885200623), ('Andrew R Huthnance', 0.03123303099216932), ('Bruce Dive', 0.03123303099216932), ('Eric L Jones', 0.03123303099216932), ('Jack Clemenger', 0.03123303099216932)]"
1923-05-01,235,276,0.005019094380796508,20,227,27,275,35,0.104491129224715,0.00425531914893617,Bill Johnston,0.104491129224715,1.1313927535601715,"[('Bill Johnston', 0.104491129224715), ('Bill Tilden Ii', 0.09235619451857996), ('Frank Hunter', 0.0688535968696194), ('James Outram Anderson', 0.05404321589196311), ('Brian Ivan Cobham Norton', 0.031127592960744667), ('Stanley W Pearson', 0.025626115080385342), ('Robert G Kinsey', 0.024491380079233557), ('Francis Gordon Lowe', 0.02327816070575183), ('Manuel De Gomar', 0.022811834448106628), ('Jean Rene Lacoste', 0.01833353552382044)]"
1924-01-01,40,39,0.025,6,33,228,39,276,0.22251798962080566,0.025,James Outram Anderson,0.22251798962080566,1.849994833274362,"[('James Outram Anderson', 0.22251798962080566), ('Richard E Schlessinger', 0.12028033031149839), ('Gar Hone', 0.07834687985263823), ('Fred Kalms', 0.05368163731660456), ('Ian D Mcinnes', 0.05368163731660456), ('Aubrey Willard', 0.029016394780570897), ('Cecil Stuart', 0.029016394780570897), ('Frank Robert Drews', 0.029016394780570897), ('Rupert C Wertheim', 0.029016394780570897), ('G Dickinson', 0.029016394780570897)]"
1924-05-01,231,281,0.005288913984566159,16,226,35,281,39,0.088996423326507,0.00432900432900433,Bill Tilden Ii,0.088996423326507,1.2633660695139093,"[('Bill Tilden Ii', 0.088996423326507), ('Jean Laurent Robert Borotra', 0.07044389229223887), ('Vinnie Richards', 0.06655464832976368), ('John Francis Hennessey', 0.06295744407734098), ('Wallace Ford Johnson', 0.059534205811444085), ('Bill Johnston', 0.049267249866588425), ('Jean Rene Lacoste', 0.045942083789742565), ('Gerald Leighton Patterson', 0.022839150099811262), ('John Brian Gilbert', 0.017071212773275092), ('Louis Bosman Raymond', 0.015411132430425203)]"
1924-09-01,6,8,0.26666666666666666,1,0,225,8,281,0.19493123795450035,0.16666666666666655,Bill Tilden Ii,0.19493123795450035,1.0,"[('Bill Tilden Ii', 0.19493123795450035), ('Jean Rene Lacoste', 0.19493123795450035), ('Vinnie Richards', 0.19493123795450035), ('Gerald Leighton Patterson', 0.1536800446084793), (""Pat O'Hara Wood"", 0.1536800446084793), ('Jean Laurent Robert Borotra', 0.10784619691953984)]"
1925-01-01,59,58,0.01694915254237288,8,57,4,58,8,0.20885627867082118,0.016949152542372878,James Outram Anderson,0.20885627867082118,1.879980233493552,"[('James Outram Anderson', 0.20885627867082118), ('Gerald Leighton Patterson', 0.11109493331358344), (""Pat O'Hara Wood"", 0.062129278602241114), ('Richard E Schlessinger', 0.05820707704725954), ('Aubrey Willard', 0.03514853381036961), ('Gar Hone', 0.0351485338103696), ('Fred Kalms', 0.03173867384975529), ('Norman Peach', 0.03113755762874105), ('Anthony Willard', 0.01899848512135528), ('Clifford Stirling Colvin', 0.01899848512135528)]"
1925-05-01,258,318,0.004795946068229119,16,256,57,318,58,0.1113287444247143,0.003875968992248062,Bill Tilden Ii,0.1113287444247143,1.2482387560992154,"[('Bill Tilden Ii', 0.1113287444247143), ('Jean Rene Lacoste', 0.08918866192924506), ('Vinnie Richards', 0.08407059177069923), ('Jean Laurent Robert Borotra', 0.05188771071744188), ('Sydney Montague Jacob', 0.02692193990619741), ('Bill Johnston', 0.026709776796189362), ('James Outram Anderson', 0.02230200675111522), ('Henri Jean Cochet', 0.020649712163513367), ('Dick Williams', 0.019259869112637613), ('Jean Washer', 0.017316793077476172)]"
1925-09-01,6,7,0.23333333333333334,2,0,252,7,318,0.2604692483733634,0.1666666666666666,Jean Laurent Robert Borotra,0.2604692483733634,1.1609273492162697,"[('Jean Laurent Robert Borotra', 0.2604692483733634), ('Bill Johnston', 0.2243630908938475), ('Bill Tilden Ii', 0.2243630908938475), ('Gerald Leighton Patterson', 0.11366476878199366), ('Jean Rene Lacoste', 0.08856990052847383), ('James Outram Anderson', 0.08856990052847383)]"
1926-01-01,51,50,0.0196078431372549,8,49,4,50,7,0.20227880071112112,0.019607843137254905,Jack Hawkes,0.20227880071112112,1.7960482310420485,"[('Jack Hawkes', 0.20227880071112112), ('Anthony Willard', 0.11262437011157604), ('Ernest Rowe', 0.04525208672520487), ('Richard E Schlessinger', 0.04525208672520487), ('Gar Hone', 0.04525208672520487), ('James Outram Anderson', 0.04525208672520487), ('Gar Moon', 0.02446103599352258), ('H Nott', 0.02446103599352258), (""Pat O'Hara Wood"", 0.02446103599352258), ('Norman Peach', 0.02446103599352258)]"
1926-05-01,252,336,0.005312084993359893,18,248,47,336,50,0.10914448956773028,0.003968253968253968,Jean Rene Lacoste,0.10914448956773028,1.3298557748476696,"[('Jean Rene Lacoste', 0.10914448956773028), ('Henri Jean Cochet', 0.08207242592169997), ('Toto Brugnon', 0.08099342402470996), ('Jean Laurent Robert Borotra', 0.07946077150950893), ('Takeichi Harada', 0.05717800696090173), ('George King', 0.04973499477236652), ('Vinnie Richards', 0.041314910512884016), ('Howard Oreon Kinsey', 0.03226784570384199), ('Gerard Leembruggen', 0.031536558111672996), ('Whm Aitken', 0.027945668031799806)]"
1926-09-01,4,4,0.3333333333333333,1,0,248,4,336,0.4161492488779942,0.25,Bill Johnston,0.4161492488779942,1.4944311768524725,"[('Bill Johnston', 0.4161492488779942), ('Jean Rene Lacoste', 0.2784666536163115), ('Bill Tilden Ii', 0.17945268439422316), ('Jean Laurent Robert Borotra', 0.12593141311147116)]"
1927-01-01,44,43,0.022727272727272728,7,44,4,43,4,0.18773360718224785,0.022727272727272728,Gerald Leighton Patterson,0.18773360718224785,1.8807782747914554,"[('Gerald Leighton Patterson', 0.18773360718224785), ('Jack Hawkes', 0.09981697986333032), ('Charles Aeschliman', 0.04687872130005577), ('Franz Wilhelm Matejka', 0.04687872130005577), ('Jean Wuarin', 0.04687872130005577), ('Herman W Artens', 0.04687872130005577), ('Alan Coldham', 0.044549703091762045), ('Anthony Willard', 0.044549703091762045), ('Gar Moon', 0.044549703091762045), (""Pat O'Hara Wood"", 0.024080679930458898)]"
1927-05-01,267,347,0.004885810030694714,17,264,41,347,43,0.13443333842802802,0.0037453183520599243,Jean Rene Lacoste,0.13443333842802802,1.0509074125712639,"[('Jean Rene Lacoste', 0.13443333842802802), ('Jean Laurent Robert Borotra', 0.12792120106861637), ('Bill Tilden Ii', 0.09111719012682888), ('Henri Jean Cochet', 0.09026164089072945), ('Coco Gentien', 0.038732971690291586), ('Pat Spence', 0.03271101403722524), ('Frank Hunter', 0.031904487105618946), ('Umberto Luigi De Morpurgo', 0.028333851798081153), ('John Francis Hennessey', 0.027572589273208676), ('Toto Brugnon', 0.025907352801437692)]"
1927-09-01,4,4,0.3333333333333333,1,0,263,1,344,0.4161492488779942,0.25,Jean Rene Lacoste,0.4161492488779942,1.4944311768524725,"[('Jean Rene Lacoste', 0.4161492488779942), ('Bill Tilden Ii', 0.2784666536163115), ('Henri Jean Cochet', 0.17945268439422316), ('Bill Johnston', 0.12593141311147116)]"
1928-01-01,54,49,0.017120894479385047,11,53,3,49,4,0.193813018885428,0.018518518518518514,Jean Laurent Robert Borotra,0.193813018885428,1.8807200506884858,"[('Jean Laurent Robert Borotra', 0.193813018885428), ('Jack Cummings', 0.10305256160505004), ('Jack Crawford', 0.04599359179778416), ('Fred Kalms', 0.045993591797784145), ('Richard E Schlessinger', 0.045993591797784145), ('Gar Moon', 0.02486081686569378), ('Gerald Leighton Patterson', 0.02486081686569378), ('Harry Hopman', 0.02486081686569378), ('Jack Hawkes', 0.02486081686569378), ('Les Baker', 0.02486081686569378)]"
1928-05-01,247,358,0.005891840294921168,13,229,36,357,48,0.2505465432643853,0.004048582995951417,Jean Rene Lacoste,0.2505465432643853,1.2406876295846787,"[('Jean Rene Lacoste', 0.2505465432643853), ('Henri Jean Cochet', 0.2019416791866104), ('Bill Tilden Ii', 0.11690511977383491), ('Jacques Christian Boussus', 0.020666361410611855), ('Frank Hunter', 0.01639375238368415), ('Jean Laurent Robert Borotra', 0.01620607351376674), ('Umberto Luigi De Morpurgo', 0.015612675457107874), ('John Francis Hennessey', 0.014748298296310525), ('George Martin Lott', 0.014089853356763668), ('Toto Brugnon', 0.01294525677809358)]"
1929-01-01,40,39,0.025,6,27,234,39,358,0.2062248781565658,0.025,John Colin Gregory,0.2062248781565658,1.8500416312612826,"[('John Colin Gregory', 0.2062248781565658), ('Richard E Schlessinger', 0.11147039865041854), ('Gar Moon', 0.06025311134375543), ('Harry Hopman', 0.06025311134375543), ('Charles Aeschliman', 0.032569227594435264), ('Franz Wilhelm Matejka', 0.032569227594435264), ('Bunny Austin', 0.03256922759443526), ('Ernest Rowe', 0.03256922759443526), (""Pat O'Hara Wood"", 0.03256922759443526), ('Jack Crawford', 0.03256922759443526)]"
1929-05-01,288,392,0.0047425474254742545,15,279,31,392,39,0.12284230131991089,0.003472222222222222,Jean Laurent Robert Borotra,0.12284230131991089,1.1611358582690048,"[('Jean Laurent Robert Borotra', 0.12284230131991089), ('Henri Jean Cochet', 0.10579494246525246), ('Bill Tilden Ii', 0.08687443469532238), ('Jean Rene Lacoste', 0.07460072147213652), ('Bunny Austin', 0.03589358809064932), ('Frank Hunter', 0.02996832466632602), ('Bela Von Kehrling', 0.022566289589853124), ('Hans Moldenhauer', 0.016183337270647226), ('Henk Timmer', 0.014119975034560793), ('Umberto Luigi De Morpurgo', 0.013877939568499644)]"
1930-01-01,48,47,0.020833333333333332,8,43,283,47,392,0.1668884409636081,0.020833333333333332,Gar Moon,0.1668884409636081,1.8434418860185124,"[('Gar Moon', 0.1668884409636081), ('Harry Hopman', 0.09053089344956555), ('Anthony Willard', 0.048934958824233196), ('Jack Crawford', 0.048934958824233196), ('Bunny Austin', 0.04311898505634525), ('Daniel Dan Prenn', 0.04311898505634525), ('Harry Lee', 0.04311898505634525), ('Heinz Landmann', 0.04311898505634525), ('Jack Cummings', 0.03080550881253378), ('Richard E Schlessinger', 0.026830135240247095)]"
1930-05-01,283,393,0.004924441771295391,14,274,39,393,47,0.16160838816126977,0.0035335689045936382,Wilmer Lawson Allison,0.16160838816126977,1.7051387007226275,"[('Wilmer Lawson Allison', 0.16160838816126977), ('John Thomas Godfray Hope Doeg', 0.09477726832003819), ('Bill Tilden Ii', 0.08558992572145134), ('Henri Jean Cochet', 0.08374650796182581), ('Frank Shields', 0.0610163381681812), ('Umberto Luigi De Morpurgo', 0.0593286501648646), ('George Martin Lott', 0.020947571660587142), ('Takeichi Harada', 0.018580366272127793), ('Jean Laurent Robert Borotra', 0.0183838896357901), ('John Colin Gregory', 0.017890790973429185)]"
1931-01-01,55,49,0.016498316498316498,10,44,272,49,393,0.17085658548794028,0.018181818181818177,Jack Crawford,0.17085658548794028,1.8500038181419536,"[('Jack Crawford', 0.17085658548794028), ('Harry Hopman', 0.09235472046730132), ('Don Turnbull', 0.04992252812911113), ('Jack Cummings', 0.04992252812911113), ('Adriano Zappa', 0.02799142982244216), ('A Harry Hassett', 0.02698578915660126), ('Aubrey Willard', 0.02698578915660126), ('Cliff Es Sproule', 0.02698578915660126), ('Gar Moon', 0.02698578915660126), ('Orestis Garangiotis', 0.026055391415453648)]"
1931-05-01,283,383,0.004799137909430369,17,272,44,383,49,0.07988944210748399,0.0035335689045936387,Fred Perry,0.07988944210748399,1.4850411810316784,"[('Fred Perry', 0.07988944210748399), ('Frank Shields', 0.053796112274801494), ('Bunny Austin', 0.050116713062000495), ('Sidney Burr Wood Jr', 0.04959348907313719), ('Pat Hughes', 0.04076779238523474), ('Jean Laurent Robert Borotra', 0.04040092175068921), ('Henry Ellsworth Vines', 0.0391789669980151), ('Jiro Satoh', 0.03567484164372125), ('George Martin Lott', 0.03351415997467233), ('Jacques Christian Boussus', 0.02631715761605379)]"
1932-01-01,37,35,0.026276276276276277,5,31,277,34,382,0.22035211830908774,0.027027027027027032,Jack Crawford,0.22035211830908774,1.8407220701553224,"[('Jack Crawford', 0.22035211830908774), ('Harry Hopman', 0.11970960846386448), ('Cliff Es Sproule', 0.07209199098178753), ('Jiro Satoh', 0.0647079292042223), ('Anthony Willard', 0.034976837035935376), ('Aubrey Willard', 0.034976837035935376), ('Ryosuke Nunoi', 0.034976837035935376), ('Viv Mcgrath', 0.034976837035935376), ('Adrian Karl Quist', 0.018906119475131863), ('J Rodgers', 0.018906119475131863)]"
1932-05-01,299,416,0.0046688065363291505,16,292,30,416,35,0.09694574821171921,0.0033444816053511705,Henry Ellsworth Vines,0.09694574821171921,1.0747256723503917,"[('Henry Ellsworth Vines', 0.09694574821171921), ('Jean Laurent Robert Borotra', 0.09020511066763844), ('Enrique Gerardo Maier', 0.08367396918468668), ('Giorgio De Stefani', 0.043651084925348936), ('Henri Jean Cochet', 0.03780979485665884), ('Daniel Dan Prenn', 0.029536498881054373), ('Giovanni Palmieri', 0.028791296146664147), ('Hector Cosmo Fisher', 0.019188455479560534), ('Frank Shields', 0.018303402207731356), ('Gottfried Alexander Maximilian Walter Kurt Von Cramm', 0.01824543767564548)]"
1933-01-01,46,44,0.021256038647342997,7,36,289,44,416,0.19574983791840367,0.021739130434782605,Jack Crawford,0.19574983791840367,1.8664161809660158,"[('Jack Crawford', 0.19574983791840367), ('Keith Gledhill', 0.1048800583249808), ('Viv Mcgrath', 0.05953862813683978), ('Wilmer Lawson Allison', 0.05427553694769745), ('Adrian Karl Quist', 0.02933892230546189), ('Don Turnbull', 0.02933892230546189), ('Harry Hopman', 0.02933892230546189), ('Henry Ellsworth Vines', 0.02933892230546189), ('Guillermo Robson', 0.02724401427733665), ('J Rodgers', 0.023145439346724785)]"
1933-05-01,302,444,0.004884380981716574,18,289,33,444,44,0.13119632048926624,0.0033112582781456954,Jack Crawford,0.13119632048926624,1.105831075852957,"[('Jack Crawford', 0.13119632048926624), ('Jiro Satoh', 0.11864047172672465), ('Fred Perry', 0.0891264645158635), ('Giorgio De Stefani', 0.0356907585450177), ('Bunny Austin', 0.030381532180479766), ('Viv Mcgrath', 0.029863963614510075), ('Frank Shields', 0.0292716520676798), ('Gregory Mangin', 0.02838469306299779), ('Norman Gordon Farquharson', 0.026605734681561438), ('Marcel Bernard', 0.024482651648142846)]"
1933-09-01,8,8,0.14285714285714285,2,1,295,8,444,0.242255176376025,0.12499999999999997,Hector Cosmo Fisher,0.242255176376025,1.494427903646765,"[('Hector Cosmo Fisher', 0.242255176376025), ('Andre La Croix', 0.16210562970944525), ('Friedrich Frenz', 0.13562223175311372), ('Gottfried Alexander Maximilian Walter Kurt Von Cramm', 0.13562223175311372), ('Max S Ellmer', 0.10446591795252046), ('Anker Jacobsen', 0.0733096041519272), ('Einer Ulrich', 0.0733096041519272), ('Charles Naeyaert', 0.0733096041519272)]"
1934-01-01,32,31,0.03125,6,32,8,31,8,0.23935424291565915,0.031249999999999997,Fred Perry,0.23935424291565915,1.8499977285855644,"[('Fred Perry', 0.23935424291565915), ('Jack Crawford', 0.12938083069899767), ('Adrian Karl Quist', 0.06993460026875525), ('Viv Mcgrath', 0.06993460026875525), ('Gar Moon', 0.037801820827264535), ('Harry Hopman', 0.037801820827264535), ('Harry Lee', 0.037801820827264535), ('Pat Hughes', 0.037801820827264535), ('Aubrey Willard', 0.020433286971432513), ('Dave Thompson', 0.020433286971432513)]"
1934-05-01,275,387,0.005136031851360318,15,265,22,385,29,0.14137243815814157,0.0036363636363636364,Fred Perry,0.14137243815814157,1.0790056385959108,"[('Fred Perry', 0.14137243815814157), ('Giorgio De Stefani', 0.131021037426743), ('Gottfried Alexander Maximilian Walter Kurt Von Cramm', 0.0751298595258382), ('Bob Kirby', 0.0718293451076629), ('George Martin Lott', 0.06256561533728892), ('Sidney Burr Wood Jr', 0.050746218713117436), ('Jack Crawford', 0.02926403479058278), ('Edward W Feibelman', 0.028472812960810143), ('Frank Shields', 0.019720727285169437), ('Bunny Austin', 0.019081269647643118)]"
1935-01-01,44,43,0.022727272727272728,9,31,262,43,387,0.20843121984007426,0.022727272727272728,Jack Crawford,0.20843121984007426,1.8555394886882972,"[('Jack Crawford', 0.20843121984007426), ('Fred Perry', 0.11232917494384168), ('Adrian Karl Quist', 0.06105537312819338), ('Viv Mcgrath', 0.060321039639799394), ('Roderich Ferdinand Ottomar Menzel', 0.03300229430778808), ('Giorgio De Stefani', 0.03300229430778808), ('Gar Moon', 0.03300229430778808), ('Don Turnbull', 0.03213965144190148), ('Carlos Ponce De Leon', 0.02724956624956333), ('John Edward Bromwich', 0.021496838191338574)]"
1935-05-01,266,364,0.005163853028798411,16,251,29,364,43,0.1416860586421582,0.003759398496240601,Wilmer Lawson Allison,0.1416860586421582,1.0158811804429753,"[('Wilmer Lawson Allison', 0.1416860586421582), ('Fred Perry', 0.13947109304690136), ('Gottfried Alexander Maximilian Walter Kurt Von Cramm', 0.10596563774642657), ('Don Budge', 0.06659228405598297), ('Bunny Austin', 0.057338652663860956), ('Viv Mcgrath', 0.03788052557227529), ('Sidney Burr Wood Jr', 0.033769261347017944), ('Jack Crawford', 0.03262164351359229), ('Bitsy Grant', 0.019291813999030124), ('Roderich Ferdinand Ottomar Menzel', 0.017567907882471305)]"
1936-01-01,40,39,0.025,6,27,253,36,361,0.2080082736223484,0.025,Adrian Karl Quist,0.2080082736223484,1.850022324713944,"[('Adrian Karl Quist', 0.2080082736223484), ('Jack Crawford', 0.11243554785454346), ('Abe A Kay', 0.0607763376613303), ('Harry Hopman', 0.0607763376613303), ('Don Turnbull', 0.03285264336484054), ('John Edward Bromwich', 0.03285264336484054), ('Gar Moon', 0.03285264336484054), ('Viv Mcgrath', 0.03285264336484054), ('Henner Henkel', 0.03172027320772195), ('Enrique Gerardo Maier', 0.02122589321308112)]"
1936-05-01,255,366,0.005650764242704956,14,247,32,366,39,0.29955614602071173,0.003921568627450984,Fred Perry,0.29955614602071173,1.0618647142464523,"[('Fred Perry', 0.29955614602071173), ('Gottfried Alexander Maximilian Walter Kurt Von Cramm', 0.28210387067366716), ('Don Budge', 0.029447873149945555), ('Bunny Austin', 0.011903611523538088), ('Bitsy Grant', 0.011744984148815033), ('Jack Crawford', 0.010318446599555624), ('Jacques Christian Boussus', 0.008514848124378584), ('Marcel Bernard', 0.008028262195691766), ('Bernard Destremeau', 0.00788789265900445), ('Frank Parker', 0.006336319335702728)]"
1937-01-01,56,55,0.017857142857142856,10,38,237,53,364,0.1720946574011224,0.017857142857142856,Viv Mcgrath,0.1720946574011224,1.8499804288801531,"[('Viv Mcgrath', 0.1720946574011224), ('John Edward Bromwich', 0.09302512324700445), ('Harry Hopman', 0.048524315712992976), ('Jack Crawford', 0.048524315712992976), ('Abe A Kay', 0.026229759466856784), ('Adrian Karl Quist', 0.026229759466856784), ('Don Turnbull', 0.026229759466856784), ('Gyorgy Dallos', 0.026229759466856784), ('Len Schwartz', 0.026229759466856784), ('Kie Kho Sin', 0.026229759466856784)]"
1937-05-01,286,382,0.004686541528646792,18,266,36,382,55,0.12168888583371885,0.0034965034965034965,Don Budge,0.12168888583371885,1.9272319072436765,"[('Don Budge', 0.12168888583371885), ('Gottfried Alexander Maximilian Walter Kurt Von Cramm', 0.06314179698682867), ('Henner Henkel', 0.04717774247164964), ('Frank Parker', 0.039534695184608434), ('Bunny Austin', 0.03772393184502324), ('Jacques Christian Boussus', 0.02018191416929394), ('Charles Edgar Hare', 0.01798063384498008), ('Bitsy Grant', 0.016862141581357546), ('Adam Baworowski', 0.016468591877561962), ('Ladislav Hecht', 0.01534504586861142)]"
1938-01-01,38,35,0.024893314366998577,6,25,273,33,380,0.21527839575873853,0.026315789473684216,Don Budge,0.21527839575873853,1.8500192768867785,"[('Don Budge', 0.21527839575873853), ('John Edward Bromwich', 0.11636548788886679), ('Adrian Karl Quist', 0.062900734719636), ('Gottfried Alexander Maximilian Walter Kurt Von Cramm', 0.062900734719636), ('George Holland', 0.034000990154442155), ('Len Schwartz', 0.034000990154442155), ('Franjo Puncec', 0.034000990154442155), ('Gene Mako', 0.034000990154442155), ('Viv Mcgrath', 0.034000990154442155), ('Gar Moon', 0.018379138626779624)]"
1938-05-01,296,395,0.004523591387998168,17,282,24,395,35,0.11576297195976516,0.0033783783783783786,Don Budge,0.11576297195976516,2.4278208581147798,"[('Don Budge', 0.11576297195976516), ('Franjo Puncec', 0.04768184257616764), ('Gene Mako', 0.03973402012161861), ('Bunny Austin', 0.031194166214046005), ('Roderich Ferdinand Ottomar Menzel', 0.028399534968997622), ('Henner Henkel', 0.021483827755916538), ('Fumiteru Nakano', 0.020931210385970032), ('Sidney Burr Wood Jr', 0.018572697269286224), ('Adrian Quist', 0.01789767489588116), ('Dragutin Mitic', 0.017163851752321182)]"
1938-09-01,4,4,0.3333333333333333,1,0,292,4,395,0.4161492488779942,0.25,Don Budge,0.4161492488779942,1.4944311768524725,"[('Don Budge', 0.4161492488779942), ('John Edward Bromwich', 0.2784666536163115), ('Bobby Riggs', 0.17945268439422316), ('Adrian Quist', 0.12593141311147116)]"
1939-01-01,32,31,0.03125,6,31,3,31,4,0.23935424291565915,0.031249999999999997,John Edward Bromwich,0.23935424291565915,1.8499977285855649,"[('John Edward Bromwich', 0.23935424291565915), ('Adrian Karl Quist', 0.12938083069899764), ('Jack Crawford', 0.06993460026875525), ('Viv Mcgrath', 0.06993460026875525), ('Lionel Brodie', 0.037801820827264535), ('Don Turnbull', 0.037801820827264535), ('Harry Hopman', 0.037801820827264535), ('Jim Gilchrist', 0.037801820827264535), ('Dinny Pails', 0.020433286971432513), ('Bill Sidwell', 0.020433286971432513)]"
1939-05-01,253,353,0.005536733797603363,14,249,28,353,31,0.14140663402463713,0.003952569169960473,Don Mcneill,0.14140663402463713,1.0726694580887544,"[('Don Mcneill', 0.14140663402463713), ('Bobby Riggs', 0.13182684839054765), ('Joe Hunt', 0.07415530954546341), ('Franjo Kukuljevic', 0.06548079263155455), ('Franjo Puncec', 0.038154519305885384), ('Elwood Thomas Cooke', 0.03755206464783696), ('Welby Van Horn', 0.025856164874260585), ('John Edward Bromwich', 0.02253213968513947), ('Henner Henkel', 0.02162516510555539), ('Adrian Quist', 0.017344174317116563)]"
1939-09-01,4,4,0.3333333333333333,1,0,249,4,353,0.25,0.25,Adrian Quist,0.25,1.0,"[('Adrian Quist', 0.25), ('Bobby Riggs', 0.25), ('John Edward Bromwich', 0.25), ('Frank Parker', 0.25)]"
1940-01-01,32,31,0.03125,6,31,3,31,4,0.23935424291565915,0.031249999999999993,Adrian Karl Quist,0.23935424291565915,1.8499977285855649,"[('Adrian Karl Quist', 0.23935424291565915), ('Jack Crawford', 0.12938083069899764), ('Viv Mcgrath', 0.06993460026875525), ('John Edward Bromwich', 0.06993460026875525), ('Bill Sidwell', 0.037801820827264535), ('Dinny Pails', 0.037801820827264535), ('Harry Hopman', 0.037801820827264535), ('Max Newcombe', 0.037801820827264535), ('Jim Gilchrist', 0.020433286971432513), ('Max Bonner', 0.020433286971432513)]"
1940-05-01,78,77,0.01282051282051282,10,78,32,77,31,0.19509381060021735,0.01282051282051282,Don Mcneill,0.19509381060021735,1.8161838760021376,"[('Don Mcneill', 0.19509381060021735), ('Bobby Riggs', 0.10741963585188648), ('Jack Kramer', 0.06629293914793281), ('Joe Hunt', 0.047426804840669565), ('Frank Parker', 0.025635562980437388), ('Frederick Ted Schroeder', 0.025635562980437385), ('Elwood Thomas Cooke', 0.025635562980437385), ('Frank Kovacs', 0.025635562980437385), ('J Hal Surface Jr', 0.023148812555470938), ('Henry J Prusoff', 0.02219409852958531)]"
1941-05-01,64,63,0.015625,8,25,39,58,72,0.20094991975778215,0.015625,Bobby Riggs,0.20094991975778215,1.8499372866670196,"[('Bobby Riggs', 0.20094991975778215), ('Frank Kovacs', 0.10862526054590099), ('Don Mcneill', 0.05871828442684172), ('Frederick Ted Schroeder', 0.0587182844268417), ('Bitsy Grant', 0.031739973321912605), ('Frank Parker', 0.031739973321912605), ('Wayne R Sabin', 0.031739973321912605), ('Jack Kramer', 0.031739973321912605), ('Billy Gillespie', 0.017156462319114628), ('Gardnar Mulloy', 0.017156462319114628)]"
1942-05-01,64,63,0.015625,8,37,37,63,63,0.20094991975778215,0.015625,Frederick Ted Schroeder,0.20094991975778215,1.8499372866670196,"[('Frederick Ted Schroeder', 0.20094991975778215), ('Frank Parker', 0.10862526054590099), ('Pancho Segura', 0.05871828442684172), ('Gardnar Mulloy', 0.05871828442684172), ('Alejo Domingo Russell', 0.031739973321912605), ('Billy Talbert', 0.031739973321912605), ('Seymour Greenberg', 0.031739973321912605), ('George E Richards', 0.031739973321912605), ('Sidney Burr Wood Jr', 0.017156462319114628), ('Bill Vogt', 0.017156462319114628)]"
1943-05-01,32,31,0.03125,6,17,49,31,63,0.23935424291565915,0.03125,Joe Hunt,0.23935424291565915,1.8499977285855644,"[('Joe Hunt', 0.23935424291565915), ('Jack Kramer', 0.12938083069899767), ('Billy Talbert', 0.06993460026875525), ('Pancho Segura', 0.06993460026875525), ('Elwood Thomas Cooke', 0.03780182082726455), ('Frank Parker', 0.03780182082726455), ('Jack Tuero', 0.03780182082726455), ('Seymour Greenberg', 0.03780182082726455), ('George A Ball', 0.02043328697143252), ('Bitsy Grant', 0.02043328697143252)]"
1944-05-01,32,31,0.03125,6,18,18,30,30,0.23935424291565915,0.031249999999999997,Frank Parker,0.23935424291565915,1.8499977285855649,"[('Frank Parker', 0.23935424291565915), ('Billy Talbert', 0.12938083069899764), ('Pancho Segura', 0.06993460026875525), ('Don Mcneill', 0.06993460026875525), ('Bob Falkenburg', 0.03780182082726455), ('Charles W Oliver', 0.03780182082726455), ('Seymour Greenberg', 0.03780182082726455), ('Zan Carver Jr', 0.03780182082726455), ('George A Ball', 0.02043328697143252), ('Rolando Vega', 0.02043328697143252)]"
1945-09-01,48,46,0.020390070921985817,7,36,20,44,29,0.21005352787894727,0.020833333333333332,Frank Parker,0.21005352787894727,1.88353076332651,"[('Frank Parker', 0.21005352787894727), ('Billy Talbert', 0.11152115588915099), ('Elwood Thomas Cooke', 0.08289381302394744), ('Pancho Segura', 0.04480689861688932), ('Sidney Burr Wood Jr', 0.04480689861688932), ('Alejo Domingo Russell', 0.03367879986069624), ('Frank Shields', 0.024219228318841667), ('Buddy Behrens', 0.024219228318841667), ('Bob Falkenburg', 0.024219228318841667), ('Herb Flam', 0.024219228318841667)]"
1946-01-01,35,34,0.02857142857142857,6,35,48,34,46,0.23527862837442168,0.028571428571428567,John Edward Bromwich,0.23527862837442168,1.9086358613078278,"[('John Edward Bromwich', 0.23527862837442168), ('Dinny Pails', 0.12327056886231039), ('Adrian Karl Quist', 0.07053672712074718), ('Geoffrey Edmund Brown', 0.06331237643598665), ('Jack Edwin Harper', 0.041447294483521996), ('Max Bonner', 0.03422294379876145), ('Lionel Brodie', 0.03422294379876145), ('Harry Hopman', 0.03422294379876145), ('John Diggle', 0.018499141003505627), ('Robert Mccarthy', 0.018499141003505627)]"
1946-05-01,247,348,0.005727263750370297,15,243,31,348,34,0.10010897383454039,0.004048582995951418,Yvon Francois Marie Petra,0.10010897383454039,1.0466309658565593,"[('Yvon Francois Marie Petra', 0.10010897383454039), ('Dragutin Mitic', 0.09564877889181458), ('Jaroslav Drobny', 0.08444664823036649), ('Marcel Bernard', 0.07489782693802764), ('Budge Patty', 0.042329204625240015), ('Jack Kramer', 0.04190313807432342), ('Geoffrey Edmund Brown', 0.04100298627039079), ('Tom Brown', 0.039574115147123015), ('Franjo Puncec', 0.034212201145930626), ('Lennart Bergelin', 0.029194867506355138)]"
1946-09-01,8,8,0.14285714285714285,3,1,240,8,348,0.23684140372652474,0.125,Jack Kramer,0.23684140372652474,1.4594572395463299,"[('Jack Kramer', 0.23684140372652474), ('Frank Parker', 0.1622804679088416), ('Frederick Ted Schroeder', 0.125), ('Gardnar Mulloy', 0.125), ('Lennart Bergelin', 0.08771953209115842), ('Torsten Johansson', 0.08771953209115842), ('John Edward Bromwich', 0.08771953209115842), ('Dinny Pails', 0.08771953209115842)]"
1947-01-01,32,31,0.03125,6,29,5,31,8,0.23935424291565915,0.03125,Dinny Pails,0.23935424291565915,1.8499977285855644,"[('Dinny Pails', 0.23935424291565915), ('John Edward Bromwich', 0.12938083069899767), ('Tom Brown', 0.06993460026875525), ('Gardnar Mulloy', 0.06993460026875525), ('Adrian Karl Quist', 0.037801820827264535), ('Bill Sidwell', 0.037801820827264535), ('Colin Foster Long', 0.037801820827264535), ('Lionel Brodie', 0.037801820827264535), ('Jim Matthews', 0.020433286971432513), ('Billy Talbert', 0.020433286971432513)]"
1947-05-01,267,390,0.0054912562304638,15,258,23,389,30,0.10050459443111548,0.003745318352059925,Jack Kramer,0.10050459443111548,1.6932763960665862,"[('Jack Kramer', 0.10050459443111548), ('Jaroslav Drobny', 0.059355102725452066), ('Tom Brown', 0.05079306843687686), ('John Edward Bromwich', 0.04180219260074664), ('Torsten Johansson', 0.035841626256844034), ('Jozsef Asboth', 0.03578966890906466), ('Budge Patty', 0.0309728329955812), ('Frank Parker', 0.021459918282135247), ('Dinny Pails', 0.021381647614522062), ('Eric William Sturgess', 0.019816695285180472)]"
1948-01-01,54,51,0.01781970649895178,10,37,250,51,390,0.17866124268650282,0.018518518518518514,Adrian Karl Quist,0.17866124268650282,1.8415917583957313,"[('Adrian Karl Quist', 0.17866124268650282), ('John Edward Bromwich', 0.09701457550078323), ('Bill Sidwell', 0.04740564676154445), ('Geoffrey Edmund Brown', 0.04740564676154445), ('Robert Mccarthy', 0.035631925648603964), ('Frank Arthur Sedgman', 0.030222361058053315), ('Colin Foster Long', 0.025624731550645707), ('Eddie Moylan', 0.025624731550645707), ('Khan Iftikhar Ahmed', 0.025624731550645707), ('Tony Mottram', 0.025624731550645707)]"
1948-05-01,276,400,0.005270092226613966,15,255,33,400,51,0.08732573829707682,0.0036231884057971006,Jaroslav Drobny,0.08732573829707682,1.2387648324885077,"[('Jaroslav Drobny', 0.08732573829707682), ('Richard Pancho Gonzales', 0.07049420197185567), ('Frank Parker', 0.045197682571052375), ('Bob Falkenburg', 0.04151607380574423), ('Eric William Sturgess', 0.037036882707002), ('Lennart Bergelin', 0.036144791005189976), ('Jozsef Asboth', 0.028773686234500426), ('Gianni Cucelli', 0.027644277354585287), ('Bill Sidwell', 0.025526224389113072), ('Art Larsen', 0.023100781742402553)]"
1948-09-01,4,4,0.3333333333333333,1,1,273,4,400,0.32456160227748454,0.24999999999999994,Frank Parker,0.32456160227748454,1.0,"[('Frank Parker', 0.32456160227748454), ('Frederick Ted Schroeder', 0.32456160227748454), ('Adrian Quist', 0.17543839772251532), ('Bill Sidwell', 0.17543839772251532)]"
1949-01-01,68,63,0.01382791922739245,11,67,3,63,4,0.1645506668074783,0.014705882352941183,Frank Arthur Sedgman,0.1645506668074783,1.8445296398185431,"[('Frank Arthur Sedgman', 0.1645506668074783), ('John Edward Bromwich', 0.08921009630599705), ('Geoffrey Edmund Brown', 0.04822261231427582), ('Bill Sidwell', 0.04764338280221711), ('Adrian Karl Quist', 0.026066850498926868), ('Colin Foster Long', 0.026066850498926868), ('George Allan Worthington', 0.026066850498926868), ('Tom Warhurst', 0.025385215330957264), ('Ricardo Balbiers', 0.021523506124453244), ('Jack Crawford', 0.016177851471059573)]"
1949-05-01,243,349,0.005934768561031188,13,220,45,349,63,0.13207307431492502,0.004115226337448559,Richard Pancho Gonzales,0.13207307431492502,1.3631992713033871,"[('Richard Pancho Gonzales', 0.13207307431492502), ('Jaroslav Drobny', 0.09688464268958039), ('Frederick Ted Schroeder', 0.0862976408572036), ('Budge Patty', 0.06729866515706692), ('Geoffrey Edmund Brown', 0.06008372919001108), ('Frank Parker', 0.058717049252001795), ('Eric William Sturgess', 0.04012315341975801), ('Marcel Bernard', 0.033181869402729214), ('Billy Talbert', 0.030637409774382014), ('Gianni Cucelli', 0.028354193935256386)]"
1950-01-01,39,38,0.02564102564102564,7,32,236,38,349,0.21733383951235355,0.025641025641025647,Frank Arthur Sedgman,0.21733383951235355,1.9025568549728387,"[('Frank Arthur Sedgman', 0.21733383951235355), ('Ken Mcgregor', 0.11423250713601212), ('Eric William Sturgess', 0.06398633620479892), ('Bill Sidwell', 0.05911230711197339), ('Mervyn Rose', 0.03768550912436198), ('George Allan Worthington', 0.03768550912436198), ('Colin Foster Long', 0.03195228648424359), ('John Edward Bromwich', 0.03195228648424359), ('Ian Occleshaw', 0.02520661055382246), ('Harry Hopman', 0.02401684035747446)]"
1950-05-01,250,388,0.00623293172690763,16,238,27,388,38,0.09938466218616623,0.003999999999999999,Art Larsen,0.09938466218616623,1.3944475078274725,"[('Art Larsen', 0.09938466218616623), ('Budge Patty', 0.07127171272370517), ('Frank Arthur Sedgman', 0.07086343335482949), ('Chuck Devoe', 0.06120690728355108), ('Sidney Schwartz', 0.05448661824756488), ('Eric William Sturgess', 0.05278626834518221), ('Jaroslav Drobny', 0.05243159037860497), ('Dick Savitt', 0.05108374853730701), ('E Victor Seixas', 0.032765778123367985), ('Billy Talbert', 0.025972087982813714)]"
1951-01-01,32,31,0.03125,6,22,240,30,387,0.23935424291565915,0.03125,Dick Savitt,0.23935424291565915,1.8499977285855644,"[('Dick Savitt', 0.23935424291565915), ('Ken Mcgregor', 0.12938083069899767), ('Art Larsen', 0.06993460026875527), ('Frank Arthur Sedgman', 0.06993460026875527), ('Adrian Karl Quist', 0.037801820827264535), ('Mervyn Rose', 0.037801820827264535), ('John Edward Bromwich', 0.037801820827264535), ('George Allan Worthington', 0.037801820827264535), ('Jim Gilchrist', 0.020433286971432513), ('Bill Sidwell', 0.020433286971432513)]"
1951-05-01,281,417,0.005299949161159126,17,275,26,415,29,0.10159500061204826,0.0035587188612099642,Frank Arthur Sedgman,0.10159500061204826,1.1269670311135764,"[('Frank Arthur Sedgman', 0.10159500061204826), ('Jaroslav Drobny', 0.09014904412213409), ('Tony Mottram', 0.08207853040971996), ('E Victor Seixas', 0.07226098729559446), ('Dick Savitt', 0.06941741347301865), ('Ken Mcgregor', 0.05694903235228139), ('Herb Flam', 0.05413762212441247), ('Lennart Bergelin', 0.041410570768464314), ('Eric William Sturgess', 0.02828388525986542), ('Budge Patty', 0.01947502060324056)]"
1951-09-01,7,8,0.19047619047619047,2,1,275,7,416,0.32650671793792135,0.1428571428571428,Frank Arthur Sedgman,0.32650671793792135,1.8219836476566724,"[('Frank Arthur Sedgman', 0.32650671793792135), ('Frederick Ted Schroeder', 0.17920397823430248), ('Tony Trabert', 0.1457264292889911), ('E Victor Seixas', 0.11224888034367973), ('Mervyn Rose', 0.07877133139836837), ('Lennart Bergelin', 0.07877133139836837), ('Sven Viktor Davidson', 0.07877133139836837)]"
1952-01-01,37,36,0.02702702702702703,6,35,5,36,8,0.2267425215072838,0.027027027027027046,Ken Mcgregor,0.2267425215072838,1.8035717044572137,"[('Ken Mcgregor', 0.2267425215072838), ('Frank Arthur Sedgman', 0.12571860655549713), ('Dick Savitt', 0.06534064770734378), ('Mervyn Rose', 0.06433745603596565), ('Don Candy', 0.0383938722112913), ('Ken Rosewall', 0.0383938722112913), ('Ian G Ayre', 0.03170161553029559), ('Geoffrey Edmund Brown', 0.03170161553029559), ('Dave Yates', 0.023828418405852123), ('Adrian Karl Quist', 0.017136161724856415)]"
1952-05-01,313,460,0.00471041205865487,13,304,28,458,34,0.25829088022708335,0.003194888178913738,Frank Arthur Sedgman,0.25829088022708335,1.0406690440430493,"[('Frank Arthur Sedgman', 0.25829088022708335), ('Jaroslav Drobny', 0.2481969476324681), ('Gardnar Mulloy', 0.02168839097685927), ('Mervyn Rose', 0.020875353317113803), ('Straight Clark', 0.01499957547549568), ('Eric William Sturgess', 0.014786749893891882), ('Hamilton Richardson', 0.014165470613384657), ('Herb Flam', 0.013486847969021169), ('Ken Mcgregor', 0.012858189396961713), ('Dick Savitt', 0.012622722016326481)]"
1952-09-01,10,12,0.13333333333333333,2,1,304,12,460,0.24244892893041128,0.10000000000000005,Frank Arthur Sedgman,0.24244892893041128,1.391618777031173,"[('Frank Arthur Sedgman', 0.24244892893041128), ('E Victor Seixas', 0.1742207944676075), ('Tony Trabert', 0.12798732329138507), ('Fausto Gardini', 0.12716661011657934), ('Ken Mcgregor', 0.09436219748564899), ('Naresh Kumar', 0.051292610338092307), ('Tiny Misra', 0.051292610338092307), ('Hamilton Richardson', 0.051292610338092307), ('Rolando Del Bello', 0.039968157347045646), ('Gianni Cucelli', 0.039968157347045646)]"
1953-01-01,36,35,0.027777777777777776,5,33,7,35,12,0.2200474715603063,0.027777777777777776,Ken Rosewall,0.2200474715603063,1.8499657372706417,"[('Ken Rosewall', 0.2200474715603063), ('Mervyn Rose', 0.11894678216308735), ('E Victor Seixas', 0.06429632104826198), ('Ian G Ayre', 0.06429632104826198), ('Clive Wilderspin', 0.03475461026072848), ('Geoffrey Edmund Brown', 0.03475461026072848), ('Hamilton Richardson', 0.03475461026072848), ('Straight Clark', 0.03475461026072848), ('Hans Redl', 0.033556822042819984), ('Marcel Coen', 0.022454522337226238)]"
1953-05-01,315,444,0.004488929329693661,16,300,21,442,33,0.12529484295476906,0.0031746031746031746,E Victor Seixas,0.12529484295476906,1.259368194669102,"[('E Victor Seixas', 0.12529484295476906), ('Tony Trabert', 0.09949023922085803), ('Ken Rosewall', 0.08554656088251437), ('Kurt Nielsen', 0.07620424406350854), ('Lew Hoad', 0.022556800220052613), ('Sven Viktor Davidson', 0.019844401828314928), ('Mervyn Rose', 0.018324368788107094), ('Jaroslav Drobny', 0.017189003805265998), ('Torben Ulrich', 0.015817512187946598), ('Budge Patty', 0.015137181354920603)]"
1953-09-01,14,16,0.08791208791208792,4,1,302,13,441,0.22279855098558377,0.07142857142857141,Lew Hoad,0.22279855098558377,1.126039869697287,"[('Lew Hoad', 0.22279855098558377), ('Tony Trabert', 0.19786026852271102), ('E Victor Seixas', 0.08242211158753657), ('Jackie Brichant', 0.08119284463424972), ('Philippe Washer', 0.05783994280348154), ('Straight Clark', 0.05783994280348154), ('Tut Bartzen', 0.05783994280348154), ('Ken Rosewall', 0.0546176866920119), ('Lorne Main', 0.03126478486124371), ('Ramanathan Krishnan', 0.03126478486124371)]"
1954-01-01,52,47,0.017722473604826545,9,49,11,47,16,0.17535387285590653,0.019230769230769232,Mervyn Rose,0.17535387285590653,1.8499570567324597,"[('Mervyn Rose', 0.17535387285590653), ('Rex Noel Hartwig', 0.0947880774949611), ('John Edward Bromwich', 0.05123867883526547), ('Ken Rosewall', 0.05123867883526547), ('Ashley Cooper', 0.02769712721343262), ('E Victor Seixas', 0.02769712721343262), ('George Allan Worthington', 0.02769712721343262), ('Hamilton Richardson', 0.02769712721343262), ('Franz Saiko', 0.02674206843321011), ('Emilio Martinez Del Rey', 0.024257681758899013)]"
1954-05-01,313,450,0.004608011796510199,14,283,22,448,45,0.10868000249132206,0.003194888178913737,Art Larsen,0.10868000249132206,1.1106506967400511,"[('Art Larsen', 0.10868000249132206), ('Ken Rosewall', 0.09785254969029991), ('Tony Trabert', 0.081973594241644), ('Rex Noel Hartwig', 0.07349634004499041), ('E Victor Seixas', 0.07118801078739899), ('Jaroslav Drobny', 0.06785235383602735), ('Budge Patty', 0.05150378689643548), ('Sven Viktor Davidson', 0.05023604983727183), ('Philippe Washer', 0.03658463878723394), ('Tom Brown', 0.016519226437819865)]"
1954-09-01,10,12,0.13333333333333333,3,0,303,10,448,0.21686969636734926,0.10000000000000005,E Victor Seixas,0.21686969636734926,1.1255405082583987,"[('E Victor Seixas', 0.21686969636734926), ('Tony Trabert', 0.1926804897523607), ('Ken Rosewall', 0.19254017323075986), ('Gustavo Palafox', 0.12093399501833754), ('Rex Noel Hartwig', 0.12093399501833754), ('Hamilton Richardson', 0.0409878530392786), ('Lennart Bergelin', 0.028763449393394203), ('Mario Llamas', 0.028763449393394203), ('Sven Viktor Davidson', 0.028763449393394203), ('Lew Hoad', 0.028763449393394203)]"
1955-01-01,75,66,0.011891891891891892,14,68,3,65,11,0.14545252292691527,0.013333333333333336,Ken Rosewall,0.14545252292691527,1.79033928334042,"[('Ken Rosewall', 0.14545252292691527), ('Lew Hoad', 0.08124299359366653), ('Tony Trabert', 0.04559383045903447), ('Rex Noel Hartwig', 0.04194279765270111), ('E Victor Seixas', 0.024645852313838135), ('Mervyn Rose', 0.024645852313838135), ('Martin Froesch', 0.02400098996603249), ('Ashley Cooper', 0.02034995715969912), ('Lennart Bergelin', 0.02034995715969912), ('Ernst Buchholz', 0.017121351338614237)]"
1955-05-01,311,457,0.004740172181308993,14,273,37,455,64,0.14968603967976146,0.0032154340836012853,Lew Hoad,0.14968603967976146,1.1900714721720955,"[('Lew Hoad', 0.14968603967976146), ('Tony Trabert', 0.1257790335958204), ('Budge Patty', 0.05465451306491645), ('Sven Viktor Davidson', 0.04562620512373236), ('Ronald Moreira', 0.04309419413759644), ('Ken Rosewall', 0.04088326955564136), ('Kurt Nielsen', 0.027512287533479313), ('Art Larsen', 0.02209437332024504), ('Johann F Kupferburger', 0.0194282982996807), ('Reynaldo Garrido', 0.01881104809804701)]"
1956-01-01,73,67,0.012747336377473363,15,44,282,67,457,0.13712365070258162,0.0136986301369863,Lew Hoad,0.13712365070258162,1.850021704730008,"[('Lew Hoad', 0.13712365070258162), ('Ken Rosewall', 0.07412002267432502), ('Herb Flam', 0.040062977580998665), ('Neale Fraser', 0.040062977580998665), ('Ashley Cooper', 0.02165495220160856), ('Georges Pasquier', 0.02165495220160856), ('Gil J Shea', 0.02165495220160856), ('Mal Anderson', 0.02165495220160856), ('Mervyn Rose', 0.02165495220160856), ('Joe D Hackett', 0.020909333091191362)]"
1956-05-01,303,442,0.004830284352938605,16,269,39,439,64,0.2602224733958233,0.0033003300330033004,Lew Hoad,0.2602224733958233,1.0305001517169414,"[('Lew Hoad', 0.2602224733958233), ('Ken Rosewall', 0.2525205580632475), ('Hamilton Richardson', 0.022652633926901807), ('E Victor Seixas', 0.018703463172266874), ('Neale Fraser', 0.018025537050819326), ('Nicola Pietrangeli', 0.01712051299010634), ('Ashley Cooper', 0.014565558463546806), ('Sven Viktor Davidson', 0.013196212432688245), ('Uffe Schmidt', 0.010384553634281635), ('Giuseppe Merlo', 0.010324104602405562)]"
1956-09-01,11,12,0.10909090909090909,3,0,292,11,441,0.17458668933244068,0.09090909090909093,Lew Hoad,0.17458668933244068,1.091425443600096,"[('Lew Hoad', 0.17458668933244068), ('Ken Rosewall', 0.15996208477288362), ('Hamilton Richardson', 0.10531223419121456), ('Herb Flam', 0.10531223419121456), ('E Victor Seixas', 0.08810779832153703), ('Sammy Giammalva', 0.08810779832153703), ('Nicola Pietrangeli', 0.06786681947922298), ('Ramanathan Krishnan', 0.06786681947922298), ('Naresh Kumar', 0.04762584063690892), ('Orlando Sirola', 0.04762584063690892)]"
1957-01-01,83,75,0.011019688510138114,15,78,6,75,12,0.1271880995868397,0.012048192771084338,Ashley Cooper,0.1271880995868397,1.8074235807781203,"[('Ashley Cooper', 0.1271880995868397), ('Neale Fraser', 0.07036983523922129), ('Lew Hoad', 0.03995333188464576), ('Mal Anderson', 0.036420702456088666), ('Iyo Pimentel', 0.02384269859518097), ('Mike E Green', 0.02384269859518097), ('Raymundo Deyro', 0.021397953228168568), ('Warren W Woodcock', 0.01968681489685516), ('Fred Dehnert', 0.01968681489685516), ('Graham Lovett', 0.01968681489685516)]"
1957-05-01,266,405,0.005745495815009221,14,223,40,403,73,0.08246827695816997,0.0037593984962406,Sven Viktor Davidson,0.08246827695816997,1.1455995140471358,"[('Sven Viktor Davidson', 0.08246827695816997), ('Ashley Cooper', 0.07198700413797209), ('Mal Anderson', 0.06489856428305892), ('Herb Flam', 0.05837783622024365), ('Lew Hoad', 0.055032242557341626), ('Neil C Gibson', 0.04830379966548484), ('Kurt Nielsen', 0.04188200414061669), ('E Victor Seixas', 0.04161214324575319), ('Philippe Washer', 0.030225311602102272), ('Warren W Woodcock', 0.030216677578690322)]"
1957-09-01,9,12,0.16666666666666666,2,0,257,10,403,0.24251921515716407,0.1111111111111111,E Victor Seixas,0.24251921515716407,1.0884828272278821,"[('E Victor Seixas', 0.24251921515716407), ('Ashley Cooper', 0.22280481518923478), ('Barry Mackay', 0.206052670194129), ('Mal Anderson', 0.19181079945947208), ('Philippe Washer', 0.04889583333333334), ('Herb Flam', 0.037916666666666675), ('Felicisimo Ampon', 0.01666666666666667), ('Jackie Brichant', 0.01666666666666667), ('Raymundo Deyro', 0.01666666666666667)]"
1958-01-01,73,66,0.012557077625570776,13,70,6,66,12,0.13953287541352588,0.0136986301369863,Ashley Cooper,0.13953287541352588,1.8499998060824647,"[('Ashley Cooper', 0.13953287541352588), ('Mal Anderson', 0.07542318380508313), ('Neale Fraser', 0.04076753274452773), ('Mervyn Rose', 0.04076753274452773), ('Andres Gimeno', 0.025990798124244034), ('Mike E Green', 0.022035651134813296), ('Bob Howe', 0.022035651134813296), ('Carlos Alberto Fernandes', 0.022035651134813296), ('Trevor Fancutt', 0.022035651134813296), ('Roy Emerson', 0.022035651134813296)]"
1958-05-01,276,428,0.005638998682476943,16,236,33,426,64,0.14238736307777652,0.0036231884057971015,Luis Ayala,0.14238736307777652,1.0779411361010995,"[('Luis Ayala', 0.14238736307777652), ('Ashley Cooper', 0.13209196523735048), ('Mervyn Rose', 0.05228696879932862), ('Nicola Pietrangeli', 0.049280571050054275), ('Robert Haillet', 0.03826226896252624), ('Neale Fraser', 0.0312426274449016), ('Uffe Schmidt', 0.02937518663414545), ('Pierre Darmon', 0.02372956686019351), ('Mal Anderson', 0.023356738745422736), ('Jackie Brichant', 0.019523767899187226)]"
1958-09-01,12,12,0.09090909090909091,4,0,264,12,428,0.25407617466678123,0.08333333333333331,Alejandro Olmedo,0.25407617466678123,2.290863360348361,"[('Alejandro Olmedo', 0.25407617466678123), ('Nicola Pietrangeli', 0.1109084806472897), ('Barry Mackay', 0.0882130120259162), ('Ashley Cooper', 0.07856749919899833), ('Mal Anderson', 0.07856749919899833), ('Orlando Sirola', 0.07599273218605014), ('Giuseppe Merlo', 0.07599273218605014), ('Hamilton Richardson', 0.07337393499067328), ('Juan Maria Jose', 0.0410769837248106), ('Felicisimo Ampon', 0.0410769837248106)]"
1959-01-01,69,64,0.013640238704177323,11,64,7,64,12,0.1566702741551925,0.014492753623188406,Alejandro Olmedo,0.1566702741551925,1.882881997735403,"[('Alejandro Olmedo', 0.1566702741551925), ('Neale Fraser', 0.08320769668180183), ('Bob Mark', 0.04497831164152799), ('Barry Mackay', 0.04428697612758774), ('Roy Emerson', 0.02642947437956675), ('Uffe Schmidt', 0.025738138865626505), ('Andres Gimeno', 0.02182271861093932), ('Don Candy', 0.02182271861093932), ('Gheorghe Viziru', 0.02182271861093932), ('Martin Froesch', 0.021070476003273317)]"
1959-05-01,285,455,0.00562144798616259,17,247,31,455,64,0.13989255952442403,0.0035087719298245615,Neale Fraser,0.13989255952442403,1.6058584184811258,"[('Neale Fraser', 0.13989255952442403), ('Barry Mackay', 0.08711388122044972), ('Nicola Pietrangeli', 0.08123668530736691), ('Rod Laver', 0.07667743880559158), ('Alejandro Olmedo', 0.07003014466082645), ('Earl Butch Buchholz', 0.03818987548430243), ('Tut Bartzen', 0.03277447460597532), ('Ron Holmberg', 0.028885783162997537), ('Roy Emerson', 0.024990405238510684), ('Luis Ayala', 0.023529153341727196)]"
1960-01-01,95,91,0.01019036954087346,17,47,237,91,455,0.10039204490905738,0.01052631578947368,Rod Laver,0.10039204490905738,1.8500523792907908,"[('Rod Laver', 0.10039204490905738), ('Neale Fraser', 0.0542644338251343), ('Christian Kuhnke', 0.030817571513661532), ('Jiri Javorsky', 0.030817571513661532), ('Wolfgang Stuck', 0.030817571513661532), ('Pavel Korda', 0.030817571513661532), ('Bob Hewitt', 0.02933136500757826), ('Roy Emerson', 0.02933136500757826), ('Osamu Ishiguro', 0.01811842036796151), ('Gheorghe Viziru', 0.01585441458037864)]"
1960-05-01,259,413,0.006180599203855018,14,212,48,412,90,0.08442990171655017,0.0038610038610038602,Neale Fraser,0.08442990171655017,1.083029452478825,"[('Neale Fraser', 0.08442990171655017), ('Robert Haillet', 0.07795716129723712), ('Nicola Pietrangeli', 0.07751936099639448), ('Rod Laver', 0.06580348778825226), ('Luis Ayala', 0.057662727304479314), ('Ramanathan Krishnan', 0.037584140146913435), ('Pierre Darmon', 0.02620343818472608), ('Bob Hewitt', 0.02501212208301681), ('Jan Eric Lundquist', 0.023731061384213804), ('Sven Viktor Davidson', 0.02274665977094459)]"
1960-09-01,15,16,0.0761904761904762,4,2,246,14,411,0.1536612750358929,0.06666666666666667,Nicola Pietrangeli,0.1536612750358929,1.1055353884736816,"[('Nicola Pietrangeli', 0.1536612750358929), ('Orlando Sirola', 0.13899263346788016), ('Barry Mackay', 0.13371510584054438), ('Rod Laver', 0.13002502857048331), ('Earl Butch Buchholz', 0.08625398608270127), ('Neale Fraser', 0.0647180426724987), ('Charles Mckinley', 0.0468721765323572), ('Dennis Ralston', 0.0468721765323572), ('Tut Bartzen', 0.0468721765323572), ('Eduardo Dungo', 0.02533623312215462)]"
1961-01-01,70,71,0.014699792960662527,11,67,12,71,16,0.13873849782679412,0.014285714285714285,Roy Emerson,0.13873849782679412,1.8368073001153984,"[('Roy Emerson', 0.13873849782679412), ('Rod Laver', 0.07553241857111402), ('Barry Phillips Moore', 0.051727755124403425), ('Fred Stolle', 0.05055220107655799), ('Atsushi Miyagi', 0.0331865988667294), ('Juan Maria Jose', 0.0331865988667294), ('Osamu Ishiguro', 0.0331865988667294), ('Raymundo Deyro', 0.0331865988667294), ('Christian Kuhnke', 0.03156209805951387), ('Michael Sangster', 0.03156209805951387)]"
1961-05-01,276,443,0.005836627140974967,15,247,41,442,70,0.08084401261780524,0.0036231884057971024,Manuel Santana,0.08084401261780524,1.1033162575539475,"[('Manuel Santana', 0.08084401261780524), ('Rod Laver', 0.07327365301136453), ('Abe Segal', 0.0728352267153805), ('Michael Sangster', 0.06495255428411885), ('Roy Emerson', 0.056000308882963944), ('Robert Wilson', 0.030462782135832523), ('Ramanathan Krishnan', 0.0304381431140102), ('Jan Eric Lundquist', 0.029450211134956585), ('Charles Mckinley', 0.026041039264373775), ('Jackie Brichant', 0.024348262664790597)]"
1961-09-01,10,12,0.13333333333333333,3,0,266,12,443,0.16374486035601912,0.10000000000000005,Nicola Pietrangeli,0.16374486035601912,1.1613740167066597,"[('Nicola Pietrangeli', 0.16374486035601912), ('Rod Laver', 0.14099235732891194), ('Roy Emerson', 0.14099235732891194), ('Ramanathan Krishnan', 0.13102747180246108), ('Jon A Douglas', 0.10989187152062947), ('Charles Mckinley', 0.07140113522628926), ('Whitney Reed', 0.07140113522628926), ('Fausto Gardini', 0.07033648883967154), ('Jaidip Mukerjea', 0.050106161185408365), ('Orlando Sirola', 0.050106161185408365)]"
1962-01-01,69,70,0.014919011082693947,9,65,6,70,12,0.17337346728761419,0.01449275362318841,Rod Laver,0.17337346728761419,1.7244479033509612,"[('Rod Laver', 0.17337346728761419), ('Roy Emerson', 0.10053853581236838), ('Bob Hewitt', 0.04694977481340967), ('Neale Fraser', 0.04524662711432662), ('John Newcombe', 0.02982644922118184), ('Jaidip Mukerjea', 0.02725728963139674), ('Owen Davidson', 0.026311058902209028), ('Wilhelm Bungert', 0.025069193803072324), ('Fred Stolle', 0.023736678957989747), ('Michio Fujii', 0.020602352400477607)]"
1962-05-01,281,480,0.006100660904931368,15,250,38,479,69,0.1061008926090577,0.003558718861209964,Rod Laver,0.1061008926090577,2.9722457627525496,"[('Rod Laver', 0.1061008926090577), ('Roy Emerson', 0.03569721385044531), ('Martin Mulligan', 0.03290883435888565), ('Charles Mckinley', 0.027439986719998106), ('Pierre Darmon', 0.02687709703671193), ('Manuel Santana', 0.026561113761319914), ('Jan Eric Lundquist', 0.021940929723712907), ('Neale Fraser', 0.021114332000323036), ('Rafael Osuna', 0.01795850134986068), ('John Gavan Fraser', 0.017395628425798)]"
1962-09-01,12,12,0.09090909090909091,4,0,269,8,476,0.1839934630784189,0.08333333333333333,Rafael Osuna,0.1839934630784189,1.3240499249281146,"[('Rafael Osuna', 0.1839934630784189), ('Neale Fraser', 0.13896263246146726), ('Rod Laver', 0.13896263246146726), ('Tony Palafox', 0.08069294847062505), ('Mario Llamas', 0.08069294847062505), ('Pancho Contreras', 0.08069294847062505), ('Jan Eric Lundquist', 0.06076526004824198), ('Uffe Schmidt', 0.06076526004824198), ('Premjit Lall', 0.043617976622571844), ('S Akhtar Ali', 0.043617976622571844)]"
1963-01-01,83,86,0.012635909491625037,10,80,9,86,12,0.13535847567374587,0.012048192771084336,Roy Emerson,0.13535847567374587,1.8439661251513297,"[('Roy Emerson', 0.13535847567374587), ('Ken Fletcher', 0.07340616176592579), ('Bob Hewitt', 0.03995687168918009), ('Fred Stolle', 0.03995687168918009), ('Atsushi Miyagi', 0.024825822585463262), ('Jaidip Mukerjea', 0.024084130986733183), ('John Newcombe', 0.01973781556273855), ('Bob Howe', 0.01973781556273855), ('Owen Davidson', 0.019737815562738546), ('John Gavan Fraser', 0.01922211355172963)]"
1963-05-01,276,479,0.006310935441370224,17,246,53,479,86,0.06956641254150715,0.0036231884057971006,Rafael Osuna,0.06956641254150715,1.0624867590924814,"[('Rafael Osuna', 0.06956641254150715), ('Manuel Santana', 0.06547508657983372), ('Roy Emerson', 0.05571009625321134), ('Michael Sangster', 0.049129131027222904), ('Wilhelm Bungert', 0.04884221171354923), ('Fred Stolle', 0.04230069527327659), ('Charles Mckinley', 0.04213309398329317), ('Frank Froehling', 0.0415402138133006), ('Dennis Ralston', 0.03518356523011168), ('Pierre Darmon', 0.035135937782122796)]"
1963-09-01,13,16,0.10256410256410256,4,1,264,15,478,0.24899276933713627,0.07692307692307694,Roy Emerson,0.24899276933713627,1.9044060098729727,"[('Roy Emerson', 0.24899276933713627), ('Charles Mckinley', 0.13074563304583592), ('Dennis Ralston', 0.11296432074394099), ('Frank Froehling', 0.07740169614015112), ('Marty Riessen', 0.07740169614015112), ('Arthur Ashe', 0.05962038383825618), ('Orlando Bracamonte', 0.04183907153636124), ('Billy Knight', 0.04183907153636124), ('John Newcombe', 0.04183907153636124), ('Michael Sangster', 0.04183907153636124)]"
1964-01-01,84,89,0.0127653471026965,10,79,8,89,16,0.14206532243369938,0.011904761904761899,Roy Emerson,0.14206532243369938,1.9185777444440293,"[('Roy Emerson', 0.14206532243369938), ('Fred Stolle', 0.07404720650237057), ('Martin Mulligan', 0.04568509015491167), ('Felicisimo Ampon', 0.0445447660651956), ('Ken Fletcher', 0.04030142387448859), ('Jaidip Mukerjea', 0.025214289774372494), ('Owen Davidson', 0.022281233562500214), ('John Newcombe', 0.022281233562500214), ('Michael Sangster', 0.021784793964310684), ('Tony Roche', 0.021784793964310684)]"
1964-05-01,256,477,0.007306985294117647,12,225,53,474,86,0.09847000003132256,0.00390625,Nicola Pietrangeli,0.09847000003132256,1.0992674783510272,"[('Nicola Pietrangeli', 0.09847000003132256), ('Roy Emerson', 0.08957783430383474), ('Manuel Santana', 0.057057060046391876), ('Fred Stolle', 0.05209727662734171), ('Pierre Barthes', 0.04084301488255041), ('Michael Sangster', 0.039614743703151725), ('Jan Eric Lundquist', 0.03276168926972359), ('Roger Taylor', 0.031734737138713214), ('Rafael Osuna', 0.02959328256983886), ('Christian Kuhnke', 0.02958696304532578)]"
1964-09-01,4,4,0.3333333333333333,1,0,252,2,475,0.4161492488779942,0.25,Roy Emerson,0.4161492488779942,1.4944311768524725,"[('Roy Emerson', 0.4161492488779942), ('Charles Mckinley', 0.2784666536163115), ('Fred Stolle', 0.17945268439422316), ('Dennis Ralston', 0.12593141311147116)]"
1965-01-01,123,123,0.00819672131147541,19,121,2,123,4,0.11965864429934875,0.00813008130081301,Roy Emerson,0.11965864429934875,1.7913081319165316,"[('Roy Emerson', 0.11965864429934875), ('Fred Stolle', 0.06679958750107678), ('John Newcombe', 0.03542252809490143), ('Tony Roche', 0.032654460083675375), ('Owen Davidson', 0.021448497114731277), ('Bill Bowrey', 0.020032650693832588), ('Pierre Darmon', 0.018393191079704996), ('Juan Gisbert', 0.016919152216161377), ('Hoang Duc Luu', 0.014969817543437874), ('Osamu Ishiguro', 0.014335079795041485)]"
1965-05-01,272,452,0.0061319730844367265,16,214,65,450,121,0.06442636392240024,0.003676470588235294,Manuel Santana,0.06442636392240024,1.0034752876276187,"[('Manuel Santana', 0.06442636392240024), ('Fred Stolle', 0.06420323919955698), ('Cliff Drysdale', 0.05852891684944691), ('Pancho Guzman', 0.055750807652516415), ('Roy Emerson', 0.05067819183222735), ('Rafael Osuna', 0.0426562517485694), ('Arthur Ashe', 0.04047501921764864), ('Tony Roche', 0.03854164966725775), ('Charlie Pasarell', 0.03080044105163405), ('Dennis Ralston', 0.02454189007926789)]"
1965-09-01,8,12,0.21428571428571427,2,0,264,11,451,0.29903427205222466,0.12499999999999997,Fred Stolle,0.29903427205222466,1.0689834725983158,"[('Fred Stolle', 0.29903427205222466), ('Manuel Santana', 0.27973703964325985), ('Jaidip Mukerjea', 0.10420214876989697), ('Ramanathan Krishnan', 0.10420214876989697), ('Roy Emerson', 0.06125810575624086), ('Juan Gisbert', 0.05052209500282683), ('Koji Watanabe', 0.05052209500282683), ('Osamu Ishiguro', 0.05052209500282683)]"
1966-01-01,149,143,0.006484672592055142,26,143,2,143,12,0.11440504872349855,0.006711409395973154,Roy Emerson,0.11440504872349855,1.8892844129355177,"[('Roy Emerson', 0.11440504872349855), ('Arthur Ashe', 0.06055469887974101), ('John Newcombe', 0.0365855215176155), ('Fred Stolle', 0.031829031078033025), ('Tony Roche', 0.01916757350939096), ('Bo Holmstrom', 0.01802323909395835), ('Piotr Jamroz', 0.01802323909395835), ('Christer Holm', 0.01802323909395835), ('Wieslaw Gasiorek', 0.01802323909395835), ('Bill Bowrey', 0.017204318447512783)]"
1966-05-01,264,438,0.006308330452817145,12,191,76,436,141,0.06308152361656422,0.0037878787878787862,Manuel Santana,0.06308152361656422,1.15123255583548,"[('Manuel Santana', 0.06308152361656422), ('Cliff Drysdale', 0.05479477043696379), ('Fred Stolle', 0.054127174998087495), ('Dennis Ralston', 0.053011363574936646), ('John Newcombe', 0.052643143205380424), ('Tony Roche', 0.0395384870064859), ('Istvan Gulyas', 0.03509904822950299), ('Thomaz Koch', 0.03427046211172192), ('Bob Hewitt', 0.031702399193093526), ('Ken Fletcher', 0.02659234900277975)]"
1966-09-01,13,20,0.1282051282051282,3,1,252,19,437,0.20802078804980317,0.07692307692307693,Ramanathan Krishnan,0.20802078804980317,1.5422430712991038,"[('Ramanathan Krishnan', 0.20802078804980317), ('Fred Stolle', 0.13488197283621284), ('Roy Emerson', 0.13488197283621284), ('Edison Mandarino', 0.104942915223083), ('Jaidip Mukerjea', 0.0813974327553455), ('Thomaz Koch', 0.05887410998675862), ('Dennis Ralston', 0.05419843895436243), ('Ingo Buding', 0.04684733147866903), ('Koji Watanabe', 0.04684733147866903), ('Premjit Lall', 0.04157718185337766)]"
1967-01-01,105,102,0.00934065934065934,16,102,10,102,20,0.13711619723537763,0.009523809523809523,Roy Emerson,0.13711619723537763,2.0024525544546576,"[('Roy Emerson', 0.13711619723537763), ('Arthur Ashe', 0.06847413035097827), ('Tony Roche', 0.04702651296401383), ('John Newcombe', 0.04155082519857769), ('Cliff Richey', 0.027954196915744328), ('Bill Bowrey', 0.024309808986819312), ('Mark Cox', 0.024309808986819312), ('Jaidip Mukerjea', 0.022751425444421748), ('Owen Davidson', 0.02028476238323149), ('Ilie Nastase', 0.013343675321118312)]"
1967-05-01,291,497,0.00588932337954734,15,244,58,494,99,0.10898834856063785,0.003436426116838488,Nikola Pilic,0.10898834856063785,1.1843707235534524,"[('Nikola Pilic', 0.10898834856063785), ('John Newcombe', 0.0920221569084733), ('Bob Hewitt', 0.03575893401246001), ('Tony Roche', 0.030915823777862655), ('Clark Graebner', 0.030812783071301492), ('Roy Emerson', 0.029281054457486404), ('Cliff Drysdale', 0.0290006946104384), ('Bill Bowrey', 0.028334125019026702), ('Edison Mandarino', 0.027818585414233755), ('Charlie Pasarell', 0.023441838094728915)]"
1967-09-01,48,54,0.023936170212765957,5,25,268,53,496,0.10288330203737617,0.020833333333333332,Patricia Walkden,0.10288330203737617,1.4921760109244602,"[('Patricia Walkden', 0.10288330203737617), ('Alex Metreveli', 0.06894850291396658), ('Carole Graebner', 0.05955037836695663), ('Ion Tiriac', 0.05605922000389156), ('Roy Emerson', 0.052971314414708495), ('Manuel Santana', 0.05009013807566651), ('Frances Maclennan', 0.040803184109253265), ('Premjit Lall', 0.036608218668439836), ('Virginia Wade', 0.035537909258776576), ('Jaidip Mukerjea', 0.031986378547520795)]"
1968-01-01,1159,2321,0.0017293509829955846,30,1117,6,2312,45,0.03998922900311,0.0008628127696289907,Marty Riessen,0.03998922900311,1.4902855109319053,"[('Marty Riessen', 0.03998922900311), ('Nancy Richey', 0.026833266987950473), ('Judy Tegart', 0.025374702783710783), ('Billie Jean King', 0.022270190013216368), ('Arthur Ashe', 0.020843998766450447), ('Tom Okker', 0.018566975301917827), ('Ion Tiriac', 0.01800853624849914), ('Martin Mulligan', 0.014975053788118232), ('Virginia Wade', 0.014841337524530493), ('Jan Leschly', 0.014149280806884637)]"
1968-05-01,1358,3586,0.0019459454766264056,86,810,611,3416,2151,0.02945454983806221,0.0007363770250368187,Margaret Court,0.02945454983806221,1.3050032775956213,"[('Margaret Court', 0.02945454983806221), ('Ann Jones', 0.022570479587093597), ('Rod Laver', 0.022167449369386475), ('Tom Okker', 0.02176297679872699), ('Virginia Wade', 0.021332698962077328), ('Billie Jean King', 0.018718032564453636), ('Judy Tegart', 0.018094073977695847), ('Arthur Ashe', 0.017652786836997687), ('Clark Graebner', 0.016092659105861447), ('Maria Bueno', 0.015919061441254698)]"
1968-09-01,774,1172,0.0019588769551163124,25,432,1016,1078,3492,0.04457071043910904,0.0012919896640826874,Rod Laver,0.04457071043910904,1.39834688809672,"[('Rod Laver', 0.04457071043910904), ('Andres Gimeno', 0.031873858209656346), ('Roy Emerson', 0.03043777040409573), ('Margaret Court', 0.02974361279372573), ('Rosie Casals', 0.029614526278162603), ('Stan Smith', 0.02758885651995386), ('Fred Stolle', 0.026232317151124493), ('Virginia Wade', 0.023501344461501646), ('Arthur Ashe', 0.02280698996773527), ('Tony Roche', 0.019744649678815715)]"
1969-01-01,822,1786,0.0026464669813976785,38,523,475,1711,1097,0.05701382077920267,0.0012165450121654502,Margaret Court,0.05701382077920267,1.0366975724038068,"[('Margaret Court', 0.05701382077920267), ('Julie Heldman', 0.054995615208207574), ('Tony Roche', 0.03643126885386564), ('Rod Laver', 0.031830596216519874), ('Peaches Bartkowicz', 0.027789948290362312), ('Billie Jean King', 0.02515690656264196), ('Ann Jones', 0.02393747413328656), ('Kerry Reid', 0.020329558161078044), ('Tom Okker', 0.015265353494762962), ('Judy Tegart', 0.014922800122379992)]"
1969-05-01,1054,3315,0.002986857825567503,60,641,409,3142,1613,0.037480211337847305,0.0009487666034155598,Rod Laver,0.037480211337847305,1.0427818264786015,"[('Rod Laver', 0.037480211337847305), ('Margaret Court', 0.03594252449183474), ('Ann Jones', 0.033520733473993675), ('Tom Okker', 0.028294850532708412), ('Tony Roche', 0.0275824366903149), ('Kerry Reid', 0.024133377646150422), ('John Newcombe', 0.02413292203037415), ('Rosie Casals', 0.02313351936550406), ('Roy Emerson', 0.02193645089932734), ('Billie Jean King', 0.02136759142077314)]"
1969-09-01,493,824,0.0033971536469928594,19,196,757,713,3204,0.059872958114121584,0.002028397565922921,Billie Jean King,0.059872958114121584,1.8193420381911962,"[('Billie Jean King', 0.059872958114121584), ('Julie Heldman', 0.03290912695759382), ('Virginia Wade', 0.03210285706558981), ('Ann Jones', 0.032025652315824625), ('Richard Gonzalez', 0.03087095072558966), ('Tom Okker', 0.02734084154676649), ('Stan Smith', 0.02335020227927924), ('Nancy Richey', 0.02301136945791197), ('Helga Masthoff', 0.022123234636498762), ('Ken Rosewall', 0.020708550262645273)]"
1970-01-01,833,1905,0.0027486956320989936,45,548,208,1826,745,0.06146253659913265,0.0012004801920768304,Billie Jean King,0.06146253659913265,1.0031583856876056,"[('Billie Jean King', 0.06146253659913265), ('Margaret Court', 0.06126902538625914), ('Kerry Reid', 0.03437655961386665), ('Virginia Wade', 0.029096137777062672), ('Cliff Richey', 0.018100025753374403), ('Ilie Nastase', 0.017323822414451462), ('Arthur Ashe', 0.017067060220458594), ('Helga Masthoff', 0.015386917684116702), ('Clark Graebner', 0.015095983117413466), ('Rod Laver', 0.015028217904322096)]"
1970-05-01,991,2964,0.0030211295599792067,49,570,412,2799,1740,0.033690349592095575,0.0010090817356205853,Margaret Court,0.033690349592095575,1.151314093614778,"[('Margaret Court', 0.033690349592095575), ('Patti Hogan', 0.029262518177223095), ('Rod Laver', 0.027336777828723676), ('Ken Rosewall', 0.019729753696483426), ('Evonne Goolagong', 0.019388067210138422), ('Tony Roche', 0.01925959164908969), ('Tom Okker', 0.017742663625778938), ('Joyce Williams', 0.017622134698073413), ('John Newcombe', 0.01688165094179892), ('Kerry Reid', 0.015599206508269412)]"
1970-09-01,596,1166,0.003288026620043991,30,270,665,1047,2845,0.052364409824144593,0.0016778523489932886,Nancy Richey,0.052364409824144593,1.3625232889339594,"[('Nancy Richey', 0.052364409824144593), ('Stan Smith', 0.03843193745709448), ('Rod Laver', 0.03360000740916195), ('Arthur Ashe', 0.03033820073477224), ('Margaret Court', 0.028118592242360983), ('Chris Evert', 0.026181420824140586), ('Virginia Wade', 0.025932364063040222), ('Rosie Casals', 0.025851156817009963), ('Cliff Richey', 0.02297144384143074), ('Judy Tegart', 0.02034868821013569)]"
1971-01-01,835,1967,0.002824566693950229,26,528,289,1855,1054,0.05675380233071252,0.0011976047904191617,Evonne Goolagong,0.05675380233071252,1.3287672916381936,"[('Evonne Goolagong', 0.05675380233071252), ('Margaret Court', 0.042711619023028946), ('Rod Laver', 0.023684580334655116), ('Ilie Nastase', 0.021148133806356537), ('Clark Graebner', 0.020875437765480113), ('Arthur Ashe', 0.018734285020098898), ('John Newcombe', 0.017985366232743612), ('Betty Stove', 0.017664413518018937), ('Billie Jean King', 0.014807233879458252), ('Cliff Drysdale', 0.01447694721497682)]"
1971-05-01,850,2809,0.0038924686482366797,55,462,447,2633,1791,0.02925464839409431,0.001176470588235294,Margaret Court,0.02925464839409431,1.1222339470684504,"[('Margaret Court', 0.02925464839409431), ('Evonne Goolagong', 0.026068226211223254), ('Billie Jean King', 0.025759360054084517), ('Rod Laver', 0.01965971507993795), ('John Newcombe', 0.019289723776679375), ('Cliff Drysdale', 0.018812481590377312), ('Marty Riessen', 0.018702704114923075), ('Stan Smith', 0.01789248673794863), ('Ken Rosewall', 0.017688207323552144), ('Francoise Durr', 0.01682205486186815)]"
1971-09-01,527,1235,0.0044552348107156515,22,220,543,1082,2656,0.0672575932798743,0.0018975332068311194,Billie Jean King,0.0672575932798743,1.3414087172508413,"[('Billie Jean King', 0.0672575932798743), ('Rosie Casals', 0.050139523036435756), ('Francoise Durr', 0.04646438136666598), ('Kerry Reid', 0.03391244024439447), ('Ken Rosewall', 0.02646870764842857), ('Rod Laver', 0.02601498937941181), ('Bob Lutz', 0.02459407526704803), ('Virginia Wade', 0.021376140686124426), ('Arthur Ashe', 0.02092539032834326), ('Jan Kodes', 0.01975323049991981)]"
1972-01-01,856,2187,0.0029881947860304968,36,526,197,2031,1079,0.05020334283950965,0.0011682242990654205,Billie Jean King,0.05020334283950965,1.6910888394625185,"[('Billie Jean King', 0.05020334283950965), ('Nancy Richey', 0.02968699317740507), ('Ilie Nastase', 0.025533171619623443), ('Manuel Orantes', 0.025441492263301977), ('Francoise Durr', 0.020693852164439357), ('Stan Smith', 0.018942507212639383), ('Kerry Reid', 0.018885970411829264), ('Chris Evert', 0.01800229803720371), ('Evonne Goolagong', 0.014884645878679062), ('Virginia Wade', 0.014781634986367866)]"
1972-05-01,953,3195,0.00352160801361468,45,519,422,2984,1976,0.03495773780923239,0.001049317943336831,Billie Jean King,0.03495773780923239,1.2847165566457561,"[('Billie Jean King', 0.03495773780923239), ('Margaret Court', 0.027210467264859525), ('Chris Evert', 0.026908848845738693), ('Evonne Goolagong', 0.026805515588106763), ('Kerry Reid', 0.019786983095816005), ('Ilie Nastase', 0.01793446750973099), ('Francoise Durr', 0.017092584791761904), ('Virginia Wade', 0.017053274270835275), ('Bob Hewitt', 0.01490532880250611), ('Nancy Richey', 0.014516657702919966)]"
1972-09-01,646,1376,0.003302373581011352,21,269,576,1242,3061,0.046759430470858086,0.0015479876160990713,Margaret Court,0.046759430470858086,1.32086414626737,"[('Margaret Court', 0.046759430470858086), ('Ilie Nastase', 0.03540063571488072), ('Stan Smith', 0.030169479860712292), ('Billie Jean King', 0.028125175101810406), ('Onny Parun', 0.02313587227492781), ('Virginia Wade', 0.022887303234222892), ('Tom Okker', 0.0215913555196897), ('Tom Gorman', 0.017006432575411807), ('John Newcombe', 0.01698355250790603), ('Arthur Ashe', 0.015864834747958998)]"
1973-01-01,696,2388,0.004936740262962044,29,331,281,2259,1247,0.029149414145641504,0.0014367816091954023,Virginia Wade,0.029149414145641504,1.0759284705168912,"[('Virginia Wade', 0.029149414145641504), ('Margaret Court', 0.027092334615550894), ('Ilie Nastase', 0.022692868495890327), ('Chris Evert', 0.022479013153319318), ('Evonne Goolagong', 0.018786922035902428), ('Marina Chuvirina', 0.01797926382528541), ('Billie Jean King', 0.016515368818950573), ('Stan Smith', 0.016142373681143723), ('Rod Laver', 0.013727175506397297), ('Laura Rossouw', 0.01335742198643764)]"
1973-05-01,970,3381,0.003597076378028151,37,497,223,3168,2175,0.03173077500392954,0.0010309278350515462,Margaret Court,0.03173077500392954,1.2443969009451268,"[('Margaret Court', 0.03173077500392954), ('Evonne Goolagong', 0.02549891837550369), ('Chris Evert', 0.022579896149893416), ('Billie Jean King', 0.020534099227134513), ('Ilie Nastase', 0.01791483952037028), ('Julie Heldman', 0.01499418040341317), ('Rosie Casals', 0.013913027359161455), ('Kristien Shaw', 0.013106754084208038), ('Manuel Orantes', 0.012529735310098999), ('Virginia Wade', 0.012293017186060927)]"
1973-09-01,716,1744,0.0034066492167050826,26,312,566,1604,3241,0.047801721309184524,0.0013966480446927377,Tom Okker,0.047801721309184524,1.1003565037142014,"[('Tom Okker', 0.047801721309184524), ('Chris Evert', 0.04344203096708392), ('Evonne Goolagong', 0.037083086741243186), ('Ilie Nastase', 0.03694875559172808), ('Jimmy Connors', 0.02457992395788146), ('Margaret Court', 0.023365899053816884), ('Julie Heldman', 0.02187655424069465), ('John Newcombe', 0.021541737153003837), ('Rod Laver', 0.018424549755242957), ('Tom Gorman', 0.01764297035357817)]"
1974-01-01,673,2461,0.005441608292648411,32,315,358,2366,1649,0.05639747571141021,0.0014858841010401186,Billie Jean King,0.05639747571141021,1.1382631981884137,"[('Billie Jean King', 0.05639747571141021), ('Chris Evert', 0.049546955221928285), ('Rosie Casals', 0.03416953608679226), ('Olga Morozova', 0.029434690438307588), ('Virginia Wade', 0.023895355224534374), ('Kerry Reid', 0.016359123914255785), ('Evonne Goolagong', 0.014042794115115368), ('John Newcombe', 0.013771974666943113), ('Arthur Ashe', 0.01365387214119511), ('Rod Laver', 0.013307930384541668)]"
1974-05-01,850,2758,0.003821797270144807,33,416,239,2637,2340,0.039407318986215426,0.001176470588235294,Evonne Goolagong,0.039407318986215426,1.2498945889528932,"[('Evonne Goolagong', 0.039407318986215426), ('Chris Evert', 0.03152851395190785), ('Olga Morozova', 0.024901606529649838), ('Stan Smith', 0.022518809248802917), ('Jimmy Connors', 0.022290670890455173), ('Billie Jean King', 0.02152139758809178), ('Kerry Reid', 0.01986712988749946), ('Guillermo Vilas', 0.018152050528837158), ('Bjorn Borg', 0.015994209016196734), ('Alex Metreveli', 0.015991607527249322)]"
1974-09-01,684,1705,0.0036496194121223018,26,284,450,1603,2656,0.05481448528979235,0.0014619883040935672,Evonne Goolagong,0.05481448528979235,1.4266795129027567,"[('Evonne Goolagong', 0.05481448528979235), ('Chris Evert', 0.038421022236637764), ('Guillermo Vilas', 0.03297460296101798), ('John Newcombe', 0.02930175413555627), ('Brian Gottfried', 0.024312966138564814), ('Ilie Nastase', 0.023447104172632474), ('Olga Morozova', 0.019966811738804536), ('Onny Parun', 0.019695184336446406), ('Virginia Wade', 0.018249924174174013), ('Arthur Ashe', 0.018146156600371697)]"
1975-01-01,669,2401,0.005372662746256366,23,294,309,2276,1580,0.044503346530633946,0.0014947683109118087,Chris Evert,0.044503346530633946,1.2938495162703973,"[('Chris Evert', 0.044503346530633946), ('Martina Navratilova', 0.034396076182736955), ('Virginia Wade', 0.027164525995665496), ('Evonne Goolagong', 0.02648294194899435), ('Vitas Gerulaitis', 0.02066562443624903), ('Rod Laver', 0.0198331027745677), ('Gail Sherriff', 0.016873087406110012), ('John Alexander', 0.016022156335519434), ('Helga Masthoff', 0.01592322082534304), ('Billie Jean King', 0.014406962825540428)]"
1975-05-01,725,2747,0.005233377786244999,30,284,228,2603,2257,0.03572277999037472,0.0013793103448275859,Chris Evert,0.03572277999037472,1.1327019059533068,"[('Chris Evert', 0.03572277999037472), ('Virginia Wade', 0.031537670946452274), ('Billie Jean King', 0.024333188851591924), ('Evonne Goolagong', 0.023095434721816), ('Manuel Orantes', 0.02250267250843122), ('Guillermo Vilas', 0.019244456068225984), ('Helena Anliot', 0.018342249608449754), ('Arthur Ashe', 0.017700494519744432), ('Bjorn Borg', 0.016863104465263335), ('Martina Navratilova', 0.015889556108295885)]"
1975-09-01,602,1624,0.0044886429594087375,28,214,337,1524,2647,0.026655649312296976,0.0016611295681063121,Arthur Ashe,0.026655649312296976,1.0201063975240916,"[('Arthur Ashe', 0.026655649312296976), ('Ilie Nastase', 0.026130263840118163), ('Adriano Panatta', 0.025338048788979946), ('Bjorn Borg', 0.023444318402123864), ('Eddie Dibbs', 0.02041846944554458), ('Guillermo Vilas', 0.01948866395062426), ('Chris Evert', 0.017812854476351593), ('Jimmy Connors', 0.017708208879409576), ('Raul Ramirez', 0.015594332416101298), ('Martina Navratilova', 0.015421882837320773)]"
1976-01-01,528,1919,0.006896526939221437,16,205,279,1802,1507,0.06253030784728167,0.0018939393939393936,Chris Evert,0.06253030784728167,1.263655481693251,"[('Chris Evert', 0.06253030784728167), ('Evonne Goolagong', 0.04948366762394241), ('Ilie Nastase', 0.02732390934948489), ('Martina Navratilova', 0.019387220876956397), ('Dianne Fromholtz', 0.018017786237731107), ('Jimmy Connors', 0.017532724662115716), ('Arthur Ashe', 0.01738252116253755), ('Raul Ramirez', 0.014899051573348565), ('Eddie Dibbs', 0.012923884191327024), ('Rosie Casals', 0.012337796381713896)]"
1976-05-01,615,2164,0.005730780434840179,38,254,167,2049,1804,0.04152416392736802,0.0016260162601626016,Adriano Panatta,0.04152416392736802,1.1960952740508977,"[('Adriano Panatta', 0.04152416392736802), ('Bjorn Borg', 0.034716435076894245), ('Jimmy Connors', 0.024627115459704006), ('Raul Ramirez', 0.02353019167974423), ('Ilie Nastase', 0.016736733789467974), ('Chris Evert', 0.013838741111435082), ('Harold Solomon', 0.01376857993180718), ('Roscoe Tanner', 0.013616019653449456), ('Wojtek Fibak', 0.013433683878037032), ('Sue Barker', 0.012930570319927882)]"
1976-09-01,608,1900,0.00514827018121911,22,234,241,1774,2038,0.046648631902856015,0.0016447368421052626,Virginia Wade,0.046648631902856015,1.3344442444663667,"[('Virginia Wade', 0.046648631902856015), ('Brian Gottfried', 0.03495734804679713), ('Betty Stove', 0.03282891367013431), ('Chris Evert', 0.030174899778935886), ('Manuel Orantes', 0.028021797119450454), ('Jimmy Connors', 0.022209881552610385), ('Harold Solomon', 0.018784472672893265), ('Raul Ramirez', 0.018747551311220665), ('Mark Cox', 0.01858308235846547), ('Roscoe Tanner', 0.015291346024767111)]"
1977-01-01,548,2079,0.006935640988003576,16,181,241,1944,1765,0.05236678241391173,0.001824817518248175,Chris Evert,0.05236678241391173,1.1085021920677196,"[('Chris Evert', 0.05236678241391173), ('Martina Navratilova', 0.04724102738690172), ('Virginia Wade', 0.030822375719715127), ('Sue Barker', 0.027752394241142696), ('Brian Gottfried', 0.02670493296129307), ('Bjorn Borg', 0.023481371573208152), ('Guillermo Vilas', 0.021843804521878056), ('Rosie Casals', 0.01659568808411786), ('Dick Stockton', 0.016262399642695404), ('Jeff Borowiak', 0.013340672522840847)]"
1977-05-01,710,2558,0.005081547110590198,14,315,153,2436,1957,0.04151941931891369,0.0014084507042253522,Virginia Wade,0.04151941931891369,1.0949805687388008,"[('Virginia Wade', 0.04151941931891369), ('Chris Evert', 0.037917950787689114), ('Wendy Turnbull', 0.02564117664785276), ('Kerry Reid', 0.021403461158484755), ('Mima Jausovec', 0.019005961998195837), ('Guillermo Vilas', 0.018426755394697018), ('Betty Stove', 0.013598437710102312), ('Dick Stockton', 0.01316277907415453), ('Martina Navratilova', 0.012745889863153746), ('Harold Solomon', 0.01212860366537397)]"
1977-09-01,589,1874,0.005410992920088239,25,223,344,1759,2443,0.03960608756528765,0.001697792869269949,Dianne Fromholtz,0.03960608756528765,1.2991309406059142,"[('Dianne Fromholtz', 0.03960608756528765), ('Chris Evert', 0.030486601717618536), ('Billie Jean King', 0.030045454793206545), ('Virginia Wade', 0.029478640049650267), ('Jimmy Connors', 0.020362559291625112), ('Ilie Nastase', 0.01904561003652028), ('Ken Rosewall', 0.01624931275431283), ('Bjorn Borg', 0.016119465446206155), ('Guillermo Vilas', 0.01611540375958901), ('Evonne Goolagong', 0.015363134252698129)]"
1978-01-01,568,1950,0.006054847604143379,16,250,271,1835,1759,0.03710144855777174,0.00176056338028169,Martina Navratilova,0.03710144855777174,1.1265981875109823,"[('Martina Navratilova', 0.03710144855777174), ('Evonne Goolagong', 0.032932281419465775), ('Jimmy Connors', 0.025801895913450182), ('Bjorn Borg', 0.024633155967118597), ('Billie Jean King', 0.02364959221601282), ('Brian Gottfried', 0.020182359764275015), ('Raul Ramirez', 0.015973830500907085), ('Virginia Wade', 0.014792615965272508), ('Vitas Gerulaitis', 0.01404619946695642), ('Tracy Austin', 0.013602847692088114)]"
1978-05-01,846,3292,0.004605033082938157,15,426,148,3148,1806,0.05403441974653481,0.001182033096926714,Bjorn Borg,0.05403441974653481,1.3273260712308939,"[('Bjorn Borg', 0.05403441974653481), ('Jimmy Connors', 0.04070922806211896), ('Martina Navratilova', 0.03346204665156738), ('Pam Shriver', 0.031428692371294), ('Vitas Gerulaitis', 0.027834003150075688), ('Chris Evert', 0.01956594306050561), ('Virginia Ruzici', 0.013980731132874078), ('Adriano Panatta', 0.011395222849608191), ('Eddie Dibbs', 0.010717676837176685), ('Regina Marsikova', 0.010539825577419056)]"
1978-09-01,754,2301,0.0040527544992444015,27,274,366,2200,3191,0.03574242073981914,0.001326259946949602,Betty Stove,0.03574242073981914,1.2271975000688276,"[('Betty Stove', 0.03574242073981914), ('Chris Evert', 0.02912523920380747), ('John McEnroe', 0.026320093186619965), ('Virginia Wade', 0.02266648692292543), ('Peter Fleming', 0.019422934068113667), ('Martina Navratilova', 0.017868187215573716), ('Virginia Ruzici', 0.015902714765864516), ('Kerry Reid', 0.014233383952512507), ('Bjorn Borg', 0.013610884054605461), ('Sherwood Stewart', 0.012851220188317523)]"
1979-01-01,605,2093,0.00572765584806524,20,188,337,1963,2171,0.038042145256509736,0.0016528925619834706,Jimmy Connors,0.038042145256509736,1.0474155970742698,"[('Jimmy Connors', 0.038042145256509736), ('John McEnroe', 0.03632001028318872), ('Martina Navratilova', 0.033400918470805646), ('Bjorn Borg', 0.032996064897948936), ('Roscoe Tanner', 0.025112016596176095), ('Tracy Austin', 0.025085667137859088), ('Chris Evert', 0.023699012755255402), ('Arthur Ashe', 0.02100182576973329), ('Dianne Fromholtz', 0.02095968846817508), ('Sue Barker', 0.017890856883966248)]"
1979-05-01,824,3517,0.005186152956859229,19,378,159,3345,1921,0.05076156912157822,0.0012135922330097084,Martina Navratilova,0.05076156912157822,1.0197441890210628,"[('Martina Navratilova', 0.05076156912157822), ('Tracy Austin', 0.04977872849690712), ('Chris Evert', 0.034439252816801526), ('John McEnroe', 0.020496239865756435), ('Bjorn Borg', 0.018121271479948353), ('Victor Pecci', 0.014696865953466668), ('Guillermo Vilas', 0.014102210069334866), ('Billie Jean King', 0.014076486904749714), ('Eddie Dibbs', 0.012549924331725934), ('Jose Higueras', 0.011996398007267702)]"
1979-09-01,759,2214,0.003848279745950963,30,257,322,2058,3361,0.023335801576913447,0.0013175230566534913,Johan Kriek,0.023335801576913447,1.000286160219082,"[('Johan Kriek', 0.023335801576913447), ('Bjorn Borg', 0.023329125709189515), ('Tracy Austin', 0.02168350140573827), ('John McEnroe', 0.02121089840825158), ('Evonne Goolagong', 0.019337508262076357), ('Martina Navratilova', 0.017976533928371688), ('Peter Fleming', 0.01743718358072009), ('Billie Jean King', 0.01432421705409795), ('Wendy Turnbull', 0.013965743456062439), ('Butch Walts', 0.013661966089446568)]"
1980-01-01,1017,3202,0.003098893611749859,44,540,282,3090,2102,0.052697186757158176,0.0009832841691248771,Martina Navratilova,0.052697186757158176,1.0688373674600482,"[('Martina Navratilova', 0.052697186757158176), ('Tracy Austin', 0.04930327883500754), ('Billie Jean King', 0.023150333333569396), ('Greer Stevens', 0.016447039190117103), ('Bjorn Borg', 0.014643102164944842), ('John McEnroe', 0.012749839146148969), ('Jimmy Connors', 0.012328861266118455), ('Gene Mayer', 0.007822248972802629), ('Heinz Gunthardt', 0.007533403195141676), ('Evonne Goolagong', 0.006892510113330614)]"
1980-05-01,1183,4421,0.0031616827790197565,49,572,406,4241,3022,0.048327361755468264,0.0008453085376162298,Evonne Goolagong,0.048327361755468264,1.0261912422665678,"[('Evonne Goolagong', 0.048327361755468264), ('Chris Evert', 0.0470939136536838), ('Andrea Jaeger', 0.02305749207751174), ('Kathy Jordan', 0.01604200929621968), ('Hana Mandlikova', 0.015993869359409763), ('Martina Navratilova', 0.013226807514794802), ('Virginia Ruzici', 0.013207392959052197), ('Tracy Austin', 0.012606365852853844), ('Guillermo Vilas', 0.011432809659948605), ('Ivan Lendl', 0.011412981283777952)]"
1980-09-01,879,2821,0.0036552719620815744,26,301,605,2652,4252,0.027644372013076308,0.0011376564277588168,Hana Mandlikova,0.027644372013076308,1.3404825222129573,"[('Hana Mandlikova', 0.027644372013076308), ('Ivan Lendl', 0.020622702314267514), ('Martina Navratilova', 0.02019397747136531), ('Andrea Jaeger', 0.019864320098852625), ('Wendy Turnbull', 0.01883141573421115), ('Chris Evert', 0.017434696410772596), ('Tracy Austin', 0.01710804201939654), ('John McEnroe', 0.015107666665811939), ('Bjorn Borg', 0.013377417630531028), ('Brian Teacher', 0.013105299440620626)]"
1981-01-01,1015,3193,0.0031023794949524394,34,457,321,3060,2688,0.02023955207730886,0.0009852216748768472,Martina Navratilova,0.02023955207730886,1.0414875294165602,"[('Martina Navratilova', 0.02023955207730886), ('Andrea Jaeger', 0.01943331197508148), ('Jimmy Connors', 0.01892751473837439), ('Bjorn Borg', 0.01650679497793212), ('Gene Mayer', 0.015685389406193746), ('Ivan Lendl', 0.014519449144573643), ('John McEnroe', 0.013921480708255095), ('Wojtek Fibak', 0.013906450358011616), ('Hana Mandlikova', 0.01363028354879876), ('Guillermo Vilas', 0.013255508909859331)]"
1981-05-01,1142,4218,0.0032370903944829786,27,482,355,4057,3032,0.024971423431623473,0.0008756567425569177,Tracy Austin,0.024971423431623473,1.0462387492754386,"[('Tracy Austin', 0.024971423431623473), ('Ivan Lendl', 0.02386780593714118), ('Chris Evert', 0.020055642541783655), ('Jose Luis Clerc', 0.019193553463070574), ('Hana Mandlikova', 0.01663940248371156), ('Andrea Jaeger', 0.015171283344717856), ('John McEnroe', 0.014297113108594384), ('Pam Shriver', 0.011830363027711356), ('Sylvia Hanika', 0.011664053853114479), ('Eddie Dibbs', 0.010184853446809774)]"
1981-09-01,904,2674,0.0032757083076078754,46,285,523,2523,4067,0.048195341436903474,0.0011061946902654867,Martina Navratilova,0.048195341436903474,1.2426978175109706,"[('Martina Navratilova', 0.048195341436903474), ('Tracy Austin', 0.03878283260642968), ('Chris Evert', 0.028273735055832607), ('John McEnroe', 0.02421989154128211), ('Vitas Gerulaitis', 0.01994616551233295), ('Ivan Lendl', 0.016315819731514088), ('Eliot Teltscher', 0.014397034705405959), ('Vincent Van Patten', 0.014381924114009266), ('Jimmy Connors', 0.013452523796011995), ('Pam Shriver', 0.01312164288776465)]"
1982-01-01,913,2997,0.003599325531792241,45,357,348,2863,2540,0.035767793158471846,0.001095290251916758,Ivan Lendl,0.035767793158471846,1.018777460439442,"[('Ivan Lendl', 0.035767793158471846), ('Guillermo Vilas', 0.03510854386496113), ('Sylvia Hanika', 0.022235054923907663), ('Martina Navratilova', 0.019404686168338955), ('Andrea Jaeger', 0.015916517372882705), ('Vitas Gerulaitis', 0.01558067845244655), ('Yannick Noah', 0.014492254964851119), ('Jimmy Connors', 0.011336079147595738), ('Wendy Turnbull', 0.010718766069785), ('Bill Scanlon', 0.010447660351561163)]"
1982-05-01,1055,4363,0.003923667005404822,36,409,267,4189,2823,0.027506970001203092,0.000947867298578199,Martina Navratilova,0.027506970001203092,1.0820639017032962,"[('Martina Navratilova', 0.027506970001203092), ('Andrea Jaeger', 0.025420836937544888), ('Ivan Lendl', 0.018799851295245786), ('Chris Evert', 0.018689601403011638), ('Jose Higueras', 0.0163823753333476), ('Hana Mandlikova', 0.01585493079683002), ('Pam Shriver', 0.015416304113706559), ('Jimmy Connors', 0.01500904283156503), ('Mats Wilander', 0.014432818472723263), ('Bettina Bunge', 0.012244264248742814)]"
1982-09-01,747,2319,0.004161417789118943,10,179,487,2193,4237,0.06914002533459054,0.0013386880856760374,Chris Evert,0.06914002533459054,1.020857102466845,"[('Chris Evert', 0.06914002533459054), ('Martina Navratilova', 0.06772742744064521), ('John McEnroe', 0.02113918375095999), ('Wojtek Fibak', 0.018566287551196377), ('Mats Wilander', 0.017459140476598627), ('Henri Leconte', 0.012027804134994668), ('Ivan Lendl', 0.011749839190467692), ('Yannick Noah', 0.01030958184694338), ('Pam Shriver', 0.008921058589499603), ('Guillermo Vilas', 0.008645287813994257)]"
1983-01-01,821,2810,0.004173969876117762,31,291,217,2690,2199,0.024695087542327052,0.001218026796589525,Ivan Lendl,0.024695087542327052,1.5239206009177635,"[('Ivan Lendl', 0.024695087542327052), ('Martina Navratilova', 0.016204969948863952), ('Mats Wilander', 0.015154780726409064), ('Guillermo Vilas', 0.01452020681714403), ('John McEnroe', 0.01418047971167134), ('Bill Scanlon', 0.012262786997127718), ('Yannick Noah', 0.012006752638326606), ('Jimmy Connors', 0.01153316014491328), ('Gene Mayer', 0.010015424685996359), ('Shlomo Glickstein', 0.009956938327613369)]"
1983-05-01,973,4096,0.004330926792957168,23,376,224,3923,2637,0.024710770312543102,0.0010277492291880781,Kathy Horvath,0.024710770312543102,1.1035387845864564,"[('Kathy Horvath', 0.024710770312543102), ('Martina Navratilova', 0.022392298900308517), ('Chris Evert', 0.018163549169007254), ('Ivan Lendl', 0.013412088488622876), ('John McEnroe', 0.013339010207780699), ('Jimmy Connors', 0.0127903356451145), ('Mats Wilander', 0.012745994792635173), ('Jimmy Arias', 0.012723610523597434), ('Hana Mandlikova', 0.010704598022794462), ('Yannick Noah', 0.01032243285668042)]"
1983-09-01,842,2400,0.0033892464857750502,28,225,356,2269,3965,0.03661554247544838,0.0011876484560570072,Anders Jarryd,0.03661554247544838,1.0191207860450577,"[('Anders Jarryd', 0.03661554247544838), ('Mats Wilander', 0.03592856016365221), ('Martina Navratilova', 0.020310074397664895), ('Ivan Lendl', 0.015641103999564455), ('John McEnroe', 0.014386394816549675), ('Andres Gomez', 0.012190874768082558), ('Kathy Jordan', 0.010212739042334386), ('Mike Bauer', 0.009555539025168277), ('Pam Shriver', 0.009534270626716947), ('Henri Leconte', 0.009487688357551467)]"
1984-01-01,733,2331,0.004344374119383624,22,216,325,2241,2310,0.04673374746900295,0.001364256480218281,Hana Mandlikova,0.04673374746900295,1.4321598535759816,"[('Hana Mandlikova', 0.04673374746900295), ('Martina Navratilova', 0.03263165585343895), ('John McEnroe', 0.021023149543016238), ('Pam Shriver', 0.014758237358879864), ('Laura Arraya', 0.014187611590859881), ('Henrik Sundstrom', 0.013633668478025577), ('Pam Casale', 0.012915401236329145), ('Ivan Lendl', 0.011970112181638), ('Chris Evert', 0.01192260030895511), ('Jimmy Connors', 0.010267949504430274)]"
1984-05-01,960,3883,0.004217718109141467,37,385,158,3752,2200,0.02609247656614213,0.0010416666666666667,John McEnroe,0.02609247656614213,1.1580883206488033,"[('John McEnroe', 0.02609247656614213), ('Ivan Lendl', 0.022530644771138156), ('Martina Navratilova', 0.0195647664798613), ('Vijay Amritraj', 0.014555097096370217), ('Chris Evert', 0.012765478158630059), ('Jimmy Connors', 0.011984645729092082), ('Andres Gomez', 0.010238716257911538), ('Manuela Maleeva Fragniere', 0.009616020265257265), ('Henrik Sundstrom', 0.008336118719028687), ('Joakim Nystrom', 0.006852991729358022)]"
1984-09-01,805,2687,0.0041516022372609,12,190,345,2557,3753,0.020798040253491162,0.0012422360248447205,Helena Sukova,0.020798040253491162,1.1135360438811022,"[('Helena Sukova', 0.020798040253491162), ('Mats Wilander', 0.01867747377175325), ('Henrik Sundstrom', 0.017405238357685263), ('John McEnroe', 0.01502257874296738), ('Martina Navratilova', 0.01373491199053534), ('Manuela Maleeva Fragniere', 0.012629966509109447), ('Jimmy Connors', 0.012218209921733685), ('Claudia Kohde Kilsch', 0.01126943492356136), ('Bettina Bunge', 0.010921442886452512), ('Ivan Lendl', 0.010083328929587116)]"
1985-01-01,943,3332,0.0037509596918179097,21,327,189,3229,2584,0.02691408472157667,0.0010604453870625662,Chris Evert,0.02691408472157667,1.0623913003168424,"[('Chris Evert', 0.02691408472157667), ('Martina Navratilova', 0.025333495025373368), ('Joakim Nystrom', 0.022169729090932577), ('Hana Mandlikova', 0.021567843417435548), ('John McEnroe', 0.020168634274972452), ('Miloslav Mecir', 0.012263980622347974), ('Ivan Lendl', 0.011496603477999663), ('Zina Garrison', 0.011297928305449413), ('Stefan Edberg', 0.01094434061921424), ('Tim Mayotte', 0.008616221382389187)]"
1985-05-01,929,3886,0.004507534983853606,24,260,274,3719,3165,0.030664408969372323,0.001076426264800861,Chris Evert,0.030664408969372323,1.137388817597305,"[('Chris Evert', 0.030664408969372323), ('Ivan Lendl', 0.026960357350927572), ('Martina Navratilova', 0.026403771969018244), ('Hana Mandlikova', 0.025210105293657022), ('Claudia Kohde Kilsch', 0.02130126317124108), ('John McEnroe', 0.02117763879059938), ('Mats Wilander', 0.020377930154723355), ('Henri Leconte', 0.015569633352679914), ('Boris Becker', 0.013313284326210607), ('Yannick Noah', 0.009867513102369158)]"
1985-09-01,932,2960,0.0034113487274286267,36,281,278,2829,3755,0.032692325451668135,0.001072961373390558,Stefan Edberg,0.032692325451668135,1.3833753507500839,"[('Stefan Edberg', 0.032692325451668135), ('Martina Navratilova', 0.023632288542615665), ('Ivan Lendl', 0.019823196007472184), ('Paul Annacone', 0.015760879044242428), ('John McEnroe', 0.013457064301945553), ('Boris Becker', 0.011835491212368977), ('Chris Evert', 0.011442135840984673), ('Mats Wilander', 0.00928124450818349), ('David Pate', 0.008875263348522412), ('Thierry Tulasne', 0.008804039673776975)]"
1986-01-01,902,2947,0.003626175400085148,19,269,299,2838,2851,0.029961611241491284,0.0011086474501108647,Boris Becker,0.029961611241491284,1.1666518990104497,"[('Boris Becker', 0.029961611241491284), ('Ivan Lendl', 0.025681706142941713), ('Chris Evert', 0.024624231088889476), ('Joakim Nystrom', 0.023737310267185965), ('Kathy Jordan', 0.023463694584509316), ('Martina Navratilova', 0.023121746100217774), ('Anders Jarryd', 0.021904181499787557), ('Steffi Graf', 0.017319990123191267), ('Hana Mandlikova', 0.013315444724608114), ('Mats Wilander', 0.012082400214875035)]"
1986-05-01,1189,4399,0.0031142657299091277,44,487,200,4235,2783,0.03598235766127589,0.0008410428931875525,Martina Navratilova,0.03598235766127589,1.2611386986812119,"[('Martina Navratilova', 0.03598235766127589), ('Chris Evert', 0.028531641839952323), ('Steffi Graf', 0.022344014091573227), ('Hana Mandlikova', 0.019172677690263443), ('Ivan Lendl', 0.01712622927727258), ('Boris Becker', 0.01615456465555191), ('Helena Sukova', 0.014382060554864538), ('Emilio Sanchez', 0.01212336944247782), ('Miloslav Mecir', 0.010793714830155711), ('Mats Wilander', 0.00923946667322069)]"
1986-09-01,1119,3291,0.00263060712589985,21,384,454,3168,4276,0.025245309068074602,0.0008936550491510275,Martina Navratilova,0.025245309068074602,1.3346165869989655,"[('Martina Navratilova', 0.025245309068074602), ('Boris Becker', 0.018915776496410477), ('Stefan Edberg', 0.018512239986095802), ('Ivan Lendl', 0.016457247927119636), ('Pat Cash', 0.013565432886070447), ('Hana Mandlikova', 0.009645778393749976), ('John McEnroe', 0.009468553716766373), ('Pam Shriver', 0.008698362316649898), ('Mel Purcell', 0.008535609869044199), ('Steffi Graf', 0.007520191983552512)]"
1987-01-01,1130,3882,0.003042868228599199,22,372,361,3756,3165,0.022146041864971506,0.0008849557522123894,Miloslav Mecir,0.022146041864971506,1.0277659911504222,"[('Miloslav Mecir', 0.022146041864971506), ('Stefan Edberg', 0.021547747304016648), ('Steffi Graf', 0.01410488814024092), ('Hana Mandlikova', 0.012717462041855997), ('John McEnroe', 0.012380869212160606), ('Chris Evert', 0.011828674221760819), ('Boris Becker', 0.011676053693480178), ('Zina Garrison', 0.010264078023154802), ('Mats Wilander', 0.009164482475066005), ('Ivan Lendl', 0.008174566654594059)]"
1987-05-01,1316,4710,0.002721693806557491,24,503,317,4550,3722,0.04084696097828678,0.0007598784194528875,Martina Navratilova,0.04084696097828678,1.259271291019887,"[('Martina Navratilova', 0.04084696097828678), ('Steffi Graf', 0.03243698261810187), ('Chris Evert', 0.015928038510845968), ('Joakim Nystrom', 0.014342035268129993), ('Helena Sukova', 0.014157822215215195), ('Pam Shriver', 0.013918549646159064), ('Gabriela Sabatini', 0.013162579155004541), ('Ivan Lendl', 0.012656668788545456), ('Mats Wilander', 0.011260865052436153), ('Pat Cash', 0.010539252767183595)]"
1987-09-01,1067,3031,0.0026647981136288905,27,332,581,2918,4597,0.059661022227778825,0.0009372071227741331,Gabriela Sabatini,0.059661022227778825,1.0722070264974914,"[('Gabriela Sabatini', 0.059661022227778825), ('Martina Navratilova', 0.055643192735520104), ('Steffi Graf', 0.023527946288151705), ('Chris Evert', 0.02118992798876208), ('Stefan Edberg', 0.01767203028264147), ('Ivan Lendl', 0.016135687624835433), ('Mats Wilander', 0.015341648660414127), ('Peter Lundgren', 0.01148674614903608), ('Brad Gilbert', 0.011093980849619503), ('Pam Shriver', 0.010955998546855899)]"
1988-01-01,1204,3953,0.002729195836543746,29,482,345,3867,2945,0.03606587888726677,0.0008305647840531562,Gabriela Sabatini,0.03606587888726677,1.1696898652873486,"[('Gabriela Sabatini', 0.03606587888726677), ('Chris Evert', 0.03083371067629687), ('Martina Navratilova', 0.027824545056648897), ('Steffi Graf', 0.025653995775225567), ('Pam Shriver', 0.013561895136988772), ('Henri Leconte', 0.01196385601035303), ('Yannick Noah', 0.010614185558826173), ('Stefan Edberg', 0.009370808688140598), ('Larisa Savchenko', 0.009360452265814945), ('Mats Wilander', 0.008992295087157398)]"
1988-05-01,1525,6003,0.0025829353298050858,27,627,306,5842,3792,0.01440498678395803,0.0006557377049180327,Steffi Graf,0.01440498678395803,1.1525472184915448,"[('Steffi Graf', 0.01440498678395803), ('Mats Wilander', 0.012498391868761172), ('Andre Agassi', 0.009674305041746774), ('Gabriela Sabatini', 0.009371591179825183), ('Guillermo Perez Roldan', 0.00919465513809791), ('Thomas Muster', 0.009027634242597624), ('Stefan Edberg', 0.00900713402327925), ('Ronald Agenor', 0.008781751944043532), ('Ivan Lendl', 0.008615263939763924), ('Boris Becker', 0.0075493063319685165)]"
1988-09-01,1584,4336,0.0017292316723775977,21,564,505,4209,5876,0.021438937036445848,0.0006313131313131314,Helena Sukova,0.021438937036445848,1.0827052304270586,"[('Helena Sukova', 0.021438937036445848), ('Stefan Edberg', 0.0198012685576383), ('Martina Navratilova', 0.01825333349061011), ('Jakob Hlasek', 0.01801620448509775), ('Pam Shriver', 0.015494233983542577), ('Boris Becker', 0.012692702848267444), ('Gabriela Sabatini', 0.011747870300105049), ('Manuela Maleeva Fragniere', 0.010609611829873366), ('Steffi Graf', 0.009674076337901445), ('Henri Leconte', 0.00931416178461804)]"
1989-01-01,1383,4333,0.0022670362568840362,42,385,586,4242,4245,0.03171234226088104,0.0007230657989877079,Gabriela Sabatini,0.03171234226088104,1.5092386828625666,"[('Gabriela Sabatini', 0.03171234226088104), ('Steffi Graf', 0.021012145143757103), ('Ivan Lendl', 0.017075360601827922), ('Stefan Edberg', 0.01653384645202445), ('John McEnroe', 0.016129314180131183), ('Martina Navratilova', 0.010475892549059874), ('Helena Sukova', 0.01038245722709248), ('Boris Becker', 0.009964198004494577), ('Mary Joe Fernandez', 0.00978659622232619), ('Conchita Martinez', 0.00873800445945195)]"
1989-05-01,1730,6640,0.0022198671422888035,27,666,319,6476,4169,0.02974621137767855,0.0005780346820809249,Arantxa Sanchez Vicario,0.02974621137767855,1.1040463302602779,"[('Arantxa Sanchez Vicario', 0.02974621137767855), ('Steffi Graf', 0.026942901364171833), ('Gabriela Sabatini', 0.013282259443085375), ('Martina Navratilova', 0.012349180192276243), ('Boris Becker', 0.011946538029319716), ('Ivan Lendl', 0.009008827178318581), ('Stefan Edberg', 0.008943597758845866), ('Brad Gilbert', 0.008647681135838352), ('Michael Chang', 0.007070477622714122), ('Jana Novotna', 0.006874310999096684)]"
1989-09-01,1410,3856,0.0019409168013127362,9,366,686,3734,6518,0.018083065503975898,0.0007092198581560285,Stefan Edberg,0.018083065503975898,1.2201872737149955,"[('Stefan Edberg', 0.018083065503975898), ('Steffi Graf', 0.014819909938021235), ('Boris Becker', 0.01200915691645705), ('Martina Navratilova', 0.011258976931168865), ('Ivan Lendl', 0.010300587968801673), ('Zina Garrison', 0.008986439455710437), ('Andres Gomez', 0.008920292236811542), ('Gabriela Sabatini', 0.008183536591544457), ('Jim Courier', 0.007899698573802494), ('Larisa Savchenko', 0.007652657693548407)]"
1990-01-01,1329,4842,0.0027434795615872065,30,386,467,4713,3727,0.01440701703210924,0.0007524454477050412,Martina Navratilova,0.01440701703210924,1.1411235973034102,"[('Martina Navratilova', 0.01440701703210924), ('Katerina Maleeva', 0.012625290604939264), ('Arantxa Sanchez Vicario', 0.012107634266674293), ('Steffi Graf', 0.011321019893306482), ('Stefan Edberg', 0.008346512057638743), ('Thomas Muster', 0.007462770567647183), ('Monica Seles', 0.0074212413837174435), ('Emilio Sanchez', 0.0072194973731031535), ('Natalia Zvereva', 0.006992467200185874), ('Ivan Lendl', 0.006828772186114759)]"
1990-05-01,1575,6003,0.0024214921038300963,37,582,336,5827,4666,0.02328780700862848,0.0006349206349206349,Monica Seles,0.02328780700862848,1.2954982872573158,"[('Monica Seles', 0.02328780700862848), ('Zina Garrison', 0.017975945809956123), ('Steffi Graf', 0.016982195239451457), ('Martina Navratilova', 0.013839667961808674), ('Gabriela Sabatini', 0.010744423315749083), ('Linda Ferrando', 0.010668586742977895), ('Jana Novotna', 0.008407916418658996), ('Manuela Maleeva Fragniere', 0.007799102581614113), ('Natalia Zvereva', 0.006307493779970181), ('Stefan Edberg', 0.0061591293073985824)]"
1990-09-01,1513,4452,0.0019460967907762355,27,486,548,4320,5871,0.03777984540772918,0.0006609385327164573,Gabriela Sabatini,0.03777984540772918,1.3323326535674016,"[('Gabriela Sabatini', 0.03777984540772918), ('Steffi Graf', 0.02835616563669092), ('Monica Seles', 0.017193845128345545), ('Amy Frazier', 0.01671698842297819), ('Mary Joe Fernandez', 0.011995897360696164), ('Stefan Edberg', 0.011734432189506221), ('Barbara Paulus', 0.010958707199325969), ('Boris Becker', 0.010278499364018746), ('Marianne Werdel Witmeyer', 0.008859880236521293), ('Conchita Martinez', 0.008364482740745962)]"
1991-01-01,1962,7427,0.0019303534103603344,27,857,408,7298,4323,0.024224385368926456,0.0005096839959225281,Gabriela Sabatini,0.024224385368926456,1.1547328042581326,"[('Gabriela Sabatini', 0.024224385368926456), ('Monica Seles', 0.020978346921121382), ('Steffi Graf', 0.01769546269726581), ('Arantxa Sanchez Vicario', 0.015540742437795211), ('Jana Novotna', 0.011440272369670159), ('Martina Navratilova', 0.009050213121156846), ('Stefan Edberg', 0.007354049747595065), ('Ivan Lendl', 0.006589397487101944), ('Guy Forget', 0.00540635835900113), ('Sergi Bruguera', 0.00530708287490679)]"
1991-05-01,2619,10612,0.0015477189522065205,30,1102,445,10359,7174,0.0185557391993081,0.00038182512409316535,Jennifer Capriati,0.0185557391993081,1.2166991731801842,"[('Jennifer Capriati', 0.0185557391993081), ('Gabriela Sabatini', 0.015250885024280469), ('Monica Seles', 0.014835649275918272), ('Arantxa Sanchez Vicario', 0.010902860624248065), ('Martina Navratilova', 0.009202621588250899), ('Conchita Martinez', 0.008123105124817847), ('Steffi Graf', 0.007845373525553857), ('Karel Novacek', 0.0057934987870264494), ('Michael Stich', 0.005770058744734624), ('Jim Courier', 0.005205890523967582)]"
1991-09-01,2203,7277,0.0015001012161188834,15,666,1082,7076,10411,0.025994338380981186,0.00045392646391284613,Martina Navratilova,0.025994338380981186,1.2348974605095024,"[('Martina Navratilova', 0.025994338380981186), ('Monica Seles', 0.0210497949929027), ('Jana Novotna', 0.01777441251057954), ('Anke Huber', 0.009380464366013723), ('Steffi Graf', 0.009024478987160599), ('Pete Sampras', 0.0061461706898863645), ('Stefan Edberg', 0.005835081890746957), ('Michael Chang', 0.005355236719863351), ('Boris Becker', 0.005310063913809765), ('Paula Cabezas', 0.00489386430682269)]"
1992-01-01,1940,7502,0.0019943322894679476,25,563,826,7337,7112,0.02158800681092228,0.0005154639175257731,Gabriela Sabatini,0.02158800681092228,1.1283373348420644,"[('Gabriela Sabatini', 0.02158800681092228), ('Arantxa Sanchez Vicario', 0.019132582202417325), ('Monica Seles', 0.012705767297402821), ('Jennifer Capriati', 0.012028692854674108), ('Steffi Graf', 0.011618348660861382), ('Mary Joe Fernandez', 0.007867144093902509), ('Conchita Martinez', 0.006888137906358513), ('Jim Courier', 0.006574841446374321), ('Amanda Coetzer', 0.006265791497835806), ('Michael Chang', 0.005750385853893512)]"
1992-05-01,2426,10368,0.0017623511613873756,17,943,457,10104,7238,0.018639865976005962,0.00041220115416323156,Monica Seles,0.018639865976005962,1.0665497444480527,"[('Monica Seles', 0.018639865976005962), ('Steffi Graf', 0.017476790063507285), ('Arantxa Sanchez Vicario', 0.01425053040904945), ('Jennifer Capriati', 0.010053748050622894), ('Gabriela Sabatini', 0.009464498981219375), ('Martina Navratilova', 0.005877873970166317), ('Pete Sampras', 0.005848749198632008), ('Mary Joe Fernandez', 0.005828118598504548), ('Petr Korda', 0.005172948381166136), ('Jim Courier', 0.004892614681534198)]"
1992-09-01,2129,6590,0.0014545817338084525,16,630,927,6410,10188,0.010048597054883122,0.0004697040864255518,Steffi Graf,0.010048597054883122,1.0330197189246282,"[('Steffi Graf', 0.010048597054883122), ('Lori Mcneil', 0.009727401007740388), ('Goran Ivanisevic', 0.009205143329216925), ('Boris Becker', 0.008956952554035846), ('Monica Seles', 0.008828774105292325), ('Martina Navratilova', 0.007058645524803416), ('Pete Sampras', 0.005943613538844007), ('Petr Korda', 0.005025241498518233), ('Ivan Lendl', 0.0049702851551589955), ('Guy Forget', 0.004807903574492066)]"
1993-01-01,2093,8410,0.0019207245493719847,21,630,666,8244,6424,0.021483278720371105,0.0004777830864787385,Monica Seles,0.021483278720371105,1.0998860895452338,"[('Monica Seles', 0.021483278720371105), ('Steffi Graf', 0.019532276046198314), ('Arantxa Sanchez Vicario', 0.018738618278307258), ('Martina Navratilova', 0.015605935402340648), ('Magdalena Maleeva', 0.010623317775185234), ('Pete Sampras', 0.006628662547499131), ('Anke Huber', 0.0056434706270439864), ('Jim Courier', 0.005575193647562535), ('Stefan Edberg', 0.005074041487113759), ('Conchita Martinez', 0.004589382842115363)]"
1993-05-01,2520,10701,0.0016857596551919697,29,918,491,10406,8115,0.012112087839161293,0.00039682539682539677,Steffi Graf,0.012112087839161293,1.0946468024728782,"[('Steffi Graf', 0.012112087839161293), ('Nicole Bradtke', 0.011064836449345397), ('Arantxa Sanchez Vicario', 0.007117240054633891), ('Conchita Martinez', 0.0065543799318429335), ('Gabriela Sabatini', 0.006312410094251345), ('Anke Huber', 0.005383021365417096), ('Helena Sukova', 0.004583950465187104), ('Pete Sampras', 0.004520361753023556), ('Jim Courier', 0.004367912101855769), ('Sergi Bruguera', 0.004330711404778072)]"
1993-09-01,2460,8085,0.00133655362580466,9,800,860,7892,10508,0.01615496239472797,0.0004065040650406504,Conchita Martinez,0.01615496239472797,1.4671478766686807,"[('Conchita Martinez', 0.01615496239472797), ('Steffi Graf', 0.011011134359141476), ('Michael Stich', 0.008433995409906265), ('Jana Novotna', 0.007997327014383054), ('Zina Garrison', 0.006964108752996167), ('Natalia Medvedeva', 0.0069091851996919175), ('Goran Ivanisevic', 0.006897877926519317), ('Anke Huber', 0.00613958443481568), ('Amanda Coetzer', 0.005985029234943394), ('Sabine Appelmans', 0.005638569721266676)]"
1994-01-01,2201,8730,0.0018028995084878774,30,612,871,8514,7869,0.026258768380103135,0.0004543389368468877,Arantxa Sanchez Vicario,0.026258768380103135,1.2075157080514218,"[('Arantxa Sanchez Vicario', 0.026258768380103135), ('Steffi Graf', 0.02174610914377017), ('Mary Pierce', 0.008017326892138672), ('Brenda Schultz Mccarthy', 0.008002696170612665), ('Pete Sampras', 0.0075672688518189325), ('Conchita Martinez', 0.006608043928401225), ('Natalia Zvereva', 0.005622636450506463), ('Sabine Hack', 0.00549382409345968), ('Kimiko Date Krumm', 0.005418081143318054), ('Iva Majoli', 0.005089976558009047)]"
1994-05-01,2617,11354,0.0016584692652954862,26,932,516,11066,8442,0.011799151187165438,0.0003821169277799006,Arantxa Sanchez Vicario,0.011799151187165438,1.3155226483939075,"[('Arantxa Sanchez Vicario', 0.011799151187165438), ('Conchita Martinez', 0.008969173736059018), ('Steffi Graf', 0.008203350586987653), ('Mary Pierce', 0.004600947866966389), ('Michael Stich', 0.004363435068893314), ('Yevgeny Kafelnikov', 0.0042574010974958726), ('Pete Sampras', 0.004173026581142206), ('Lori Mcneil', 0.004089619556615975), ('Zina Garrison', 0.0037980916321726055), ('Alberto Berasategui', 0.0034591921101808734)]"
1994-09-01,2328,7408,0.0013674819871905628,10,647,936,7188,11134,0.011308709553461955,0.000429553264604811,Lindsay Davenport,0.011308709553461955,1.0182538983338734,"[('Lindsay Davenport', 0.011308709553461955), ('Pete Sampras', 0.011105982085574067), ('Jana Novotna', 0.008532032817019756), ('Magnus Larsson', 0.007418957021076331), ('Boris Becker', 0.0072541022715057425), ('Goran Ivanisevic', 0.007167022262576024), ('Mary Pierce', 0.0069855605755787375), ('Anke Huber', 0.00688637540589529), ('Arantxa Sanchez Vicario', 0.006056041340611652), ('Andre Agassi', 0.005779903283396249)]"
1995-01-01,2116,8062,0.0018014273775847198,19,587,799,7885,7231,0.008229840726152063,0.00047258979206049145,Andre Agassi,0.008229840726152063,1.033917608267194,"[('Andre Agassi', 0.008229840726152063), ('Steffi Graf', 0.007959861269743688), ('Pete Sampras', 0.007620537819875347), ('Conchita Martinez', 0.0076192302166483315), ('Jim Courier', 0.0073445843502185065), ('Thomas Enqvist', 0.005635316010731264), ('Kimiko Date Krumm', 0.005546562850684601), ('Michael Chang', 0.005432501060006109), ('Magdalena Maleeva', 0.0053053260464612), ('Naoko Sawamatsu', 0.005059943272150259)]"
1995-05-01,2892,12061,0.001442570135867836,21,1228,452,11796,7797,0.015171792517159286,0.0003457814661134164,Steffi Graf,0.015171792517159286,1.068045697008138,"[('Steffi Graf', 0.015171792517159286), ('Amanda Coetzer', 0.014205190433011673), ('Arantxa Sanchez Vicario', 0.00865475900740803), ('Conchita Martinez', 0.007187019724529348), ('Thomas Muster', 0.005612404738874876), ('Monica Seles', 0.005607937421204962), ('Andre Agassi', 0.005447626209187593), ('Pete Sampras', 0.00455406848493402), ('Chanda Rubin', 0.004167084134654275), ('Gabriela Sabatini', 0.004133529107566131)]"
1995-09-01,2569,8395,0.0012725110925981842,13,745,1068,8202,11868,0.009322763792929019,0.00038925652004671076,Mariaan De Swardt,0.009322763792929019,1.1353190972881706,"[('Mariaan De Swardt', 0.009322763792929019), ('Magdalena Maleeva', 0.008211580176179034), ('Anke Huber', 0.008195916574908903), ('Conchita Martinez', 0.007423989757449155), ('Brenda Schultz Mccarthy', 0.007142465891937903), ('Steffi Graf', 0.006974835531046696), ('Mary Joe Fernandez', 0.006448299552398802), ('Mary Pierce', 0.006362306557234139), ('Iva Majoli', 0.006020451324066961), ('Gabriela Sabatini', 0.004911515646764106)]"
1996-01-01,2115,8263,0.0018480869403794584,10,534,988,8088,8220,0.009409490583447668,0.0004728132387706855,Iva Majoli,0.009409490583447668,1.046112276256212,"[('Iva Majoli', 0.009409490583447668), ('Kimiko Date Krumm', 0.008994723412597742), ('Goran Ivanisevic', 0.007725548960498465), ('Steffi Graf', 0.006949221217281022), ('Julie Halard Decugis', 0.006785658668891047), ('Arantxa Sanchez Vicario', 0.0060853197311178855), ('Monica Seles', 0.005600302880744134), ('Conchita Martinez', 0.005502489667272717), ('Pete Sampras', 0.005458908757269055), ('Michael Chang', 0.005297746949448542)]"
1996-05-01,2857,12009,0.0014717647647088236,14,1188,446,11714,7968,0.008847463169992107,0.0003500175008750437,Steffi Graf,0.008847463169992107,1.1081856178520026,"[('Steffi Graf', 0.008847463169992107), ('Lindsay Davenport', 0.007983737586435342), ('Martina Hingis', 0.006440316085340165), ('Arantxa Sanchez Vicario', 0.005866744615497694), ('Jana Novotna', 0.0054669492399492415), ('Conchita Martinez', 0.00507396354776701), ('Monica Seles', 0.004763305021505979), ('Yevgeny Kafelnikov', 0.004598482222629574), ('Karina Habsudova', 0.003931907974075206), ('Stefan Edberg', 0.003624216325023936)]"
1996-09-01,2452,8621,0.0014344779205877282,11,648,1053,8342,11730,0.015387925289383006,0.0004078303425774878,Jana Novotna,0.015387925289383006,1.2323978662737316,"[('Jana Novotna', 0.015387925289383006), ('Steffi Graf', 0.012486166773324441), ('Martina Hingis', 0.010109264312596556), ('Anke Huber', 0.009457412216854194), ('Lindsay Davenport', 0.008177398686326564), ('Boris Becker', 0.007636493837986421), ('Yevgeny Kafelnikov', 0.006194613781179434), ('Thomas Enqvist', 0.00606949603073854), ('Pete Sampras', 0.004762273311213285), ('Iva Majoli', 0.0042285801444166505)]"
1997-01-01,1999,8340,0.002088131152663419,23,459,912,8107,8388,0.008998837540365527,0.0005002501250625312,Martina Hingis,0.008998837540365527,1.8172496402745921,"[('Martina Hingis', 0.008998837540365527), ('Lindsay Davenport', 0.00495189947541042), ('Thomas Muster', 0.0047081679230895285), ('Goran Ivanisevic', 0.0046954680564603255), ('Michael Chang', 0.004640465587866887), ('Mary Joe Fernandez', 0.004594336324252935), ('Albert Portas', 0.004524656490881097), ('Carlos Moya', 0.004517208973745867), ('Iva Majoli', 0.004377267455696334), ('Pete Sampras', 0.004349975027946043)]"
1997-05-01,3105,13391,0.001389407673024885,26,1456,350,13037,7986,0.007516085571739542,0.0003220611916264089,Martina Hingis,0.007516085571739542,1.184856942431864,"[('Martina Hingis', 0.007516085571739542), ('Lindsay Davenport', 0.006343454051349966), ('Monica Seles', 0.0057896495050334), ('Patrick Rafter', 0.005613082435422005), ('Iva Majoli', 0.0055896144551650165), ('Mary Pierce', 0.004839705448618141), ('Sandrine Testud', 0.004793277617205905), ('Amanda Coetzer', 0.004658099641064368), ('Felix Mantilla', 0.004533058716763604), ('Jana Novotna', 0.004456285686444509)]"
1997-09-01,2541,9125,0.0014138212062335183,9,690,1254,8839,13105,0.007738231649328559,0.00039354584809130256,Lindsay Davenport,0.007738231649328559,1.2623182445104708,"[('Lindsay Davenport', 0.007738231649328559), ('Martina Hingis', 0.006130174924572573), ('Pete Sampras', 0.005976268328820727), ('Lisa Raymond', 0.005794659632696568), ('Jana Novotna', 0.005560810355012048), ('Dominique Monami', 0.005534264743886102), ('Nathalie Tauziat', 0.0052594830565172775), ('Arantxa Sanchez Vicario', 0.005234212199586034), ('Richard Krajicek', 0.004592609574046649), ('Amanda Coetzer', 0.004591160686435203)]"
1998-01-01,2130,8613,0.001899324552292619,34,553,964,8372,8884,0.012768224404982072,0.0004694835680751173,Venus Williams,0.012768224404982072,1.041522500668309,"[('Venus Williams', 0.012768224404982072), ('Martina Hingis', 0.012259192093103262), ('Lindsay Davenport', 0.011149498775832642), ('Arantxa Sanchez Vicario', 0.0064658940453742), ('Anna Kournikova', 0.005694833369407787), ('Marcelo Rios', 0.005678494608752083), ('Patty Schnyder', 0.005231235472642488), ('Jana Novotna', 0.004997023781833781), ('Andre Agassi', 0.004987096902199065), ('Petr Korda', 0.00445748520802101)]"
1998-05-01,3172,13742,0.0013662196378513825,50,1446,404,13360,8231,0.008352345249724126,0.00031525851197982345,Lindsay Davenport,0.008352345249724126,1.047522282183254,"[('Lindsay Davenport', 0.008352345249724126), ('Martina Hingis', 0.00797342967475222), ('Arantxa Sanchez Vicario', 0.0074815648293792255), ('Monica Seles', 0.006677921231204742), ('Jana Novotna', 0.006662552557485771), ('Steffi Graf', 0.00470257269448453), ('Venus Williams', 0.004316151357417083), ('Patrick Rafter', 0.004084995162790056), ('Anna Kournikova', 0.003991752600105601), ('Amelie Mauresmo', 0.0036411826984243485)]"
1998-09-01,2642,9169,0.001314076831287669,10,703,1233,8871,13444,0.01312160215190194,0.0003785011355034065,Lindsay Davenport,0.01312160215190194,1.6571119270113968,"[('Lindsay Davenport', 0.01312160215190194), ('Steffi Graf', 0.00791835598912547), ('Nathalie Tauziat', 0.005310506095539023), ('Greg Rusedski', 0.005265932882510245), ('Paola Suarez', 0.005065320937768782), ('Martina Hingis', 0.005028888008214698), ('Sandrine Testud', 0.00477457890800578), ('Yevgeny Kafelnikov', 0.0045062699860706655), ('Janette Husarova', 0.0044565960118152104), ('Pete Sampras', 0.004414916156121852)]"
1999-01-01,2221,8809,0.0017865907330112643,45,592,1013,8541,8901,0.009758013672941152,0.00045024763619990995,Venus Williams,0.009758013672941152,1.0122972240821062,"[('Venus Williams', 0.009758013672941152), ('Martina Hingis', 0.009639474890182739), ('Steffi Graf', 0.00936963296600833), ('Serena Williams', 0.008792688974145677), ('Lindsay Davenport', 0.007162154391735334), ('Amelie Mauresmo', 0.005570821211052094), ('Amanda Coetzer', 0.00518221284454419), ('Jana Novotna', 0.005126942250729492), ('Chanda Rubin', 0.004754648408481116), ('Anna Kournikova', 0.004509399482371684)]"
1999-05-01,3091,13452,0.0014084108891143407,64,1378,508,13080,8437,0.009273622001373313,0.0003235198964736332,Martina Hingis,0.009273622001373313,1.268478785881674,"[('Martina Hingis', 0.009273622001373313), ('Venus Williams', 0.007310821516756823), ('Lindsay Davenport', 0.007003228969830783), ('Serena Williams', 0.006958751521306346), ('Steffi Graf', 0.005501791336390061), ('Patrick Rafter', 0.004836747606458832), ('Pete Sampras', 0.004679411983338662), ('Julie Halard Decugis', 0.004663885120270927), ('Andre Agassi', 0.0045536875839049746), ('Arantxa Sanchez Vicario', 0.004369133344244643)]"
1999-09-01,2566,8717,0.00132441174817185,11,630,1155,8410,13145,0.01100291915889372,0.00038971161340607945,Lindsay Davenport,0.01100291915889372,1.228790577611339,"[('Lindsay Davenport', 0.01100291915889372), ('Martina Hingis', 0.00895426719521436), ('Sandrine Testud', 0.008028271179484145), ('Venus Williams', 0.006820832721533198), ('Nathalie Tauziat', 0.0062347671852616545), ('Serena Williams', 0.006158794667326003), ('Anke Huber', 0.006138281402111243), ('Thomas Enqvist', 0.00555734122213973), ('Kveta Peschke', 0.004264153332473496), ('Mary Pierce', 0.003944158588801484)]"
2000-01-01,2215,8643,0.001762435231575792,23,580,931,8380,8454,0.01410827469444229,0.0004514672686230248,Martina Hingis,0.01410827469444229,1.0151588297659313,"[('Martina Hingis', 0.01410827469444229), ('Lindsay Davenport', 0.01389760329198465), ('Amelie Mauresmo', 0.011079138292936537), ('Lleyton Hewitt', 0.0053920705881115505), ('Serena Williams', 0.005384851778696659), ('Patty Schnyder', 0.004897356569266396), ('Magnus Norman', 0.004562102495101782), ('German Puentes', 0.004538367827248979), ('Jing Qian Yi', 0.004428799926972205), ('Alex Corretja', 0.0044137193339281134)]"
2000-05-01,3319,14658,0.0013310399273839535,46,1537,433,14292,8277,0.008782948648869627,0.00030129557095510696,Venus Williams,0.008782948648869627,1.5897106987190643,"[('Venus Williams', 0.008782948648869627), ('Lindsay Davenport', 0.0055248723279944165), ('Arantxa Sanchez Vicario', 0.005219835601689464), ('Martina Hingis', 0.005105721119038289), ('Jelena Dokic', 0.004961976249064186), ('Gustavo Kuerten', 0.00449748626327126), ('Serena Williams', 0.004473225749539674), ('Marat Safin', 0.004189488439317632), ('Monica Seles', 0.004056888966875827), ('Magnus Norman', 0.003910071008954192)]"
2000-09-01,2815,9249,0.0011675951629823479,12,704,1208,8906,14315,0.013597279233437131,0.00035523978685612787,Lindsay Davenport,0.013597279233437131,1.3964413971849157,"[('Lindsay Davenport', 0.013597279233437131), ('Martina Hingis', 0.009737092627623234), ('Elena Dementieva', 0.005707381145772961), ('Rossana De Los Rios', 0.005145128124578878), ('Yevgeny Kafelnikov', 0.00453160700325667), ('Marat Safin', 0.004497170563375599), ('Gustavo Kuerten', 0.0036037517246277407), ('Mark Philippoussis', 0.003579621805752806), ('Antony Dupuis', 0.0035671182942164903), ('Diego Hipperdinger', 0.0032719409699391647)]"
2001-01-01,2340,9353,0.0017088535899993788,26,576,1051,9080,8976,0.014276918590797513,0.00042735042735042735,Martina Hingis,0.014276918590797513,1.2470780026304262,"[('Martina Hingis', 0.014276918590797513), ('Jennifer Capriati', 0.011448296386179224), ('Lindsay Davenport', 0.009788479659973443), ('Venus Williams', 0.008882805757954165), ('Serena Williams', 0.00706715979496877), ('Amelie Mauresmo', 0.005337311614132053), ('Magdalena Maleeva', 0.0050020605663245905), ('Andre Agassi', 0.004157839550525883), ('Elena Dementieva', 0.00409804911141518), ('Jan Michael Gambill', 0.004081312732043898)]"
2001-05-01,3338,14463,0.0012984219455662882,43,1466,468,14086,8976,0.009521163524597632,0.0002995805871779509,Venus Williams,0.009521163524597632,1.380273130109245,"[('Venus Williams', 0.009521163524597632), ('Jennifer Capriati', 0.0068980285980384595), ('Justine Henin', 0.006274734654753641), ('Gustavo Kuerten', 0.005872432275302684), ('Lleyton Hewitt', 0.005048951771376936), ('Serena Williams', 0.005040859837704671), ('Patrick Rafter', 0.004732476212463338), ('Lindsay Davenport', 0.004620867772384662), ('Monica Seles', 0.004424394048592884), ('Kim Clijsters', 0.004187103285597684)]"
2001-09-01,2881,9522,0.0011476049982644915,22,748,1205,9175,14116,0.006167787134829728,0.0003471017007983339,Tommy Haas,0.006167787134829728,1.0207908265001875,"[('Tommy Haas', 0.006167787134829728), ('Yevgeny Kafelnikov', 0.0060421655198217), ('Serena Williams', 0.0053444670452436425), ('Lindsay Davenport', 0.005268902240528977), ('Sebastien Grosjean', 0.004961553700576597), ('Marcelo Rios', 0.00470779494214764), ('Marat Safin', 0.004359086413961986), ('Agustin Calleri', 0.003992805397117094), ('Lleyton Hewitt', 0.003956556592802605), ('Ivan Ljubicic', 0.0036643567076132277)]"
2002-01-01,2351,9676,0.0017513597654234957,17,553,1083,9427,9273,0.006345804281956665,0.0004253509145044662,Serena Williams,0.006345804281956665,1.0062775587082189,"[('Serena Williams', 0.006345804281956665), ('Martina Hingis', 0.006306216636792453), ('Monica Seles', 0.006095288383080635), ('Venus Williams', 0.005728957375057198), ('Patty Schnyder', 0.005338054733089122), ('Jennifer Capriati', 0.004881707586408166), ('Meghann Shaughnessy', 0.004527080539045903), ('Roger Federer', 0.004454127410047822), ('Lleyton Hewitt', 0.004240594558497587), ('Kim Clijsters', 0.0038601651610233796)]"
2002-05-01,3359,14660,0.0012997004660303868,12,1488,480,14292,9308,0.012534195929222029,0.0002977076510866329,Serena Williams,0.012534195929222029,1.5372388069615888,"[('Serena Williams', 0.012534195929222029), ('Chanda Rubin', 0.008153707720920958), ('Justine Henin', 0.008027269392452728), ('Venus Williams', 0.007442118300396355), ('Lleyton Hewitt', 0.004026323507064359), ('Daniela Hantuchova', 0.0038016588951303217), ('Andre Agassi', 0.0037711466393266294), ('Jennifer Capriati', 0.003627309655286427), ('Amelie Mauresmo', 0.0035777720464868087), ('Lindsay Davenport', 0.003325792662864001)]"
2002-09-01,2646,8700,0.001243093330589955,31,556,1269,8384,14344,0.01293826184130038,0.0003779289493575208,Kim Clijsters,0.01293826184130038,1.812231209996873,"[('Kim Clijsters', 0.01293826184130038), ('Serena Williams', 0.007139410120479442), ('Anastasia Myskina', 0.0062429141538141), ('Lindsay Davenport', 0.005841146090815174), ('Marat Safin', 0.0056197330395465536), ('Paradorn Srichaphan', 0.0055886175562010225), ('Marie Gaiane Mikaelian', 0.004472223521998359), ('Magdalena Maleeva', 0.004323072292169485), ('Roger Federer', 0.004266382505791365), ('Carlos Moya', 0.004059449761611221)]"
2003-01-01,2540,9884,0.001532626460290337,38,732,838,9621,8437,0.013518945786614838,0.00039370078740157474,Justine Henin,0.013518945786614838,1.3188822093111594,"[('Justine Henin', 0.013518945786614838), ('Kim Clijsters', 0.010250305668825168), ('Serena Williams', 0.010057597692282193), ('Venus Williams', 0.00605926402063174), ('Chanda Rubin', 0.005981684368590152), ('Elena Dementieva', 0.005016691392002455), ('Lindsay Davenport', 0.004366133503197676), ('Amelie Mauresmo', 0.004238474895003534), ('Andre Agassi', 0.00407805071740628), ('Thomas Enqvist', 0.00400006472099587)]"
2003-05-01,3400,14598,0.0012631742900160946,9,1399,539,14232,9518,0.015134412916705819,0.0002941176470588235,Justine Henin,0.015134412916705819,1.2194272902863477,"[('Justine Henin', 0.015134412916705819), ('Kim Clijsters', 0.012411082675664847), ('Serena Williams', 0.009488286965963892), ('Andy Roddick', 0.00632986636343564), ('Amelie Mauresmo', 0.006321376636782137), ('Roger Federer', 0.0045998803771177595), ('Guillermo Coria', 0.004223992197097674), ('David Nalbandian', 0.0035217466743588262), ('Juan Carlos Ferrero', 0.0033442250656573747), ('Martin Verkerk', 0.0033130533445658765)]"
2003-09-01,2947,9714,0.001118884405211693,17,805,1258,9385,14269,0.00937078070154361,0.00033932813030200206,Anastasia Myskina,0.00937078070154361,1.0484279070121976,"[('Anastasia Myskina', 0.00937078070154361), ('Kim Clijsters', 0.008937935206483004), ('Amelie Mauresmo', 0.007140220537485773), ('Jelena Dokic', 0.005623362431334451), ('Justine Henin', 0.005507188922385696), ('Rainer Schuettler', 0.005397320178796064), ('Roger Federer', 0.004832089313423788), ('Ai Sugiyama', 0.004065711090556591), ('Elena Dementieva', 0.003982302547293387), ('Nicolas Massu', 0.0036585975258915126)]"
2004-01-01,2502,9947,0.0015896119569758027,41,630,1075,9671,9438,0.01381877130197213,0.00039968025579536365,Justine Henin,0.01381877130197213,1.4460041905371093,"[('Justine Henin', 0.01381877130197213), ('Svetlana Kuznetsova', 0.009556522306369827), ('Amelie Mauresmo', 0.008136130365747986), ('Roger Federer', 0.0058449381421211265), ('Lindsay Davenport', 0.00557661969345451), ('Tim Henman', 0.004785643237648022), ('Andy Roddick', 0.004619447200748232), ('Rafael Nadal', 0.003939630116059301), ('Guillermo Coria', 0.0038740036949472573), ('Venus Williams', 0.003690612009034631)]"
2004-05-01,3568,15829,0.0012437283217737079,35,1562,496,15419,9537,0.006262383933625392,0.0002802690582959641,Roger Federer,0.006262383933625392,1.064430149377426,"[('Roger Federer', 0.006262383933625392), ('Amelie Mauresmo', 0.0058833207019626365), ('Elena Dementieva', 0.005547478170944373), ('Lindsay Davenport', 0.00525593761868428), ('Jennifer Capriati', 0.004732578857611953), ('Svetlana Kuznetsova', 0.004715271065624775), ('Maria Sharapova', 0.004173734199398984), ('Serena Williams', 0.0040780621954647454), ('Anastasia Myskina', 0.004075553921527038), ('Lleyton Hewitt', 0.004015954466889342)]"
2004-09-01,3241,10716,0.0010204897893882775,20,885,1212,10325,15438,0.011199897348822083,0.000308546744831842,Anastasia Myskina,0.011199897348822083,1.0645897101080277,"[('Anastasia Myskina', 0.011199897348822083), ('Lindsay Davenport', 0.010520388505056646), ('Maria Sharapova', 0.009648696249484463), ('Amelie Mauresmo', 0.007824315981088896), ('Serena Williams', 0.007394425025984982), ('Svetlana Kuznetsova', 0.005726870608108691), ('Marat Safin', 0.0048807447145031504), ('Alicia Molik', 0.00464805601010167), ('Na Li', 0.004312209058806456), ('Nadia Petrova', 0.004224597396858092)]"
2005-01-01,2823,11129,0.0013969737799733033,47,727,1145,10832,10419,0.010131236172985239,0.00035423308537017357,Maria Sharapova,0.010131236172985239,1.198598205342948,"[('Maria Sharapova', 0.010131236172985239), ('Lindsay Davenport', 0.008452570784624566), ('Kim Clijsters', 0.007964715570471024), ('Roger Federer', 0.007957037756448205), ('Serena Williams', 0.006739276857517306), ('Rafael Nadal', 0.006624550162200909), ('Venus Williams', 0.005949301223885332), ('Marat Safin', 0.005917644858654867), ('Svetlana Kuznetsova', 0.004985704474746861), ('Justine Henin', 0.004963124172668076)]"
2005-05-01,3861,16823,0.0011287982790573463,52,1616,578,16401,10707,0.008309236699879437,0.000259000259000259,Kim Clijsters,0.008309236699879437,1.0204548888190352,"[('Kim Clijsters', 0.008309236699879437), ('Rafael Nadal', 0.008142679104115669), ('Mary Pierce', 0.006379199612197011), ('Lindsay Davenport', 0.005731920598697275), ('Roger Federer', 0.0053481906395181165), ('Venus Williams', 0.004882648601063697), ('Justine Henin', 0.004750319504279454), ('Maria Sharapova', 0.00414670517398953), ('Patty Schnyder', 0.00411271835761698), ('James Blake', 0.0038611197968680656)]"
2005-09-01,3276,10449,0.0009739115845986075,13,843,1428,10059,16433,0.011724234315652221,0.00030525030525030525,Amelie Mauresmo,0.011724234315652221,1.3028806754337774,"[('Amelie Mauresmo', 0.011724234315652221), ('Mary Pierce', 0.008998701520957619), ('Elena Dementieva', 0.008723256333149625), ('Lindsay Davenport', 0.006859949227191271), ('Ivan Ljubicic', 0.0066458966112453765), ('David Nalbandian', 0.006503793051058033), ('Francesca Schiavone', 0.005449835422531538), ('Kim Clijsters', 0.004369888200356048), ('Juan Carlos Ferrero', 0.0036404663506367906), ('Maria Sharapova', 0.003626417243685926)]"
2006-01-01,2817,11314,0.0014262533481782683,26,739,1198,10970,10105,0.009149426258130007,0.0003549875754348597,Rafael Nadal,0.009149426258130007,1.0324033950631992,"[('Rafael Nadal', 0.009149426258130007), ('Justine Henin', 0.008862258979272264), ('Amelie Mauresmo', 0.007681294343403587), ('Roger Federer', 0.007134478752152095), ('Svetlana Kuznetsova', 0.007107598215301767), ('James Blake', 0.005718586703993476), ('Nadia Petrova', 0.005488602360345706), ('Maria Sharapova', 0.004978419940869515), ('Martina Hingis', 0.004621429085225895), ('Elena Dementieva', 0.004584896799148514)]"
2006-05-01,4205,18432,0.0010426625002404142,43,1960,572,17993,10875,0.0069610092253237655,0.00023781212841854935,Justine Henin,0.0069610092253237655,1.0878621191877542,"[('Justine Henin', 0.0069610092253237655), ('Maria Sharapova', 0.006398797331523191), ('Rafael Nadal', 0.006348913653387362), ('Amelie Mauresmo', 0.006158408476683339), ('Roger Federer', 0.00594372326870275), ('Kim Clijsters', 0.005068482369966567), ('Dinara Safina', 0.004267835539498052), ('Andy Murray', 0.003965624054923579), ('Elena Dementieva', 0.0038886284925575523), ('Jelena Jankovic', 0.00367310888667842)]"
2006-09-01,3321,10358,0.000939439782617371,45,770,1654,9947,18021,0.008328365013206282,0.00030111412225233364,Amelie Mauresmo,0.008328365013206282,1.377381656553536,"[('Amelie Mauresmo', 0.008328365013206282), ('Nadia Petrova', 0.006046519476704368), ('Svetlana Kuznetsova', 0.005825520182690274), ('Roger Federer', 0.005724169695908693), ('Justine Henin', 0.0051676550965742), ('Maria Sharapova', 0.005003455732109936), ('Anna Chakvetadze', 0.004752502714624682), ('Jelena Jankovic', 0.0036262962680018744), ('Aleksandra Wozniak', 0.00362153717755892), ('Daniela Hantuchova', 0.003594221749703352)]"
2007-01-01,2811,11866,0.0015022325865214315,40,685,1195,11550,10042,0.00868293824192267,0.00035574528637495546,Serena Williams,0.00868293824192267,1.26434400930918,"[('Serena Williams', 0.00868293824192267), ('Rafael Nadal', 0.0068675441003330315), ('Sybille Bammer', 0.00621157125903483), ('Guillermo Canas', 0.006073174735995208), ('Jelena Jankovic', 0.005968422559876197), ('Justine Henin', 0.005813193747938843), ('Mikhail Youzhny', 0.005674499791311982), ('Novak Djokovic', 0.005563802618013623), ('Lucie Safarova', 0.005109590080509877), ('Roger Federer', 0.004992851950189437)]"
2007-05-01,4103,18243,0.0010839246306676698,44,1811,519,17770,11393,0.00985246303629214,0.00024372410431391662,Justine Henin,0.00985246303629214,1.1825470923231307,"[('Justine Henin', 0.00985246303629214), ('Svetlana Kuznetsova', 0.008331560831913117), ('Rafael Nadal', 0.007527628981201073), ('Marion Bartoli', 0.007476958487483212), ('Jelena Jankovic', 0.007183829731407795), ('Roger Federer', 0.007082403013871664), ('Venus Williams', 0.006842781791325397), ('Novak Djokovic', 0.006416862733752524), ('Ana Ivanovic', 0.006111040068396944), ('Anna Chakvetadze', 0.0051826540721182385)]"
2007-09-01,3510,12077,0.0009805473755317015,30,908,1501,11654,17820,0.007821069808076545,0.0002849002849002849,Stan Wawrinka,0.007821069808076545,1.1389452368613535,"[('Stan Wawrinka', 0.007821069808076545), ('David Nalbandian', 0.006866941056472079), ('Roger Federer', 0.005387674724858875), ('Andy Murray', 0.005086368686937755), ('Justine Henin', 0.005053976360010825), ('Rafael Nadal', 0.004261986479770383), ('Jelena Jankovic', 0.003951742119248467), ('Richard Gasquet', 0.003924938287654393), ('Lindsay Davenport', 0.003906814304103036), ('Nicolas Kiefer', 0.003752812023480325)]"
2008-01-01,2878,11833,0.001429105244609726,49,652,1284,11531,11775,0.012404735020072933,0.00034746351633078526,Jelena Jankovic,0.012404735020072933,1.2895206993583181,"[('Jelena Jankovic', 0.012404735020072933), ('Serena Williams', 0.009619647847642684), ('Maria Sharapova', 0.007982325042255977), ('Svetlana Kuznetsova', 0.007310301401237257), ('Nikolay Davydenko', 0.006213871115580328), ('Rafael Nadal', 0.006117012309793035), ('Andy Roddick', 0.005533283407652114), ('Ana Ivanovic', 0.005480686600651933), ('Novak Djokovic', 0.005423743678070761), ('Vera Zvonareva', 0.005243452712796123)]"
2008-05-01,4216,18643,0.0010491017667542278,44,1898,560,18215,11405,0.010311594383355055,0.00023719165085388995,Rafael Nadal,0.010311594383355055,1.200109708434212,"[('Rafael Nadal', 0.010311594383355055), ('Dinara Safina', 0.008592209787894003), ('Andy Murray', 0.007450131936482441), ('Novak Djokovic', 0.0065028595793464195), ('Elena Dementieva', 0.005867659351601983), ('Serena Williams', 0.0056598530678575835), ('Jelena Jankovic', 0.005056529443356919), ('Roger Federer', 0.004753626402536098), ('Stan Wawrinka', 0.0036490650609729844), ('Venus Williams', 0.0034510916642253122)]"
2008-09-01,3726,12663,0.0009123626106409882,31,999,1489,12205,18185,0.01159466963496099,0.00026838432635534085,Jelena Jankovic,0.01159466963496099,1.536744954962739,"[('Jelena Jankovic', 0.01159466963496099), ('Flavia Pennetta', 0.007544953765761426), ('Venus Williams', 0.007317940629836769), ('Vera Zvonareva', 0.007146688991106905), ('Nikolay Davydenko', 0.006734073048616267), ('David Nalbandian', 0.00651872498392544), ('Jo-Wilfried Tsonga', 0.006451351128082525), ('Andy Murray', 0.005397318447168941), ('Nadia Petrova', 0.005171491182303904), ('Roger Federer', 0.0047831213746235245)]"
2009-01-01,2752,11434,0.0015102859002645971,49,599,1573,11105,12334,0.014514572093687233,0.0003633720930232558,Rafael Nadal,0.014514572093687233,1.3230468538814886,"[('Rafael Nadal', 0.014514572093687233), ('Andy Murray', 0.010970565442263143), ('Serena Williams', 0.0074367018808954265), ('Novak Djokovic', 0.006867885540457677), ('Caroline Wozniacki', 0.006805235908757504), ('Juan Martin del Potro', 0.006757106252336836), ('Elena Dementieva', 0.00661420453991371), ('Victoria Azarenka', 0.00634704651847295), ('Fernando Verdasco', 0.006112220496548863), ('Roger Federer', 0.005350206111358286)]"
2009-05-01,4192,18895,0.0010754939246404053,47,1871,431,18421,10960,0.011174860544698361,0.00023854961832061068,Roger Federer,0.011174860544698361,1.0681855216881468,"[('Roger Federer', 0.011174860544698361), ('Juan Martin del Potro', 0.010461535302442364), ('Dinara Safina', 0.0059074023883641386), ('Jo-Wilfried Tsonga', 0.005416305357444613), ('Andy Murray', 0.0051718030753649695), ('Caroline Wozniacki', 0.004610469898075607), ('Andy Roddick', 0.004160232665134352), ('Jelena Jankovic', 0.003967927739621264), ('Lleyton Hewitt', 0.003715625038089233), ('Svetlana Kuznetsova', 0.003605828701208164)]"
2009-09-01,3511,11535,0.000936008198896265,11,875,1556,11097,18457,0.010415763229638077,0.0002848191398461977,Nikolay Davydenko,0.010415763229638077,1.2012691510911018,"[('Nikolay Davydenko', 0.010415763229638077), ('Novak Djokovic', 0.008670632405883007), ('Robin Soderling', 0.00807153906368707), ('Mikhail Youzhny', 0.007659319540270238), ('Jo-Wilfried Tsonga', 0.004286210712890401), ('Rafael Nadal', 0.00399050853506826), ('Marin Cilic', 0.003960409811181462), ('Gael Monfils', 0.0035700140359331486), ('Shahar Peer', 0.0035272093984042813), ('Radek Stepanek', 0.003448920612223312)]"
2010-01-01,2736,11236,0.0015015448432171227,31,653,1428,10945,11244,0.0071546979866110435,0.00036549707602339174,Fernando Verdasco,0.0071546979866110435,1.0592162793242663,"[('Fernando Verdasco', 0.0071546979866110435), ('Justine Henin', 0.006754709237640709), ('Rafael Nadal', 0.00666300694082793), ('Andy Roddick', 0.00630776519195092), ('Kim Clijsters', 0.0060145834681774105), ('David Ferrer', 0.005526995945094527), ('Elena Dementieva', 0.0052986223969625395), ('Tomas Berdych', 0.00510415630702413), ('Marin Cilic', 0.004892142091649221), ('Nikolay Davydenko', 0.004883185793469045)]"
2010-05-01,3970,18087,0.0011478758869906765,39,1752,518,17638,10787,0.006370721907962964,0.00025188916876574307,Rafael Nadal,0.006370721907962964,1.2027769121902787,"[('Rafael Nadal', 0.006370721907962964), ('Andy Murray', 0.0052966779154097355), ('Vera Zvonareva', 0.005092695447847037), ('Roger Federer', 0.004760189278446491), ('Kim Clijsters', 0.004118607065125356), ('Caroline Wozniacki', 0.00398806189464611), ('Mardy Fish', 0.003709066848665918), ('Novak Djokovic', 0.003543012282502731), ('Marcos Baghdatis', 0.003379503621831355), ('Victoria Azarenka', 0.00337294281392017)]"
2010-09-01,3749,12736,0.0009063960990807082,8,1108,1329,12271,17622,0.00985843890263435,0.0002667377967457988,Roger Federer,0.00985843890263435,1.1496080621313143,"[('Roger Federer', 0.00985843890263435), ('Caroline Wozniacki', 0.008575478223732452), ('Gael Monfils', 0.007361128470058368), ('Vera Zvonareva', 0.007139481771454606), ('Andy Murray', 0.006565237213868144), ('Novak Djokovic', 0.005570468350538577), ('Robin Soderling', 0.005331129875630554), ('Rafael Nadal', 0.0050757054889624415), ('Kim Clijsters', 0.004818187892291224), ('Ana Ivanovic', 0.004331173944956929)]"
2011-01-01,2996,12447,0.001387158392603605,40,688,1441,12079,12368,0.008180564418679984,0.00033377837116154867,Novak Djokovic,0.008180564418679984,1.372215402045422,"[('Novak Djokovic', 0.008180564418679984), ('Caroline Wozniacki', 0.005961574550530513), ('Rafael Nadal', 0.005789521577280327), ('Victoria Azarenka', 0.004935913579391445), ('David Ferrer', 0.004782030429192492), ('Vera Zvonareva', 0.0045885970116389604), ('Petra Kvitova', 0.004043057007013206), ('Kim Clijsters', 0.0038085174169570045), ('Na Li', 0.003771091798132199), ('Roger Federer', 0.003739436669458869)]"
2011-05-01,4629,20073,0.0009369830908931013,37,2156,523,19571,11945,0.011094427902314016,0.00021602937999567941,Novak Djokovic,0.011094427902314016,1.301783113648215,"[('Novak Djokovic', 0.011094427902314016), ('Rafael Nadal', 0.008522485647568554), ('Andy Murray', 0.008373328193485546), ('Roger Federer', 0.007971331506622797), ('Samantha Stosur', 0.005237142893737069), ('Jo-Wilfried Tsonga', 0.004927880937242216), ('Maria Sharapova', 0.004517991211532395), ('Marion Bartoli', 0.0038553363640293653), ('Serena Williams', 0.003843199165435304), ('Vera Zvonareva', 0.0037455139232114567)]"
2011-09-01,3671,12130,0.0009003478920502918,60,864,1822,11683,19626,0.006324026882110334,0.00027240533914464724,Agnieszka Radwanska,0.006324026882110334,1.0432023311878873,"[('Agnieszka Radwanska', 0.006324026882110334), ('Petra Kvitova', 0.006062128786569341), ('Roger Federer', 0.005293269979092568), ('Tomas Berdych', 0.00499915596011896), ('David Ferrer', 0.00481765042182496), ('Jo-Wilfried Tsonga', 0.004705471876879573), ('Andy Murray', 0.004152466472736495), ('Romina Oprandi', 0.003973754129289506), ('Vera Zvonareva', 0.003867522592451483), ('Anne Keothavong', 0.0038364180262186525)]"
2012-01-01,3419,14491,0.0012400157382992608,50,979,1231,14117,11756,0.013109857477342786,0.00029248318221702246,Victoria Azarenka,0.013109857477342786,1.393536985650732,"[('Victoria Azarenka', 0.013109857477342786), ('Maria Sharapova', 0.009407613584953362), ('Rafael Nadal', 0.008013019618761533), ('Novak Djokovic', 0.007928371734886861), ('Roger Federer', 0.007427570918281671), ('Marion Bartoli', 0.007126803570348928), ('Andy Murray', 0.006855285993677123), ('Agnieszka Radwanska', 0.0062984210331968726), ('John Isner', 0.006149796192874524), ('Angelique Kerber', 0.00574641080679471)]"
2012-05-01,4290,18559,0.0010086517197731933,45,1674,803,18026,13958,0.008101219842737435,0.0002331002331002331,Novak Djokovic,0.008101219842737435,1.0677836746761538,"[('Novak Djokovic', 0.008101219842737435), ('Roger Federer', 0.007586948587872389), ('Serena Williams', 0.006913709320456414), ('Andy Murray', 0.006200026927191568), ('Angelique Kerber', 0.005139613623369932), ('Na Li', 0.004920185787554436), ('David Ferrer', 0.004716442184508245), ('Rafael Nadal', 0.004403681658766228), ('Maria Sharapova', 0.004179493988218848), ('Victoria Azarenka', 0.004161245845797805)]"
2012-09-01,3842,13063,0.0008851997022183593,69,1034,1482,12584,18080,0.006664874946911364,0.0002602811035918792,Sam Querrey,0.006664874946911364,1.0112036428149935,"[('Sam Querrey', 0.006664874946911364), ('David Ferrer', 0.006591031385485968), ('Novak Djokovic', 0.005986969129868411), ('Serena Williams', 0.00449485628265372), ('Tomas Berdych', 0.004282327948371394), ('Roger Federer', 0.003879821018412086), ('Andy Murray', 0.003812370689212167), ('Juan Martin del Potro', 0.003746980307879934), ('Victoria Azarenka', 0.003618765780505687), ('Michael Llodra', 0.0033817181325271287)]"
2013-01-01,3327,13430,0.0012136709778645571,53,827,1342,13085,12718,0.00922423421703926,0.00030057108506161706,Novak Djokovic,0.00922423421703926,1.271893269783358,"[('Novak Djokovic', 0.00922423421703926), ('Juan Martin del Potro', 0.007252364987048344), ('Caroline Wozniacki', 0.007201012936959164), ('Serena Williams', 0.007031642060406433), ('Rafael Nadal', 0.0061097388309164285), ('Tommy Haas', 0.005952037942299007), ('Victoria Azarenka', 0.0056136513233975656), ('Maria Sharapova', 0.005118588681701455), ('Agnieszka Radwanska', 0.0044076764446911365), ('David Ferrer', 0.004315816934681561)]"
2013-05-01,4820,20385,0.0008776204839247136,54,2106,613,19856,12901,0.007110336130675636,0.0002074688796680498,Serena Williams,0.007110336130675636,1.105121780018391,"[('Serena Williams', 0.007110336130675636), ('Rafael Nadal', 0.006433984253352882), ('Steve Darcis', 0.006028703206533988), ('Victoria Azarenka', 0.0055140931793618425), ('Sabine Lisicki', 0.0042813441855359315), ('Simona Halep', 0.0037579077878495677), ('Stan Wawrinka', 0.0034963760256113835), ('Novak Djokovic', 0.003369650782296261), ('Andy Murray', 0.003206727688370539), ('Flavia Pennetta', 0.003083621754245514)]"
2013-09-01,4260,15401,0.0008488514242691808,29,1192,1752,14901,19885,0.008034906500286834,0.00023474178403755865,Novak Djokovic,0.008034906500286834,1.4602615470508113,"[('Novak Djokovic', 0.008034906500286834), ('Serena Williams', 0.00550237491120298), ('Juan Martin del Potro', 0.004019349839606625), ('Rafael Nadal', 0.003622944823671963), ('Petra Kvitova', 0.0034146307967232383), ('Roger Federer', 0.003206757874306112), ('David Ferrer', 0.0030181990965841643), ('Angelique Kerber', 0.002671264348282395), ('Na Li', 0.0026618665983350882), ('Kristyna Pliskova', 0.0025647822513371514)]"
2014-01-01,3638,14813,0.0011195333285064339,51,962,1584,14368,14956,0.007567723396514977,0.00027487630566245185,Roger Federer,0.007567723396514977,1.0345128397855372,"[('Roger Federer', 0.007567723396514977), ('Stan Wawrinka', 0.007315253233670668), ('Novak Djokovic', 0.006420123137821024), ('Rafael Nadal', 0.006132416940146826), ('Alexandr Dolgopolov', 0.0060467674612414285), ('Kei Nishikori', 0.004765241308917446), ('Dominika Cibulkova', 0.004492552485771622), ('Na Li', 0.004200336317515168), ('Kevin Anderson', 0.004198536766134035), ('Angelique Kerber', 0.003992884479677078)]"
2014-05-01,4985,20914,0.0008417708985705109,66,2140,793,20440,14339,0.007030655577057684,0.00020060180541624874,Novak Djokovic,0.007030655577057684,1.4336228976419398,"[('Novak Djokovic', 0.007030655577057684), ('Roger Federer', 0.004904117804355587), ('Serena Williams', 0.004664758922970097), ('Rafael Nadal', 0.004638762797617888), ('Jo-Wilfried Tsonga', 0.0042980069583901295), ('Kei Nishikori', 0.004011903721044901), ('Marin Cilic', 0.0035624528248047794), ('Petra Kvitova', 0.0035365798930456624), ('Tommy Robredo', 0.0033812882619615094), ('Milos Raonic', 0.003363570380438838)]"
2014-09-01,3945,14102,0.0009063517894374218,40,914,1954,13657,20469,0.016113588496905203,0.0002534854245880861,Roger Federer,0.016113588496905203,1.2711178163042265,"[('Roger Federer', 0.016113588496905203), ('Novak Djokovic', 0.012676707296696888), ('Milos Raonic', 0.006298110671440117), ('Gael Monfils', 0.0052244686309089305), ('Andy Murray', 0.004619953650848284), ('Petra Kvitova', 0.0036977282012864636), ('Kei Nishikori', 0.0036900260586913013), ('Vitalia Diatchenko', 0.003478950221085465), ('David Ferrer', 0.003466643795449489), ('Caroline Wozniacki', 0.0034214905796164413)]"
2015-01-01,3575,14752,0.0011545701081235496,30,932,1302,14368,13718,0.009513154472403274,0.0002797202797202797,Simona Halep,0.009513154472403274,1.0397163080777645,"[('Simona Halep', 0.009513154472403274), ('Novak Djokovic', 0.009149759793602994), ('Roger Federer', 0.007389205640097726), ('Serena Williams', 0.005372070189361951), ('Ivo Karlovic', 0.0049736943795208885), ('Tomas Berdych', 0.004864784424129158), ('David Ferrer', 0.0043818303379099905), ('Caroline Wozniacki', 0.004300505238056259), ('Garbine Muguruza', 0.004245639626308183), ('Karolina Pliskova', 0.003994952071962852)]"
2015-05-01,5086,22371,0.0008650039381632963,72,2208,697,21827,14208,0.009320078948301775,0.0001966181675186787,Novak Djokovic,0.009320078948301775,1.1038901065714697,"[('Novak Djokovic', 0.009320078948301775), ('Roger Federer', 0.008442940916690208), ('Andy Murray', 0.006828872730418351), ('Stan Wawrinka', 0.006231547691361553), ('Serena Williams', 0.004468498640400318), ('Belinda Bencic', 0.003204128232442293), ('Petra Kvitova', 0.003061138424220283), ('Kevin Anderson', 0.0029309403328589075), ('Richard Gasquet', 0.002713085246821969), ('Nick Kyrgios', 0.002560638770945383)]"
2015-09-01,4284,14687,0.0008004524870108367,48,1054,1856,14192,21876,0.011511495223847758,0.00023342670401493932,Roger Federer,0.011511495223847758,1.1487547014140636,"[('Roger Federer', 0.011511495223847758), ('Novak Djokovic', 0.010020847104849837), ('Rafael Nadal', 0.0047623774849001), ('Garbine Muguruza', 0.004678225102013456), ('Agnieszka Radwanska', 0.00464272070440639), ('John Isner', 0.0042192477348707725), ('Jelena Jankovic', 0.004150869171193758), ('Venus Williams', 0.0040574023639138234), ('Stan Wawrinka', 0.003738358409984388), ('Albert Ramos', 0.003703051928860256)]"
2016-01-01,3489,14850,0.0012202505383893285,60,849,1644,14477,14314,0.008021309951032396,0.00028661507595299513,Novak Djokovic,0.008021309951032396,1.253459594016975,"[('Novak Djokovic', 0.008021309951032396), ('Angelique Kerber', 0.006399336675326263), ('Victoria Azarenka', 0.005274923650806413), ('Rafael Nadal', 0.005063640744380385), ('Feliciano Lopez', 0.004579263412871826), ('Milos Raonic', 0.004286220896328065), ('Dominika Cibulkova', 0.003853680005841574), ('Jiri Vesely', 0.0038344578424135928), ('Kei Nishikori', 0.003624414806665401), ('Dominic Thiem', 0.003616024615079232)]"
2016-05-01,4736,21974,0.0009798902651331374,59,1972,725,21439,14315,0.007932345962436414,0.0002111486486486487,Andy Murray,0.007932345962436414,1.0041992421434476,"[('Andy Murray', 0.007932345962436414), ('Novak Djokovic', 0.00789917541214724), ('Kei Nishikori', 0.004993483496596324), ('Angelique Kerber', 0.0044866013224751), ('Stan Wawrinka', 0.004391482131642529), ('Simona Halep', 0.00407752622235536), ('Marin Cilic', 0.003767155650941981), ('Juan Martin del Potro', 0.0036307532492861738), ('Karolina Pliskova', 0.003621966720214538), ('Serena Williams', 0.0033505835218817065)]"
2016-09-01,4564,16452,0.0007899918234981944,69,1342,1514,15961,21483,0.009023691254856898,0.0002191060473269062,Juan Martin del Potro,0.009023691254856898,1.2093186091235737,"[('Juan Martin del Potro', 0.009023691254856898), ('Andy Murray', 0.007461798062792248), ('David Goffin', 0.005921053802886074), ('Petra Kvitova', 0.004549258728672973), ('Kei Nishikori', 0.004419078313138158), ('Marin Cilic', 0.00436851496044847), ('Oceane Dodin', 0.003720828092191712), ('Madison Keys', 0.0036393683400202316), ('Agnieszka Radwanska', 0.0034265080420447804), ('Daniil Medvedev', 0.0033169053670585387)]"
2017-01-01,3287,14166,0.0013115352702627386,37,616,1893,13781,16067,0.0063635101463785934,0.00030422878004259196,Evgeny Donskoy,0.0063635101463785934,1.0916103930545282,"[('Evgeny Donskoy', 0.0063635101463785934), ('Roger Federer', 0.005829470099283603), ('Rafael Nadal', 0.00436710089656788), ('Karolina Pliskova', 0.0038064399247193944), ('Kristina Mladenovic', 0.0037941076128063522), ('Marketa Vondrousova', 0.0034510858176402125), ('David Goffin', 0.003314079483930558), ('Elina Svitolina', 0.0031596496663080877), ('Caroline Wozniacki', 0.003129782350746927), ('Johanna Konta', 0.003117023369664867)]"
2017-05-01,4605,21478,0.0010130453526226073,85,1931,613,20961,13649,0.00514651908534545,0.00021715526601520085,Alexander Zverev,0.00514651908534545,1.0635719269082924,"[('Alexander Zverev', 0.00514651908534545), ('Simona Halep', 0.004838900835137607), ('Garbine Muguruza', 0.004562097869369778), ('Elina Svitolina', 0.00407649065654145), ('Rafael Nadal', 0.0035054764387950927), ('Jelena Ostapenko', 0.003096921542763841), ('Magdalena Rybarikova', 0.00302094560130372), ('Caroline Wozniacki', 0.002983636516905127), ('Dominic Thiem', 0.0029591210058905627), ('Roger Federer', 0.0028834468448912633)]"
2017-09-01,4101,15174,0.0009024568665584241,64,1057,1561,14757,21061,0.008839332064370122,0.000243842965130456,David Goffin,0.008839332064370122,1.6959010646722072,"[('David Goffin', 0.008839332064370122), ('Roger Federer', 0.005212174370607306), ('Grigor Dimitrov', 0.004736653226971865), ('Mihaela Buzarnescu', 0.004300092299754783), ('Caroline Garcia', 0.004194351698730825), ('Rafael Nadal', 0.004107227246009622), ('Belinda Bencic', 0.0038149561540467536), ('Filip Krajinovic', 0.0036930145636368482), ('Polona Hercog', 0.0034220802500589407), ('Stefanos Tsitsipas', 0.0033664677770126536)]"
2018-01-01,3468,15673,0.0013035245147109556,51,799,1432,15303,14804,0.0040585586131095175,0.00028835063437139557,Petra Kvitova,0.0040585586131095175,1.0019025728494937,"[('Petra Kvitova', 0.0040585586131095175), ('Marin Cilic', 0.004050851572889609), ('Juan Martin del Potro', 0.003971511994842245), ('Elina Svitolina', 0.0032787587457545433), ('Angelique Kerber', 0.003176612538759046), ('Elise Mertens', 0.003067415748101936), ('Daria Kasatkina', 0.0029978712169407315), ('Julia Goerges', 0.002961945665532253), ('Caroline Wozniacki', 0.002916390196338112), ('Simona Halep', 0.002737032907725189)]"
2018-05-01,4449,19708,0.0009958991673822103,51,1682,701,19242,15207,0.005233403294750139,0.0002247696111485727,Novak Djokovic,0.005233403294750139,1.0036795342625062,"[('Novak Djokovic', 0.005233403294750139), ('Rafael Nadal', 0.005214217403163045), ('Kiki Bertens', 0.004017475734341605), ('Dominic Thiem', 0.0037196600234035444), ('Simona Halep', 0.0035866089080587504), ('Juan Martin del Potro', 0.0035181888404310795), ('Aryna Sabalenka', 0.003013712981464642), ('Stefanos Tsitsipas', 0.002992909641597151), ('Alexander Zverev', 0.002811698261960009), ('Elina Svitolina', 0.0027170747223448327)]"
2018-09-01,4124,14890,0.0008757148338447257,29,1138,1463,14541,19359,0.004443780781008128,0.00024248302618816683,Novak Djokovic,0.004443780781008128,1.0175205373225458,"[('Novak Djokovic', 0.004443780781008128), ('Kevin Anderson', 0.004367263969630802), ('Aryna Sabalenka', 0.004270560441665427), ('Qiang Wang', 0.0039906259907518645), ('Kei Nishikori', 0.003924141168216685), ('Alexander Zverev', 0.00383898558767746), ('Roger Federer', 0.0036120753673044475), ('Karen Khachanov', 0.0029083479365201448), ('Karolina Pliskova', 0.0028794378030244697), ('Tommy Paul', 0.0025949745330127627)]"
2019-01-01,3550,16334,0.0012964572444529108,42,889,1463,16000,14556,0.0072126849533671955,0.00028169014084507044,Petra Kvitova,0.0072126849533671955,1.350566267756322,"[('Petra Kvitova', 0.0072126849533671955), ('Ashleigh Barty', 0.0053404894861986555), ('Belinda Bencic', 0.004870531483370228), ('Naomi Osaka', 0.003842858064191774), ('Simona Halep', 0.0035987900989733453), ('Anett Kontaveit', 0.003487418120650632), ('Elina Svitolina', 0.0034673229213377254), ('Bianca Andreescu', 0.0033853428552975467), ('Stefanos Tsitsipas', 0.0033333556786195695), ('Dominic Thiem', 0.003191270724197876)]"
2019-05-01,5103,23578,0.0009056094396628973,53,2194,641,23070,15826,0.004945815882443092,0.0001959631589261219,Sofia Kenin,0.004945815882443092,1.014144853838469,"[('Sofia Kenin', 0.004945815882443092), ('Rafael Nadal', 0.004876833781410532), ('Roger Federer', 0.0040042956569065515), ('Stefanos Tsitsipas', 0.0034314819674205067), ('Johanna Konta', 0.0030556892440666943), ('Novak Djokovic', 0.0030304954270246945), ('Ashleigh Barty', 0.0029699604019682462), ('Daniil Medvedev', 0.0027380345243228758), ('Karolina Pliskova', 0.002725759573649046), ('Simona Halep', 0.0026668256719457584)]"
2019-09-01,4848,18559,0.000789803294338099,56,1315,1570,18153,23172,0.004998417159038558,0.00020627062706270633,Stefanos Tsitsipas,0.004998417159038558,1.0269659438681946,"[('Stefanos Tsitsipas', 0.004998417159038558), ('Dominic Thiem', 0.004867169343718838), ('Alexander Zverev', 0.003546594902506382), ('Denis Shapovalov', 0.0032440411909452327), ('Petra Martic', 0.0031326172514599265), ('Tamara Korpatsch', 0.0031297317577714673), ('Aryna Sabalenka', 0.0030901853962258703), ('Ashleigh Barty', 0.0030597509392495674), ('Ana Bogdan', 0.0029122439079716884), ('Novak Djokovic', 0.0028653563147563446)]"
2020-01-01,3405,10341,0.0008921869580747191,62,711,2154,10147,18365,0.006944569776952273,0.00029368575624082226,Garbine Muguruza,0.006944569776952273,1.0564695742214816,"[('Garbine Muguruza', 0.006944569776952273), ('Ashleigh Barty', 0.006573374138171244), ('Petra Kvitova', 0.006324454910304867), ('Sofia Kenin', 0.006302744635259861), ('Aryna Sabalenka', 0.006009146386552721), ('Elena Rybakina', 0.005706339922140708), ('Kiki Bertens', 0.005566808088834262), ('Novak Djokovic', 0.005478349799135076), ('Simona Halep', 0.005143419295435074), ('Ekaterina Alexandrova', 0.004736348074340851)]"
2020-05-01,959,1526,0.0016610030019962513,19,149,2595,1488,10303,0.02973567012569017,0.0010427528675703858,Victoria Azarenka,0.02973567012569017,1.0425653555903984,"[('Victoria Azarenka', 0.02973567012569017), ('Aslan Karatsev', 0.028521636524984125), ('Stan Wawrinka', 0.026990332806619), ('Naomi Osaka', 0.02503495865907322), ('Kristina Kucova', 0.02380768683087708), ('Yannick Hanfmann', 0.017765105676389042), ('Clara Tauson', 0.017708911663758636), ('Qinwen Zheng', 0.016306771295402832), ('Pablo Carreno Busta', 0.015969962708851017), ('Novak Djokovic', 0.015238497459077184)]"
2020-09-01,2262,7797,0.001524524370686429,36,1421,118,7749,1478,0.011404580761000753,0.0004420866489832007,Iga Swiatek,0.011404580761000753,1.0555777174920875,"[('Iga Swiatek', 0.011404580761000753), ('Arantxa Rus', 0.010804112830362242), ('Sofia Kenin', 0.006947530596611445), ('Andrey Rublev', 0.006733105844121014), ('Daniil Medvedev', 0.006509733355801566), ('Aryna Sabalenka', 0.006255900059911477), ('Victoria Azarenka', 0.0059934176416951606), ('Georgina Garcia Perez', 0.005540667416784357), ('Nadia Podoroska', 0.005140886844977233), ('Elina Svitolina', 0.005100096301077514)]"
2021-01-01,3000,12751,0.001417250194509281,29,1244,506,12538,7584,0.007875432282181032,0.0003333333333333332,Ashleigh Barty,0.007875432282181032,1.1527496108434652,"[('Ashleigh Barty', 0.007875432282181032), ('Aryna Sabalenka', 0.006831867222595365), ('Stefanos Tsitsipas', 0.00603811713326724), ('Garbine Muguruza', 0.005074886275308663), ('Andrey Rublev', 0.0045950808735928245), ('Elise Mertens', 0.0043920941168663725), ('Aslan Karatsev', 0.004341769621771061), ('Karolina Muchova', 0.004193587723841711), ('Veronika Kudermetova', 0.003728704259605291), ('Clara Tauson', 0.003706045323326417)]"
2021-05-01,3876,18476,0.0012301341589267287,31,1548,672,18141,12416,0.005219587957621176,0.00025799793601651185,Novak Djokovic,0.005219587957621176,1.1064474314114436,"[('Novak Djokovic', 0.005219587957621176), ('Alexander Zverev', 0.0047174296848091464), ('Daniil Medvedev', 0.00377130949359757), ('Stefanos Tsitsipas', 0.003501077747467819), ('Barbora Krejcikova', 0.003499480692042859), ('Ashleigh Barty', 0.0034841666167691084), ('Coco Gauff', 0.0033961909373634316), ('Karolina Pliskova', 0.0033229706621350193), ('Belinda Bencic', 0.0030715229178387344), ('Aryna Sabalenka', 0.0029829142512793564)]"
2021-09-01,4348,16414,0.0008684308712307592,47,1579,1107,16106,18168,0.00873188502693951,0.00022999080036798528,Anett Kontaveit,0.00873188502693951,1.1261793310087294,"[('Anett Kontaveit', 0.00873188502693951), ('Alexander Zverev', 0.007753547580311457), ('Garbine Muguruza', 0.0075796264018144505), ('Daniil Medvedev', 0.0062853306729188365), ('Taylor Fritz', 0.00396614078648708), ('Novak Djokovic', 0.003940898571963381), ('Ons Jabeur', 0.003359511671584385), ('Beatriz Haddad Maia', 0.0032433983835992173), ('Anna Bondar', 0.0031437237468040402), ('Ajla Tomljanovic', 0.0031059542161734387)]"
2022-01-01,3882,17805,0.0011817967851144979,47,1046,1512,17453,16062,0.005655151554561282,0.00025759917568263783,Taylor Fritz,0.005655151554561282,1.1701150162466367,"[('Taylor Fritz', 0.005655151554561282), ('Iga Swiatek', 0.004832987762776723), ('Rafael Nadal', 0.003819542343778114), ('Paula Badosa', 0.003646055183913994), ('Jelena Ostapenko', 0.0033946983593993374), ('Carlos Alcaraz', 0.0032670988105928406), ('Ons Jabeur', 0.003162933702414072), ('Ashleigh Barty', 0.003139914663268893), ('Anett Kontaveit', 0.0030161149722518674), ('Veronika Kudermetova', 0.0029468330845218737)]"
2022-05-01,5585,25960,0.0008324077233071597,47,2481,778,25510,17355,0.004111129335869108,0.00017905102954341988,Caroline Garcia,0.004111129335869108,1.0971165586735434,"[('Caroline Garcia', 0.004111129335869108), ('Iga Swiatek', 0.0037472129131289602), ('Carlos Alcaraz', 0.003587652294004256), ('Beatriz Haddad Maia', 0.0034101750455052655), ('Ons Jabeur', 0.0033354192665400657), ('Simona Halep', 0.002535015076407875), ('Daria Kasatkina', 0.0023348538709411066), ('Rafael Nadal', 0.0023295499904016155), ('Veronika Kudermetova', 0.0022892230689296796), ('Elena Rybakina', 0.002289090370168258)]"
2022-09-01,5171,19466,0.0007281345489108093,57,1395,1809,19062,25556,0.005149335835992891,0.00019338619222587506,Felix Auger Aliassime,0.005149335835992891,1.272038606686219,"[('Felix Auger Aliassime', 0.005149335835992891), ('Holger Rune', 0.004048097132371947), ('Maria Sakkari', 0.0036044753221404864), ('Anna Karolina Schmiedlova', 0.003051862619394744), ('Alycia Parks', 0.0029266843754114018), ('Anna Blinkova', 0.0029260228726752787), ('Barbora Krejcikova', 0.0029099218396424847), ('Anna Kalinskaya', 0.0028308108137173626), ('Maryna Zanevska', 0.0026976060056231902), ('Novak Djokovic', 0.0026791616729459115)]"
2023-01-01,4415,20669,0.0010606117362597439,52,1072,1828,20246,19043,0.008178040024968296,0.00022650056625141563,Aryna Sabalenka,0.008178040024968296,1.2775298798975825,"[('Aryna Sabalenka', 0.008178040024968296), ('Elena Rybakina', 0.006401447162726179), ('Iga Swiatek', 0.0060027235645703555), ('Barbora Krejcikova', 0.004994168501052311), ('Jessica Pegula', 0.004406762146926507), ('Carlos Alcaraz', 0.003918797179130527), ('Daniil Medvedev', 0.0038795189090311214), ('Jannik Sinner', 0.003841723837458522), ('Petra Kvitova', 0.0038163309833971924), ('Sorana Cirstea', 0.003388956512548249)]"
2023-05-01,5542,25752,0.0008386027689913145,54,2147,1020,25209,20126,0.004557012609397434,0.00018044027426921685,Coco Gauff,0.004557012609397434,1.0257494861266125,"[('Coco Gauff', 0.004557012609397434), ('Carlos Alcaraz', 0.004442617491923308), ('Iga Swiatek', 0.00419241700033592), ('Novak Djokovic', 0.0039922354017278665), ('Elena Rybakina', 0.0031497829593059657), ('Jessica Pegula', 0.0030924997078662186), ('Jasmine Paolini', 0.002948147553243526), ('Madison Keys', 0.0029222408038828765), ('Holger Rune', 0.0028336570739651633), ('Karolina Muchova', 0.0028325456003276458)]"
2023-09-01,5230,20330,0.0007433905703849725,68,1383,1695,19857,25279,0.0060108953061466745,0.0001912045889101338,Jannik Sinner,0.0060108953061466745,1.2745641795799916,"[('Jannik Sinner', 0.0060108953061466745), ('Veronika Kudermetova', 0.004716039727499208), ('Novak Djokovic', 0.003208033722945929), ('Iga Swiatek', 0.0031713332556668845), ('Jessica Pegula', 0.0031264917656289655), ('Leylah Fernandez', 0.003010224071545143), ('Sofia Kenin', 0.002743641332881054), ('Barbora Krejcikova', 0.0025392315588237064), ('Alex De Minaur', 0.002470547433828993), ('Jasmine Paolini', 0.0023844694219926172)]"
2024-01-01,4775,22734,0.0009972867868493608,50,1234,1689,22220,19816,0.005140021401835253,0.00020942408376963348,Iga Swiatek,0.005140021401835253,1.0334095782761705,"[('Iga Swiatek', 0.005140021401835253), ('Elena Rybakina', 0.00497384726238876), ('Jannik Sinner', 0.003219315401542101), ('Anna Kalinskaya', 0.0030301557552516838), ('Danielle Collins', 0.0029593870085520705), ('Aryna Sabalenka', 0.0028698287893830165), ('Ekaterina Alexandrova', 0.0026854259126599207), ('Alex De Minaur', 0.0026120894155363572), ('Evialina Laskevich', 0.0025812589188045514), ('Casper Ruud', 0.0025624600628401787)]"
2024-05-01,5881,27815,0.000804360172907796,41,2237,1131,27240,22159,0.004480745777205688,0.00017003910899506883,Aryna Sabalenka,0.004480745777205688,1.2295582795306643,"[('Aryna Sabalenka', 0.004480745777205688), ('Iga Swiatek', 0.0036441914562325892), ('Jessica Pegula', 0.003567334235442622), ('Paula Badosa', 0.002952736271743995), ('Carlos Alcaraz', 0.0029417762421525854), ('Diana Shnaider', 0.002813357138745535), ('Emma Navarro', 0.002656028343615844), ('Alexander Zverev', 0.002549111907578532), ('Qinwen Zheng', 0.0025480999898468745), ('Jannik Sinner', 0.0024793413372782517)]"
2024-09-01,5398,21742,0.0007463012913943724,71,1427,1910,21208,27281,0.007497857506183462,0.0001852537977028529,Coco Gauff,0.007497857506183462,1.1605427352302573,"[('Coco Gauff', 0.007497857506183462), ('Aryna Sabalenka', 0.006460647487225751), ('Carlos Alcaraz', 0.0035418699180248515), ('Karolina Muchova', 0.0033530187443866575), ('Barbora Krejcikova', 0.0031726130858999177), ('Qinwen Zheng', 0.0030172920032737233), ('Nishesh Basavareddy', 0.0027884131849185115), ('Iga Swiatek', 0.002726353346881792), ('Benjamin Bonzi', 0.0024928773828581125), ('Aoi Ito', 0.0024807815880607976)]"
2025-01-01,3455,15502,0.001299024516552884,32,563,2506,15094,21334,0.00543109762439528,0.00028943560057887114,Aryna Sabalenka,0.00543109762439528,1.250456593441936,"[('Aryna Sabalenka', 0.00543109762439528), ('Madison Keys', 0.004343291604745709), ('Mirra Andreeva', 0.0039023094226942334), ('Ekaterina Alexandrova', 0.0038143110992521104), ('Carlos Alcaraz', 0.0038142596005309687), ('Iga Swiatek', 0.0036404024663813537), ('Jessica Pegula', 0.00346966732979815), ('Jack Draper', 0.003187385496918501), ('Jelena Ostapenko', 0.003056483024391038), ('Elina Svitolina', 0.002926928977184768)]"
2025-05-01,4765,22063,0.0009719186307237827,49,1895,585,21595,15034,0.015509391037158746,0.0002098635886673662,Jannik Sinner,0.015509391037158746,1.1475783734913245,"[('Jannik Sinner', 0.015509391037158746), ('Carlos Alcaraz', 0.01351488612492225), ('Aryna Sabalenka', 0.004499295698885429), ('Alexander Bublik', 0.004265562232830467), ('Iga Swiatek', 0.0038485405604368737), ('Amanda Anisimova', 0.0034726175286212903), ('Coco Gauff', 0.0033288027066934447), ('Elena Rybakina', 0.0031081961542445257), ('Janice Tjen', 0.002521024077269809), ('Marketa Vondrousova', 0.0024126046535848183)]"
2025-09-01,4505,17045,0.0008400474704443258,76,1152,1412,16580,21598,0.006556495913998835,0.00022197558268590456,Elena Rybakina,0.006556495913998835,1.4420539295270363,"[('Elena Rybakina', 0.006556495913998835), ('Aryna Sabalenka', 0.0045466371123507356), ('Jessica Pegula', 0.0040100720591650495), ('Linda Noskova', 0.003560230782219018), ('Jannik Sinner', 0.0035109816861362813), ('Oleksandra Oliynykova', 0.003384315137304176), ('Tallon Griekspoor', 0.003172063013784244), ('Simona Waltert', 0.0027794845348304066), ('Coco Gauff', 0.002633348729186544), ('Rafael Jodar', 0.002573262995529067)]"
2026-01-01,3745,17026,0.0012142971255120788,51,764,1524,16596,16615,0.00845381407082982,0.000267022696929239,Elena Rybakina,0.00845381407082982,1.1805464969634423,"[('Elena Rybakina', 0.00845381407082982), ('Aryna Sabalenka', 0.007160932748158929), ('Jannik Sinner', 0.006084138275269462), ('Carlos Alcaraz', 0.004446139815526061), ('Hailey Baptiste', 0.004246126457896623), ('Karolina Muchova', 0.004149730348823085), ('Jakub Mensik', 0.004069035369717014), ('Coco Gauff', 0.0035058445928899786), ('Novak Djokovic', 0.0034798433526054447), ('Alexander Zverev', 0.0034212432862670552)]"
