snapshot,nodes,edges,density,communities,new_nodes,removed_nodes,new_edges,removed_edges,pagerank_max,pagerank_mean,dominant_node,dominant_score,dominance_ratio,top_pagerank
1963-01-01,76,224,0.03929824561403509,11,0,0,0,0,0.16318839773133698,0.013157894736842103,Buddy Rogers,0.16318839773133698,2.6639131311141946,"[('Buddy Rogers', 0.16318839773133698), ('Buddy Austin', 0.06125890361262743), ('Bruno Sammartino', 0.05493483750172863), ('Dory Dixon', 0.05052054308733786), ('Bobo Brazil', 0.04734392992410416), ('George Scott', 0.033974218530028674), ('""Mr. Wrestling"" Tim Woods', 0.03184519520333486), ('Pat Barrett', 0.028896146193712485), ('Skull Murphy', 0.02393682469272369), ('Brute Bernard', 0.02393682469272369)]"
1963-05-01,62,185,0.04891591750396616,8,23,37,145,184,0.167669015891767,0.01612903225806451,Bobo Brazil,0.167669015891767,1.2075442027126966,"[('Bobo Brazil', 0.167669015891767), ('Johnny Barend', 0.13885124496072748), ('Bruno Sammartino', 0.08735084754983323), ('Buddy Rogers', 0.08222558276422806), ('Al Costello', 0.038870791678626324), ('Roy Heffernan', 0.038870791678626324), ('Brute Bernard', 0.029728740859779026), ('Skull Murphy', 0.026046632962678822), ('Buddy Austin', 0.02352031542290454), ('Dory Dixon', 0.019959616834274194)]"
1963-09-01,67,135,0.030529172320217096,11,23,18,94,144,0.11603330551202216,0.014925373134328353,Bruno Sammartino,0.11603330551202216,1.5530359302798131,"[('Bruno Sammartino', 0.11603330551202216), ('Gorilla Monsoon', 0.07471385770908484), ('Hans Mortier', 0.07083388792569063), ('Killer Kowalski', 0.04093656799088113), ('Bobo Brazil', 0.03437409296565033), ('Edouard Carpentier', 0.03233549061483924), ('Vittorio Apollo', 0.0319582076450245), ('Brute Bernard', 0.028877999331877735), ('Skull Murphy', 0.027583019300389443), ('Dory Dixon', 0.02581649298350707)]"
1964-01-01,34,37,0.03297682709447415,5,10,43,32,130,0.07215037557913745,0.029411764705882353,Bruno Sammartino,0.07215037557913745,1.3467201728773694,"[('Bruno Sammartino', 0.07215037557913745), ('Chris Tolos', 0.053574882913488046), ('Hans Mortier', 0.053574882913488046), ('John Tolos', 0.053574882913488046), ('Dr. Jerry Graham', 0.04597863550491871), ('Tiny Tim', 0.03952224398734059), ('Bill Watts', 0.03813001740880869), ('Don McClarity', 0.03813001740880869), ('Billy The Kid', 0.03306585246976247), ('Bobo Brazil', 0.03306585246976247)]"
1964-05-01,35,64,0.05378151260504202,6,15,14,63,36,0.1848040648165658,0.028571428571428567,Bruno Sammartino,0.1848040648165658,1.1237426385115916,"[('Bruno Sammartino', 0.1848040648165658), ('Freddie Blassie', 0.16445408270824416), ('Bobo Brazil', 0.0642493934600934), ('Ernie Ladd', 0.06006456324099681), ('Dr. Jerry Graham', 0.06000660305632489), ('Luke Graham', 0.06000660305632489), ('Killer Kowalski', 0.05549876664672438), ('Gorilla Monsoon', 0.04609074235780014), ('Bill Watts', 0.0221365209221125), ('Tony Marino', 0.02028877017288848)]"
1964-09-01,30,53,0.06091954022988506,6,11,16,47,58,0.07695692734322043,0.03333333333333333,Freddie Blassie,0.07695692734322043,1.2578893705911949,"[('Freddie Blassie', 0.07695692734322043), ('Haystacks Calhoun', 0.0611794082551564), ('Bruno Sammartino', 0.05989516126659626), ('Bobo Brazil', 0.05515148808394456), ('Dr. Jerry Graham', 0.05268541312056296), ('Waldo Von Erich', 0.0520823496592593), ('Smasher Sloan', 0.0520823496592593), ('Pedro Morales', 0.04614236040126406), ('Luke Graham', 0.04471867987007183), ('Gorilla Monsoon', 0.037372509147158936)]"
1965-01-01,26,40,0.06153846153846154,5,7,11,34,47,0.2796000272263641,0.03846153846153844,Bill Watts,0.2796000272263641,1.0,"[('Bill Watts', 0.2796000272263641), ('Bruno Sammartino', 0.2796000272263641), ('Wahoo McDaniel', 0.04048277355201249), ('Gene Kiniski', 0.03881870311418263), ('Waldo Von Erich', 0.03881870311418263), ('Bobo Brazil', 0.034553116129164854), ('Gorilla Monsoon', 0.03012500898710574), ('Don McClarity', 0.0249157280719198), ('Dr. Jerry Graham', 0.0231096445026901), ('Eddie Graham', 0.0231096445026901)]"
1965-05-01,34,49,0.04367201426024955,6,16,8,43,34,0.13371294901470768,0.029411764705882353,Bruno Sammartino,0.13371294901470768,1.0510670905656876,"[('Bruno Sammartino', 0.13371294901470768), ('Dr. Bill Miller', 0.127216378683061), ('Argentina Apollo', 0.049798488439534445), ('Arnold Skaaland', 0.04812541609180643), ('Dr. Jerry Graham', 0.040359428387732786), ('Waldo Von Erich', 0.039400880280560754), ('Chief Big Heart', 0.036841354024814095), ('Miguel Perez', 0.03679617945457526), ('Sr.', 0.03679617945457526), ('Haystacks Calhoun', 0.03153248699100113)]"
1965-09-01,34,45,0.040106951871657755,8,12,12,33,37,0.17040772026458254,0.02941176470588236,Johnny Valentine,0.17040772026458254,1.2541682094254718,"[('Johnny Valentine', 0.17040772026458254), ('Dan Miller', 0.13587309818883503), ('Dr. Bill Miller', 0.13587309818883503), ('Bruno Sammartino', 0.12881684892695514), ('Tarzan Tyler', 0.05541966863132831), ('Angelo Savoldi', 0.027216735089283052), ('Chief Big Heart', 0.022266010977794643), ('Baron Mikel Scicluna', 0.017592897558757238), ('Miguel Perez', 0.016343649420547984), ('Sr.', 0.016343649420547984)]"
1966-01-01,21,27,0.06428571428571428,5,6,19,21,39,0.09709659423618663,0.047619047619047616,Argentina Apollo,0.09709659423618663,1.0332167393452052,"[('Argentina Apollo', 0.09709659423618663), ('The Beast', 0.09397504951160685), ('Bruno Sammartino', 0.09101399571664662), ('Tarzan Tyler', 0.0652725387794637), ('King Curtis Iaukea', 0.0593030082169591), ('Antonio Pugliese', 0.05630349432903527), ('Angelo Savoldi', 0.04795011057788365), ('Johnny Valentine', 0.04795011057788365), ('Miguel Perez', 0.04629759462003024), ('Sr.', 0.04629759462003024)]"
1966-09-01,27,31,0.04415954415954416,7,16,10,28,24,0.08753817330591733,0.03703703703703703,Bruno Sammartino,0.08753817330591733,1.4227494999421102,"[('Bruno Sammartino', 0.08753817330591733), ('Spiros Arion', 0.06152746728041665), ('Bobo Brazil', 0.05887552439948226), ('Argentina Apollo', 0.0539592012138198), ('Baron Mikel Scicluna', 0.045166333890660354), ('Smasher Sloan', 0.045166333890660354), ('Antonio Pugliese', 0.0441265548424949), ('Bulldog Brower', 0.0428005834020277), ('El Toro', 0.0428005834020277), ('Little Beaver', 0.0428005834020277)]"
1967-01-01,24,36,0.06521739130434782,3,6,9,30,25,0.20832354636611097,0.04166666666666665,Gorilla Monsoon,0.20832354636611097,1.0486564528032574,"[('Gorilla Monsoon', 0.20832354636611097), ('Bruno Sammartino', 0.19865757351630522), ('Spiros Arion', 0.05393095035232068), ('The Sheik', 0.05054186811083692), ('Baron Mikel Scicluna', 0.039045660697109824), ('The Ox', 0.038897925198892486), ('Arman Hussian', 0.030229088236584906), ('Bobo Brazil', 0.030229088236584906), ('Louis Cerdan', 0.02978570376262596), ('Captain Lou Albano', 0.02749914011147816)]"
1967-05-01,36,47,0.0373015873015873,8,18,6,37,26,0.1507347564688974,0.027777777777777773,Bruno Sammartino,0.1507347564688974,1.3943350109762578,"[('Bruno Sammartino', 0.1507347564688974), ('Gorilla Monsoon', 0.10810512199887953), ('Professor Toru Tanaka', 0.08765060397656652), ('Spiros Arion', 0.045150996133300376), ('Hans Mortier', 0.04404228821128439), ('Bobo Brazil', 0.037614685731530345), ('Bulldog Brower', 0.031048495521517325), ('Edouard Carpentier', 0.027736444881594394), ('Irish Jackie', 0.027457683225170955), ('Arnold Skaaland', 0.025747852807490368)]"
1967-09-01,24,21,0.03804347826086957,8,2,14,19,45,0.101343067727102,0.04166666666666665,Bulldog Brower,0.101343067727102,1.1780130402988251,"[('Bulldog Brower', 0.101343067727102), ('Spiros Arion', 0.08602881654127906), ('Dominic DeNucci', 0.06535360887911726), ('Gorilla Monsoon', 0.060314613184023445), ('Baron Mikel Scicluna', 0.046998277682081126), ('Bobo Brazil', 0.046998277682081126), ('Bruno Sammartino', 0.046998277682081126), ('The Sheik', 0.046998277682081126), ('Tony Altimore', 0.046998277682081126), ('Professor Toru Tanaka', 0.04591882964482956)]"
1968-01-01,31,39,0.041935483870967745,7,18,11,37,19,0.08912165554249146,0.032258064516129024,Bruno Sammartino,0.08912165554249146,1.3101562664896964,"[('Bruno Sammartino', 0.08912165554249146), ('Victor Rivera', 0.06802368375588909), ('The Sheik', 0.06032464595254247), ('Professor Toru Tanaka', 0.05536560586159859), ('Louis Cerdan', 0.04943279277951044), ('Dominic DeNucci', 0.04359787383346804), ('Earl Maynard', 0.03927501054051966), ('Miguel Perez', 0.03646420290066529), ('Sr.', 0.03646420290066529), ('Angelo Savoldi', 0.03387048492489627)]"
1968-05-01,32,33,0.03326612903225806,7,17,16,28,34,0.09357588564939912,0.031249999999999993,Bruno Sammartino,0.09357588564939912,1.0,"[('Bruno Sammartino', 0.09357588564939912), ('Victor Rivera', 0.09357588564939912), ('Gorilla Monsoon', 0.07632126839954095), ('Professor Toru Tanaka', 0.07632126839954095), ('Ernie Ladd', 0.044973763449842205), ('Irish Jackie', 0.04189598058710606), ('Bobo Brazil', 0.039917965065690786), ('Edouard Carpentier', 0.03669457226464401), ('Angelo Savoldi', 0.028706600956067065), ('Arnold Skaaland', 0.028706600956067065)]"
1968-09-01,26,40,0.06153846153846154,4,12,18,37,30,0.1370048889907992,0.03846153846153847,Bruno Sammartino,0.1370048889907992,1.0365074573562933,"[('Bruno Sammartino', 0.1370048889907992), ('The Sheik', 0.13217935676048356), ('Gorilla Monsoon', 0.06991107891533327), ('Victor Rivera', 0.06749784175612208), ('Tony Altimore', 0.06576952253975757), ('Carlos Colon', 0.052078162749051304), ('Haystacks Calhoun', 0.04520270864776964), ('Spiros Arion', 0.043525600434840245), ('Captain Lou Albano', 0.0427580968636819), ('Rocky Fitzpatrick', 0.03148795611888277)]"
1969-01-01,33,42,0.03977272727272727,7,15,8,35,33,0.12095368245589044,0.030303030303030304,Gorilla Monsoon,0.12095368245589044,1.0331305020509955,"[('Gorilla Monsoon', 0.12095368245589044), ('Killer Kowalski', 0.11707493120740341), ('Bruno Sammartino', 0.11450053051109452), ('Victor Rivera', 0.07803709006465484), ('Haystacks Calhoun', 0.0710369064159094), ('Johnny Rodz', 0.03697002158458496), ('Baron Mikel Scicluna', 0.0328052159827937), ('Arnold Skaaland', 0.03047046149859259), ('Spiros Arion', 0.029103010213859203), ('John L. Sullivan', 0.0262256650164344)]"
1969-05-01,26,31,0.047692307692307694,5,10,17,27,38,0.08672402916948642,0.03846153846153847,Bruno Sammartino,0.08672402916948642,1.2236998802877166,"[('Bruno Sammartino', 0.08672402916948642), ('Victor Rivera', 0.07087034212105656), ('Professor Toru Tanaka', 0.06916510461388142), ('Mitsu Arakawa', 0.06916510461388142), ('Killer Kowalski', 0.05370784646530764), ('Haystacks Calhoun', 0.04798069544406843), ('Sky Low Low', 0.04433569043510722), ('Little Brutus', 0.04433569043510722), ('Cowboy Bradley', 0.04178231603607785), ('Little Beaver', 0.04178231603607785)]"
1969-09-01,27,29,0.04131054131054131,7,13,12,25,27,0.11213052066277193,0.03703703703703703,Gorilla Monsoon,0.11213052066277193,1.2536608039456145,"[('Gorilla Monsoon', 0.11213052066277193), ('Victor Rivera', 0.08944247144831076), ('Ernie Ladd', 0.07106850186892696), ('Tony Marino', 0.0659601667891825), ('Mitsu Arakawa', 0.06003469482883437), ('Professor Toru Tanaka', 0.06003469482883437), ('Bruno Sammartino', 0.05169429143384718), ('Baron Mikel Scicluna', 0.051108542198747706), ('Killer Kowalski', 0.043281107312371614), ('Waldo Von Erich', 0.043251478481218915)]"
1970-01-01,23,26,0.05138339920948617,4,10,14,25,28,0.11146427645323073,0.04347826086956521,Bruno Sammartino,0.11146427645323073,1.69765797327029,"[('Bruno Sammartino', 0.11146427645323073), ('Cowboy Bradley', 0.0656576755790868), ('Little Beaver', 0.0656576755790868), ('Ivan Koloff', 0.06473607649686908), ('Mario Milano', 0.054449651179711595), ('Little Brutus', 0.0472179733978693), ('Sky Low Low', 0.0472179733978693), ('Eric the Red', 0.0472179733978693), ('Gorilla Monsoon', 0.0472179733978693), ('Victor Rivera', 0.046132863009766184)]"
1970-05-01,29,36,0.04433497536945813,5,18,12,36,26,0.24986958838198536,0.034482758620689655,Bruno Sammartino,0.24986958838198536,1.0645516875524896,"[('Bruno Sammartino', 0.24986958838198536), ('Crusher Verdu', 0.23471813656738494), ('Victor Rivera', 0.05498378268759036), ('Bepo Mongol', 0.04640289297559511), ('Geto Mongol', 0.04640289297559511), ('Professor Toru Tanaka', 0.032073290240478676), ('Mario Milano', 0.02172149717085272), ('Little Brutus', 0.020813784007461776), ('Sky Low Low', 0.020813784007461776), ('Akim Manuka', 0.020176453433410242)]"
1970-09-01,32,42,0.04233870967741935,7,14,11,35,29,0.199709586055335,0.03125000000000001,Bruno Sammartino,0.199709586055335,1.000363563677083,"[('Bruno Sammartino', 0.199709586055335), ('Bepo Mongol', 0.19963700529160938), ('Victor Rivera', 0.05378613857439596), ('Geto Mongol', 0.05275587475460666), ('Ivan Koloff', 0.03901073778442979), ('Professor Toru Tanaka', 0.03356312910191874), ('Crusher Verdu', 0.03168336244632787), ('Joey Russell', 0.030958513016026923), ('The Jamaica Kid', 0.030958513016026923), ('Gorilla Monsoon', 0.027375932830789942)]"
1971-01-01,27,30,0.042735042735042736,6,10,15,28,40,0.1609556519082132,0.03703703703703703,Pedro Morales,0.1609556519082132,2.1191369212167115,"[('Pedro Morales', 0.1609556519082132), ('Blackjack Mulligan', 0.07595339890345539), ('Jose Luis Rivera', 0.05610027579480804), ('Wolfman Farkus', 0.05164942833730273), ('Little Brutus', 0.047533150568016755), ('Sky Low Low', 0.047533150568016755), ('Vincente Pometti', 0.047533150568016755), ('Chief Jay Strongbow', 0.04661999158540687), ('Jack Evans', 0.04528935363528913), ('Ivan Koloff', 0.041049303833946726)]"
1971-05-01,34,46,0.040998217468805706,6,21,14,46,30,0.12203954869810185,0.029411764705882346,Chief Jay Strongbow,0.12203954869810185,1.5062528454436974,"[('Chief Jay Strongbow', 0.12203954869810185), ('Eddie Graham', 0.0810219539616223), ('Stan Stasiak', 0.06875812895047317), ('Pedro Morales', 0.06693204870210127), ('Beautiful Bobby', 0.04860405493750472), ('Luke Graham', 0.03887487750476352), ('Tarzan Tyler', 0.03887487750476352), ('Bob Roop', 0.03673319653118621), ('Jimmy Valiant', 0.034447914029237935), ('Manuel Soto', 0.03202808226593515)]"
1971-09-01,27,37,0.05270655270655271,5,8,15,34,43,0.06282510642365906,0.03703703703703703,Al Costello,0.06282510642365906,1.0,"[('Al Costello', 0.06282510642365906), ('Don Kent', 0.06282510642365906), ('Pedro Morales', 0.06199410315494496), ('Rene Goulet', 0.058454665803728045), ('Victor Rivera', 0.05329715861168328), ('Stan Stasiak', 0.050880955209959625), ('Gorilla Monsoon', 0.04962856160787367), ('Rugged Russian #1', 0.048238867800471576), ('Rugged Russian #2', 0.048238867800471576), ('Karl Gotch', 0.046552770863401004)]"
1972-01-01,34,44,0.0392156862745098,5,16,9,43,36,0.10652156317897386,0.029411764705882353,Pedro Morales,0.10652156317897386,1.4112652397121843,"[('Pedro Morales', 0.10652156317897386), ('Ernie Ladd', 0.07547947769244145), ('Pampero Firpo', 0.0733090202353028), ('King Curtis Iaukea', 0.06620536460770689), ('Sonny King', 0.062461850608791676), ('Gorilla Monsoon', 0.047978765302111724), ('Victor Rivera', 0.04256600558775786), ('Chief Jay Strongbow', 0.0371008012599967), ('Farmer Jerome', 0.030385062437454907), ('Joey Russell', 0.030385062437454907)]"
1972-05-01,46,49,0.023671497584541065,11,29,17,48,43,0.08588446299878,0.021739130434782605,Chief Jay Strongbow,0.08588446299878,1.05534023923643,"[('Chief Jay Strongbow', 0.08588446299878), ('Professor Toru Tanaka', 0.08138082848136252), ('Mr. Fuji', 0.07442878411450382), ('Sonny King', 0.06222301924686837), ('Pedro Morales', 0.04997570197666005), ('The Fabulous Moolah', 0.030993681122986567), ('Dory Funk', 0.02282182521164426), ('Sr.', 0.02282182521164426), ('Al Costello', 0.021236326104792355), ('Black Demon', 0.021236326104792355)]"
1972-09-01,48,70,0.03102836879432624,8,27,25,66,45,0.08937840480902441,0.02083333333333333,Pedro Morales,0.08937840480902441,1.9011645793287386,"[('Pedro Morales', 0.08937840480902441), ('The Spoiler', 0.047012450042900576), ('Victor Rivera', 0.04588946033104832), ('Sonny King', 0.04491484661147581), ('El Olympico', 0.037962601367804695), (""Chuck O'Connor"", 0.03494979051430973), ('Bruno Sammartino', 0.03389072895599623), ('Chief Jay Strongbow', 0.0313314941729954), ('Black Gordman', 0.029258972195874138), ('Mr. Fuji', 0.027866789021514397)]"
1973-01-01,51,52,0.0203921568627451,10,24,21,48,66,0.06099647800437691,0.0196078431372549,Victor Rivera,0.06099647800437691,1.2199814837735439,"[('Victor Rivera', 0.06099647800437691), ('Pedro Morales', 0.04999787194778379), ('The Fabulous Moolah', 0.034589804034536355), ('Black Gordman', 0.03141321115692008), ('Butcher Vachon', 0.03115956046037821), ('Mad Dog Vachon', 0.03115956046037821), ('Tony Garea', 0.029145067554457445), ('Chief Jay Strongbow', 0.028328059123903463), ('Gorilla Monsoon', 0.027221022297995848), ('King Curtis Iaukea', 0.023700331074378543)]"
1973-05-01,33,41,0.038825757575757576,5,10,28,35,46,0.07112163448182483,0.03030303030303031,Blackjack Lanza,0.07112163448182483,1.2232934667217774,"[('Blackjack Lanza', 0.07112163448182483), ('Victor Rivera', 0.05813947054946591), ('Pedro Morales', 0.05572289906940982), ('Haystacks Calhoun', 0.054097438342795914), ('Chief Jay Strongbow', 0.04656710763186274), ('The Fabulous Moolah', 0.043880966937757906), ('Farmer Jerome', 0.04227337113089109), ('Pee Wee Adams', 0.04227337113089109), ('Little Boy Blue', 0.04227337113089109), ('Little Louie', 0.04227337113089109)]"
1973-09-01,30,44,0.05057471264367816,6,16,19,39,36,0.0856157609403216,0.03333333333333334,Chief Jay Strongbow,0.0856157609403216,1.2063758268501859,"[('Chief Jay Strongbow', 0.0856157609403216), ('Stan Stasiak', 0.07096939364564524), ('Pedro Morales', 0.06276986067875487), ('Don Leo Jonathan', 0.06212923863749542), ('Jose Gonzales', 0.05321891948201342), ('Victor Rivera', 0.051538641145989564), ('Tony Garea', 0.04399863713225163), ('Bruno Sammartino', 0.041748590641383004), ('Dean Ho', 0.04097158824962542), ('Mike McCord', 0.03858243810163342)]"
1974-01-01,33,44,0.041666666666666664,6,14,11,34,34,0.09605576167790685,0.030303030303030304,Bruno Sammartino,0.09605576167790685,1.329385283661843,"[('Bruno Sammartino', 0.09605576167790685), ('Nikolai Volkoff', 0.07225577329494542), ('Pedro Morales', 0.0661107616425743), ('Tony Garea', 0.0586459776721756), ('Chief Jay Strongbow', 0.052994891992966094), ('Otto Von Heller', 0.04984159406130632), ('Jose Gonzales', 0.04842133497923098), ('Dean Ho', 0.04520131729658998), ('Professor Toru Tanaka', 0.03639693368572068), ('Butcher Brannigan', 0.029262346735181077)]"
1974-05-01,32,43,0.04334677419354839,5,13,14,40,41,0.11026533190754574,0.03125,Bruno Sammartino,0.11026533190754574,1.1305181383678287,"[('Bruno Sammartino', 0.11026533190754574), ('Chief Jay Strongbow', 0.0975352169640904), ('Jimmy Valiant', 0.08429420837743443), ('Johnny Valiant', 0.08429420837743443), ('Larry Zbyszko', 0.04346809886387712), ('Pedro Morales', 0.0413464130399679), ('Jose Gonzales', 0.04043711911543538), ('The Fabulous Moolah', 0.04043711911543538), ('Jack Evans', 0.034284549680676804), ('Dean Ho', 0.0340720616437077)]"
1974-09-01,29,38,0.046798029556650245,7,11,14,27,32,0.08824931614801491,0.034482758620689655,Bruno Sammartino,0.08824931614801491,1.1090346563584308,"[('Bruno Sammartino', 0.08824931614801491), ('Chief Jay Strongbow', 0.07957309146477518), ('Larry Zbyszko', 0.07671127757466929), ('Spiros Arion', 0.05208210080375423), ('Pedro Morales', 0.0485750590021872), ('Jimmy Valiant', 0.044030988040501026), ('Johnny Valiant', 0.044030988040501026), ('Jose Gonzales', 0.04214646966502203), ('Bobby Duncum', 0.036548950867909706), ('Jack Evans', 0.036548950867909706)]"
1975-01-01,34,55,0.049019607843137254,5,15,10,48,31,0.16092413872714784,0.02941176470588236,Bruno Sammartino,0.16092413872714784,1.0095789952254965,"[('Bruno Sammartino', 0.16092413872714784), ('Spiros Arion', 0.15939727301002762), ('Tony Garea', 0.043084799001478456), ('Dean Ho', 0.04239248161798337), ('Jimmy Valiant', 0.03783100451567489), ('Johnny Valiant', 0.03783100451567489), ('Ivan Putski', 0.034567700389506635), ('Chief Jay Strongbow', 0.03290683008507764), ('Waldo Von Erich', 0.030864615411407406), ('Mike Paidousis', 0.02952525159757292)]"
1975-05-01,34,46,0.040998217468805706,6,13,13,43,52,0.07044666816184002,0.029411764705882346,Waldo Von Erich,0.07044666816184002,1.04104449280637,"[('Waldo Von Erich', 0.07044666816184002), ('Baron Mikel Scicluna', 0.06766921937402998), ('Bruno Sammartino', 0.062294279598081016), ('Chief Jay Strongbow', 0.057338473020298646), ('Dominic DeNucci', 0.05334322921057629), ('Haystacks Calhoun', 0.05143875749507575), ('Victor Rivera', 0.05010771735296586), ('Pat Barrett', 0.034886311435491466), ('Spiros Arion', 0.034341094577248606), ('The Fabulous Moolah', 0.032358771946135664)]"
1975-09-01,37,61,0.0457957957957958,6,20,17,59,44,0.058389352188602174,0.027027027027027032,Ivan Putski,0.058389352188602174,1.0498922263983177,"[('Ivan Putski', 0.058389352188602174), ('Ernie Ladd', 0.05561461521522866), ('Bruno Sammartino', 0.05276054578419672), ('Louis Cerdan', 0.04813133378668294), ('Tony Parisi', 0.04813133378668294), ('Haystacks Calhoun', 0.04479094449732424), ('Pat Barrett', 0.04258441520840431), ('Blackjack Lanza', 0.04146576569094485), ('Blackjack Mulligan', 0.04146576569094485), ('Spiros Arion', 0.03761163385762258)]"
1976-01-01,37,58,0.04354354354354354,7,17,17,51,54,0.12323628283712582,0.02702702702702703,Bruno Sammartino,0.12323628283712582,1.0493835641980498,"[('Bruno Sammartino', 0.12323628283712582), ('Billy Graham', 0.11743683343402114), ('Ivan Koloff', 0.07868096569249088), ('Tony Parisi', 0.07755790184374209), ('Stan Hansen', 0.06165148756184471), ('Louis Cerdan', 0.041388760546103305), ('Ernie Ladd', 0.04136602869901455), ('Bobo Brazil', 0.03546556537409518), ('Dominic DeNucci', 0.02848324862415473), ('Andre the Giant', 0.02783892270154619)]"
1976-05-01,33,40,0.03787878787878788,8,12,16,40,58,0.07483751930243193,0.030303030303030293,Bruno Sammartino,0.07483751930243193,1.0943897911708622,"[('Bruno Sammartino', 0.07483751930243193), ('Billy White Wolf', 0.06838287409677407), ('Stan Hansen', 0.06816026943572702), ('Ivan Putski', 0.060313406424124076), ('Chief Jay Strongbow', 0.05402045414239579), ('Bobo Brazil', 0.04562182425280377), ('Executioner #1', 0.03590330110660219), ('Executioner #2', 0.03590330110660219), ('Andre the Giant', 0.03125940429842549), ('Gorilla Monsoon', 0.03125940429842549)]"
1976-09-01,38,58,0.041251778093883355,7,18,13,50,32,0.15754095404117824,0.02631578947368421,Bruno Sammartino,0.15754095404117824,1.106162444671758,"[('Bruno Sammartino', 0.15754095404117824), ('Stan Stasiak', 0.142421174032831), ('Ivan Putski', 0.06627831462656292), ('Doug Gilbert', 0.05315532074772349), ('Nikolai Volkoff', 0.045969116952795694), ('Stan Hansen', 0.04268371975914811), ('Chief Jay Strongbow', 0.0367936604804402), ('Bobo Brazil', 0.03140090799384578), ('Pete Sanchez', 0.029597968637954192), ('Victor Rivera', 0.02807143759674184)]"
1977-01-01,42,64,0.03716608594657375,5,18,14,57,51,0.0746429936493588,0.023809523809523808,Bruno Sammartino,0.0746429936493588,1.1657381929850164,"[('Bruno Sammartino', 0.0746429936493588), ('Ken Patera', 0.06403066666129056), ('Billy Graham', 0.04480646680885863), ('Don Kent', 0.04283598983227579), ('Ivan Putski', 0.040095982063982405), ('Jose Gonzales', 0.03499747019616133), ('Larry Zbyszko', 0.0346943871339605), ('Billy White Wolf', 0.03437631896126948), ('Chief Jay Strongbow', 0.03380768942723806), ('Carlos Rocha', 0.029244926673967622)]"
1977-05-01,34,44,0.0392156862745098,9,13,21,38,58,0.22346462403224646,0.02941176470588236,Bruno Sammartino,0.22346462403224646,1.0284354467658823,"[('Bruno Sammartino', 0.22346462403224646), ('Billy Graham', 0.2172859995588201), ('Ken Patera', 0.0449689731057198), ('Chief Jay Strongbow', 0.04070941332153037), ('Peter Maivia', 0.03140484188400107), ('Mr. Fuji', 0.02733951026042493), ('Professor Toru Tanaka', 0.02733951026042493), ('Larry Zbyszko', 0.021933552174555976), ('Tony Garea', 0.021933552174555976), ('Ivan Putski', 0.019177032657809828)]"
1977-09-01,35,56,0.047058823529411764,6,17,16,51,39,0.08754730571173817,0.028571428571428564,Chief Jay Strongbow,0.08754730571173817,1.0128220276846704,"[('Chief Jay Strongbow', 0.08754730571173817), ('Bob Backlund', 0.08643898268274526), ('Mr. Fuji', 0.08435777206791158), ('Professor Toru Tanaka', 0.08214112506236357), ('Billy Graham', 0.07966189498320975), ('Dusty Rhodes', 0.06858018332048017), ('Mil Mascaras', 0.05213280644435929), ('Tony Garea', 0.04098726323807912), ('Larry Zbyszko', 0.028552161546549236), ('Stan Stasiak', 0.026834151496487244)]"
1978-01-01,40,62,0.03974358974358974,8,19,14,57,51,0.17306525184806695,0.025000000000000005,Billy Graham,0.17306525184806695,1.0889457010803818,"[('Billy Graham', 0.17306525184806695), ('Bob Backlund', 0.15892918414238907), ('Spiros Arion', 0.061720666556360396), ('Ken Patera', 0.03941566791733669), ('Tatsumi Fujinami', 0.03650294262627921), ('Mil Mascaras', 0.03256719645128049), ('Dusty Rhodes', 0.03256719645128049), ('Steve Keirn', 0.024949553930184946), ('Andre the Giant', 0.02267702142959019), ('Peter Maivia', 0.02194989664846115)]"
1978-05-01,34,56,0.049910873440285206,6,15,21,55,61,0.07661800034900271,0.029411764705882346,Bob Backlund,0.07661800034900271,1.0106212676143969,"[('Bob Backlund', 0.07661800034900271), ('Ivan Koloff', 0.07581277260260107), ('George Steele', 0.0582809010799993), ('Tony Garea', 0.05599278191303982), ('Dino Bravo', 0.054820931598243465), ('Andre the Giant', 0.05200510532764614), ('Yukon Eric', 0.05151527301195371), ('Yukon Pierre', 0.05151527301195371), ('Billy Graham', 0.04982473112037317), ('Dusty Rhodes', 0.038912546969346304)]"
1978-09-01,33,54,0.05113636363636364,5,11,12,46,48,0.10970996919113024,0.0303030303030303,Peter Maivia,0.10970996919113024,1.0311048998892294,"[('Peter Maivia', 0.10970996919113024), ('Bob Backlund', 0.10640039553969366), ('Dino Bravo', 0.0698918490637236), ('Bruno Sammartino', 0.06557423574803671), ('Billy Graham', 0.06489096912705941), ('Yukon Pierre', 0.04803880589915729), ('Victor Rivera', 0.042716666318102385), ('Dusty Rhodes', 0.03770964754884778), ('Ivan Koloff', 0.03267489575974113), ('Yukon Eric', 0.03210835979041891)]"
1979-01-01,46,59,0.028502415458937197,8,26,13,58,53,0.043347651288451285,0.0217391304347826,Dominic DeNucci,0.043347651288451285,1.0265600118829823,"[('Dominic DeNucci', 0.043347651288451285), ('Bruno Sammartino', 0.042226124909093464), ('Allen Coage', 0.038542277283203), ('Harley Race', 0.036347172866903456), ('Bob Backlund', 0.03561396237694598), ('Ivan Koloff', 0.03448020234965562), ('Chief Jay Strongbow', 0.0325773062189055), ('Jimmy Valiant', 0.03136858482090923), ('Johnny Valiant', 0.03136858482090923), ('Captain Lou Albano', 0.03136858482090923)]"
1979-05-01,36,57,0.04523809523809524,7,13,23,48,50,0.10323392741408768,0.02777777777777777,Bob Backlund,0.10323392741408768,1.0289559379171012,"[('Bob Backlund', 0.10323392741408768), ('Pat Patterson', 0.10032881254668927), ('Tito Santana', 0.051218788248887336), ('Greg Valentine', 0.048318024814213885), ('Andre the Giant', 0.046691233496547066), ('Johnny Valiant', 0.041497141781604414), ('Bruno Sammartino', 0.03907107303511978), ('Ivan Putski', 0.03717740387744419), ('Ted DiBiase', 0.03711500511650994), ('Nikolai Volkoff', 0.031149264748434914)]"
1979-09-01,42,43,0.02497096399535424,7,20,14,34,48,0.06230599806509036,0.023809523809523808,Bob Backlund,0.06230599806509036,1.377476294518414,"[('Bob Backlund', 0.06230599806509036), ('Antonio Inoki', 0.04523199296643682), ('Harley Race', 0.03823432299303467), ('Larry Zbyszko', 0.03748067733346374), ('Hussein Arab', 0.0368048873840901), ('Johnny Rodz', 0.036771754423298025), ('Ivan Putski', 0.034697139741560024), ('Tito Santana', 0.03440064467418638), ('Pat Patterson', 0.03364284052535623), ('Nikolai Volkoff', 0.03173303985770108)]"
1980-01-01,39,44,0.029689608636977057,8,21,24,44,43,0.10476529309215822,0.02564102564102564,Larry Zbyszko,0.10476529309215822,1.0287230890022876,"[('Larry Zbyszko', 0.10476529309215822), ('Bruno Sammartino', 0.10184012997488506), ('Bob Backlund', 0.08454724303276158), ('Ken Patera', 0.03792640641925919), ('Hulk Hogan', 0.03424175610631305), ('Jay Youngblood', 0.02980509013569863), ('Ricky Steamboat', 0.02980509013569863), ('Pat Patterson', 0.02958057452220756), ('Andre the Giant', 0.029550434120266103), ('Tony Atlas', 0.029080663140819408)]"
1980-05-01,28,39,0.051587301587301584,4,7,18,30,35,0.0803187276792448,0.03571428571428571,Bruno Sammartino,0.0803187276792448,1.0527748688921301,"[('Bruno Sammartino', 0.0803187276792448), ('Larry Zbyszko', 0.07629240595737896), ('Ivan Putski', 0.0660943808485564), ('Bob Backlund', 0.05685293640241031), ('Tony Atlas', 0.048009216818438796), ('Afa', 0.04668626211668703), ('Sika', 0.04668626211668703), ('Andre the Giant', 0.044553114681947524), ('Bobby Duncum', 0.04175837417661462), ('Ken Patera', 0.04134490506319216)]"
1980-09-01,42,50,0.029036004645760744,9,21,7,43,32,0.14430391991526503,0.0238095238095238,Tony Garea,0.14430391991526503,1.0405012594222336,"[('Tony Garea', 0.14430391991526503), ('Larry Zbyszko', 0.13868692479564482), ('Pedro Morales', 0.04592591402036962), ('Rick Martel', 0.041322635444290795), ('Bruno Sammartino', 0.040010588926012856), ('Sergeant Slaughter', 0.03468637067249885), ('Bob Backlund', 0.028422683971597088), ('Pat Patterson', 0.025914832613927363), ('Andre the Giant', 0.02416504410391132), ('The Hangman', 0.02403642477037298)]"
1981-01-01,29,29,0.03571428571428571,7,10,23,27,48,0.121160178398309,0.03448275862068965,Bob Backlund,0.121160178398309,1.0,"[('Bob Backlund', 0.121160178398309), ('Stan Hansen', 0.121160178398309), ('Pedro Morales', 0.05307822408053458), ('Rick Martel', 0.05088916685583164), ('The Great Yatsu', 0.04496521032890097), ('Killer Khan', 0.04238986972850826), ('Tony Atlas', 0.040200635360113875), ('Tony Garea', 0.037753760645465366), ('Special Delivery Jones', 0.034663139352564404), ('Leilani Kai', 0.03363293225493074)]"
1981-05-01,40,48,0.03076923076923077,7,18,7,43,24,0.12179180191986087,0.025,Bob Backlund,0.12179180191986087,1.0625862690664567,"[('Bob Backlund', 0.12179180191986087), ('Angelo Mosca', 0.11461827191392374), ('Don Muraco', 0.08095370487037652), ('Pedro Morales', 0.05747140995977623), ('Pat Patterson', 0.05511525716576248), ('Tony Garea', 0.038856824691997416), ('Special Delivery Jones', 0.03637735438344376), ('Sergeant Slaughter', 0.027188341817995832), ('Rick Martel', 0.024719907927914862), ('Curt Hennig', 0.023654029283003877)]"
1981-09-01,32,35,0.03528225806451613,7,12,20,32,45,0.08192244788389974,0.03125,Tony Atlas,0.08192244788389974,1.2100505890986115,"[('Tony Atlas', 0.08192244788389974), ('Rick Martel', 0.06770167183251838), ('Tony Garea', 0.060093335127424055), ('Mr. Saito', 0.0526474082216213), ('Mr. Fuji', 0.05036562996705614), ('Mil Mascaras', 0.048335776503080144), ('Pedro Morales', 0.04326355203301725), ('Killer Khan', 0.04174236652997382), ('Dusty Rhodes', 0.04072743979798582), ('Bob Backlund', 0.038191327562954375)]"
1982-01-01,37,58,0.04354354354354354,6,19,14,53,30,0.09511566192201598,0.02702702702702702,Pedro Morales,0.09511566192201598,1.0103144288658858,"[('Pedro Morales', 0.09511566192201598), ('Greg Valentine', 0.0941446139978291), ('Pat Patterson', 0.04577840119550747), ('Mr. Fuji', 0.04286952996140845), ('Mr. Saito', 0.04286952996140845), ('Captain Lou Albano', 0.04286952996140845), ('Tony Garea', 0.04248827130982923), ('Charlie Fulton', 0.036506952541675325), ('Andre the Giant', 0.03574623257792745), ('Johnny Rodz', 0.03196236809861695)]"
1982-05-01,47,60,0.027752081406105456,9,22,12,52,50,0.14401918414590079,0.021276595744680847,Jimmy Snuka,0.14401918414590079,1.1804243308242253,"[('Jimmy Snuka', 0.14401918414590079), ('Bob Backlund', 0.12200628230472013), ('Pedro Morales', 0.0731759800702253), ('Bob Orton Jr.', 0.05149071062986776), ('Salvatore Bellomo', 0.031917461752718694), ('The Fabulous Moolah', 0.02748050153042934), ('Johnny Rodz', 0.027089081678276287), ('Andre the Giant', 0.025362242855765306), ('Chief Jay Strongbow', 0.02507424150861558), ('Jules Strongbow', 0.02507424150861558)]"
1982-09-01,40,43,0.027564102564102563,9,17,24,37,54,0.14365311491807933,0.025000000000000012,Buddy Rose,0.14365311491807933,1.01441522803098,"[('Buddy Rose', 0.14365311491807933), ('Pedro Morales', 0.14161174926062153), ('Billy Graham', 0.07024080680670307), ('Bob Backlund', 0.07024080680670307), ('Jimmy Snuka', 0.03983523691111373), ('Special Delivery Jones', 0.028448127563174937), ('Tony Garea', 0.0269554774721944), ('Jules Strongbow', 0.024716502335723593), ('Salvatore Bellomo', 0.023970177290233326), ('Ray Stevens', 0.02393287598887583)]"
1983-01-01,34,55,0.049019607843137254,5,10,16,51,39,0.10505204118330641,0.029411764705882353,Rocky Johnson,0.10505204118330641,1.2066215871826476,"[('Rocky Johnson', 0.10505204118330641), ('Don Muraco', 0.08706295519591477), ('Bob Backlund', 0.06615154611280234), ('Jimmy Snuka', 0.055005983699849124), ('Salvatore Bellomo', 0.04924091052011279), ('Andre the Giant', 0.04716645071730635), ('Mr. Fuji', 0.045948306010977366), ('Jose Estrada', 0.03428449702074286), ('Afa', 0.03373735299702844), ('Eddie Gilbert', 0.03249281546552975)]"
1983-05-01,49,74,0.031462585034013606,11,29,14,63,44,0.16287730313867063,0.020408163265306117,Bob Backlund,0.16287730313867063,1.7955444817139243,"[('Bob Backlund', 0.16287730313867063), ('George Steele', 0.09071192877560864), ('Sergeant Slaughter', 0.07972218467682651), ('Don Muraco', 0.07148323591022256), ('Rocky Johnson', 0.03933410194315371), ('Jimmy Snuka', 0.03595870170645154), ('Ivan Putski', 0.03509054995447846), ('Ivan Koloff', 0.02830812377635431), ('Andre the Giant', 0.023884811902406378), ('Invader #2', 0.019733590343583546)]"
1983-09-01,46,57,0.02753623188405797,10,13,16,52,69,0.07071372339888159,0.021739130434782605,Don Muraco,0.07071372339888159,1.054324465931413,"[('Don Muraco', 0.07071372339888159), ('Jimmy Snuka', 0.06707017211861015), ('Arnold Skaaland', 0.04575595153715022), ('The Iron Sheik', 0.03979367575317166), ('Bob Backlund', 0.038155902895398955), ('Tito Santana', 0.03555944318841667), ('Rocky Johnson', 0.03444024811916135), ('The Masked Superstar', 0.031923840342560274), ('Salvatore Bellomo', 0.029419163195260577), ('The Magnificent Muraco', 0.028997837546142602)]"
1984-01-01,53,84,0.030478955007256895,9,24,17,76,49,0.13977746821170603,0.01886792452830188,Tito Santana,0.13977746821170603,1.1101836291932121,"[('Tito Santana', 0.13977746821170603), ('Don Muraco', 0.12590481838872414), ('Hulk Hogan', 0.0742972685536641), ('David Schultz', 0.039872762037581805), ('Roddy Piper', 0.039872762037581805), ('Paul Orndorff', 0.0345400088585489), ('The Iron Sheik', 0.027649843601510515), ('Iron Mike Sharpe', 0.023081502597846536), ('Salvatore Bellomo', 0.01921443013944054), ('Rocky Johnson', 0.018875058609816052)]"
1984-05-01,52,60,0.02262443438914027,10,20,21,56,80,0.07148746848062502,0.019230769230769232,The Fabulous Moolah,0.07148746848062502,1.0,"[('The Fabulous Moolah', 0.07148746848062502), ('Wendi Richter', 0.07148746848062502), ('George Steele', 0.0367346964802585), ('Adrian Adonis', 0.030519529080411882), ('Dick Murdoch', 0.030519529080411882), ('Roddy Piper', 0.02996867492119496), ('Paul Orndorff', 0.02912842608687275), ('Tito Santana', 0.028971324102803755), ('Jesse Ventura', 0.02517827677802019), ('Sika', 0.02441800111761039)]"
1984-09-01,52,52,0.0196078431372549,12,22,22,49,57,0.0814299525324233,0.019230769230769235,Hulk Hogan,0.0814299525324233,1.0493969501088058,"[('Hulk Hogan', 0.0814299525324233), ('Big John Studd', 0.07759690222463511), ('Greg Valentine', 0.0686145233734659), ('Tito Santana', 0.06669799821957177), ('Roddy Piper', 0.03300144005785977), ('David Sammartino', 0.03167175744305789), ('Jimmy Snuka', 0.02897744605869071), ('The Tonga Kid', 0.02897744605869071), ('Antonio Inoki', 0.027832725386173797), ('Nikolai Volkoff', 0.026480826424645935)]"
1985-01-01,75,146,0.026306306306306305,10,38,15,137,43,0.07618162657046464,0.01333333333333334,Andre the Giant,0.07618162657046464,1.2828393923833514,"[('Andre the Giant', 0.07618162657046464), ('Big John Studd', 0.05938516311767517), ('Ken Patera', 0.05801119526716105), ('Wendi Richter', 0.03856275945632383), ('Jimmy Snuka', 0.03827667919664088), ('Leilani Kai', 0.03672050255959141), ('Barry Windham', 0.034282623691158705), ('Nikolai Volkoff', 0.03378455406710529), ('The Iron Sheik', 0.031824155952174686), ('Blackjack Mulligan', 0.030884091205010226)]"
1985-05-01,74,114,0.021103295075897817,12,21,22,104,136,0.06824930895198154,0.013513513513513516,Hulk Hogan,0.06824930895198154,1.0254270080959624,"[('Hulk Hogan', 0.06824930895198154), ('Don Muraco', 0.06655696447737271), ('The Iron Sheik', 0.04743661650397603), ('Adrian Adonis', 0.028152814496280366), ('Tito Santana', 0.027641412720952326), ('Barry Windham', 0.02552922557321512), ('Mike Rotundo', 0.02552922557321512), ('Ken Patera', 0.024212277761221934), ('Big John Studd', 0.024055886420526813), ('Ricky Steamboat', 0.022944960564409485)]"
1985-09-01,91,210,0.02564102564102564,9,35,18,190,94,0.14018316285205742,0.01098901098901099,Randy Savage,0.14018316285205742,1.247889219016369,"[('Randy Savage', 0.14018316285205742), ('Tito Santana', 0.11233622401398323), ('Terry Funk', 0.07755179402821366), ('Junkyard Dog', 0.06901258046014669), ('Hulk Hogan', 0.03588327150826496), ('Greg Valentine', 0.024635624054116616), ('Ricky Steamboat', 0.021569349056358073), ('Uncle Elmer', 0.019919050395480534), ('Brutus Beefcake', 0.017827296805250775), ('Pedro Morales', 0.01703979302574852)]"
1986-01-01,77,133,0.022727272727272728,10,19,33,95,172,0.09133635519095692,0.01298701298701299,Randy Savage,0.09133635519095692,1.143539811385125,"[('Randy Savage', 0.09133635519095692), ('Corporal Kirchner', 0.07987160069252401), ('The Iron Sheik', 0.0655332382199394), ('Hulk Hogan', 0.05882159144328121), ('Tito Santana', 0.04595198895312577), ('Adrian Adonis', 0.03830171385682598), ('Junkyard Dog', 0.027635028220201183), ('Ricky Steamboat', 0.02536525268814261), ('Nikolai Volkoff', 0.02422909586568278), ('B. Brian Blair', 0.023735897340846607)]"
1986-05-01,96,238,0.026096491228070177,7,42,23,219,114,0.08616384413745756,0.010416666666666666,Harley Race,0.08616384413745756,1.5158512079644224,"[('Harley Race', 0.08616384413745756), ('Ricky Steamboat', 0.056841887702925434), ('Pedro Morales', 0.05343338024748877), ('Junkyard Dog', 0.052600024406911125), ('Nikolai Volkoff', 0.05215154440601279), ('Jake Roberts', 0.041635730503151815), ('Billy Jack Haynes', 0.026059217990769885), ('Adrian Adonis', 0.024714206464529587), ('Danny Spivey', 0.023438375564784814), ('Paul Orndorff', 0.022636461007303692)]"
1986-09-01,150,540,0.024161073825503355,8,73,19,480,178,0.06341630272806965,0.006666666666666667,Randy Savage,0.06341630272806965,1.0892388213597635,"[('Randy Savage', 0.06341630272806965), ('Jake Roberts', 0.05822075148671547), ('Hulk Hogan', 0.041746821836052765), ('Bret Hart', 0.03370224547255724), ('Junkyard Dog', 0.030935620648052446), ('Jim Neidhart', 0.026400414830679717), ('Ricky Steamboat', 0.025554092644805165), ('Dynamite Kid', 0.02370072229552674), ('Kamala', 0.022108307242304902), ('Jacques Rougeau', 0.020655623116492088)]"
1987-01-01,134,561,0.03147794860285041,6,49,65,459,438,0.0451879736048081,0.007462686567164177,Harley Race,0.0451879736048081,1.0794140441526414,"[('Harley Race', 0.0451879736048081), ('Bret Hart', 0.04186342937596429), ('Jim Neidhart', 0.04186342937596429), ('Junkyard Dog', 0.03764974820722954), ('Billy Jack Haynes', 0.03485317022957833), ('Davey Boy Smith', 0.03401566433574518), ('Rick Martel', 0.031114970752893743), ('Tom Zenk', 0.031114970752893743), ('Hulk Hogan', 0.02856022490250226), ('Ricky Steamboat', 0.02643561431847898)]"
1987-05-01,143,592,0.029153944646902394,9,58,49,464,433,0.04155783404301945,0.006993006993006992,Haku,0.04155783404301945,1.056654589530414,"[('Haku', 0.04155783404301945), ('Ax', 0.03932962999904074), ('Smash', 0.03932962999904074), ('Hulk Hogan', 0.039141700897645765), ('Rick Martel', 0.03621762285684821), ('Tito Santana', 0.03405684417634073), ('Ken Patera', 0.029417839462486065), ('Brutus Beefcake', 0.029257493509419315), ('Butch Reed', 0.027381270712480574), ('Tom Zenk', 0.023242360745761713)]"
1987-09-01,143,622,0.03063134049049542,8,52,52,494,464,0.07056168096202199,0.006993006993006993,Honky Tonk Man,0.07056168096202199,1.094938093925755,"[('Honky Tonk Man', 0.07056168096202199), ('Randy Savage', 0.06444353461941621), ('Ted DiBiase', 0.05279952240498413), ('Jake Roberts', 0.045268219646420985), ('Haku', 0.04172206337063242), ('Danny Davis', 0.0328489299380199), ('Junkyard Dog', 0.02889402813388013), ('Rick Martel', 0.02803333421701859), ('Brutus Beefcake', 0.027168509946069633), ('Tito Santana', 0.025706909213627074)]"
1988-01-01,138,496,0.026235057653654924,8,42,47,345,471,0.10831440034848877,0.007246376811594202,Andre the Giant,0.10831440034848877,1.1066610672064243,"[('Andre the Giant', 0.10831440034848877), ('Hulk Hogan', 0.09787495336933634), ('Ted DiBiase', 0.09461392505528621), ('Randy Savage', 0.08261300527578345), ('Bam Bam Bigelow', 0.05212428988430989), ('One Man Gang', 0.04519136392210057), ('Jim Duggan', 0.026621798303261005), ('Rick Rude', 0.01950101520128676), ('Haku', 0.0191709467881059), ('Tama', 0.0191709467881059)]"
1988-05-01,169,531,0.01870245139475909,7,83,52,459,424,0.07430756598934549,0.005917159763313607,Rick Rude,0.07430756598934549,1.0355726337377238,"[('Rick Rude', 0.07430756598934549), ('Jake Roberts', 0.07175504988109326), ('Honky Tonk Man', 0.050456617603189376), ('Andre the Giant', 0.03785999783738548), ('Dino Bravo', 0.03730667976338716), ('Ken Patera', 0.03543814463034712), ('Hulk Hogan', 0.033609404435012855), ('Brutus Beefcake', 0.031421826903418014), ('Randy Savage', 0.029001832824841832), ('Jim Duggan', 0.028109586187967994)]"
1988-09-01,150,538,0.02407158836689038,6,60,79,450,443,0.08748060325251672,0.006666666666666668,Ted DiBiase,0.08748060325251672,1.8401053247360806,"[('Ted DiBiase', 0.08748060325251672), ('Jim Duggan', 0.047541084782776626), ('Dino Bravo', 0.045466498953538055), ('Randy Savage', 0.04128399262013334), ('Hulk Hogan', 0.0382388253479021), ('Brutus Beefcake', 0.030499234818545412), ('Hercules', 0.029138965384251578), ('Ron Bass', 0.02759128882622065), ('Mr. Perfect', 0.027507945943245193), ('Ax', 0.02731854598608495)]"
1989-01-01,176,498,0.01616883116883117,9,89,63,420,460,0.1367346737297165,0.005681818181818182,Hulk Hogan,0.1367346737297165,1.707645725395599,"[('Hulk Hogan', 0.1367346737297165), ('Randy Savage', 0.08007203818464166), ('Big Boss Man', 0.07407813096707366), ('Arn Anderson', 0.03691478487462171), ('Tully Blanchard', 0.03691478487462171), ('Mr. Perfect', 0.03594612129744184), ('Marty Jannetty', 0.02861298315438987), ('Shawn Michaels', 0.02861298315438987), ('Brutus Beefcake', 0.021297927956457578), ('Jim Duggan', 0.017432475737945933)]"
1989-05-01,177,495,0.015889830508474576,8,93,92,435,438,0.09394207412030413,0.005649717514124294,Ted DiBiase,0.09394207412030413,1.9018116423781817,"[('Ted DiBiase', 0.09394207412030413), ('Jimmy Snuka', 0.04939609792420412), ('Dusty Rhodes', 0.04795223918164872), ('Arn Anderson', 0.047544185768258446), ('Tully Blanchard', 0.047544185768258446), ('Smash', 0.043754790046435114), ('Ax', 0.041754033943011075), ('Bushwhacker Butch', 0.02711653570224585), ('Bushwhacker Luke', 0.02711653570224585), ('Mr. Perfect', 0.02195307162812365)]"
1989-09-01,143,455,0.02240717029449424,8,62,96,406,446,0.06781184938222656,0.006993006993006993,Hulk Hogan,0.06781184938222656,1.0337726135697853,"[('Hulk Hogan', 0.06781184938222656), ('Bret Hart', 0.06559648465445529), ('The Genius', 0.06402060619049688), ('Dino Bravo', 0.062096996786625176), ('Mr. Perfect', 0.058095319449057985), ('Tito Santana', 0.045073375470109735), ('Roddy Piper', 0.04332063313729791), ('Rick Rude', 0.04075925823058042), ('Rick Martel', 0.023391408482899702), ('Randy Savage', 0.02336070133361945)]"
1990-01-01,163,504,0.0190865712338105,6,82,62,450,401,0.0552114941211602,0.006134969325153375,The Ultimate Warrior,0.0552114941211602,1.0079697387258737,"[('The Ultimate Warrior', 0.0552114941211602), ('Hulk Hogan', 0.054774952064484), ('Ted DiBiase', 0.041877025524637894), ('Jake Roberts', 0.03990447952433666), ('Dino Bravo', 0.03499102186685591), ('Jim Duggan', 0.03444931068801605), ('Earthquake', 0.03328248101460095), ('Mr. Perfect', 0.03222597409254533), ('Brutus Beefcake', 0.02533972947323536), ('Dusty Rhodes', 0.023942594764317697)]"
1990-05-01,136,424,0.02309368191721133,6,59,86,378,458,0.043468930339644746,0.007352941176470588,Smash,0.043468930339644746,1.0750606916925018,"[('Smash', 0.043468930339644746), ('Dusty Rhodes', 0.040433931475264195), ('Randy Savage', 0.03846444421720038), ('Bret Hart', 0.03538404640485768), ('Jim Neidhart', 0.03538404640485768), ('Earthquake', 0.030786722637729157), ('Nikolai Volkoff', 0.029657100648174492), ('Hulk Hogan', 0.02926132400051093), ('Crush', 0.025911025287397162), ('Ax', 0.024696321990635522)]"
1990-09-01,149,485,0.02199346998004716,6,60,47,429,368,0.04478224592969753,0.006711409395973154,Earthquake,0.04478224592969753,1.0681504982286256,"[('Earthquake', 0.04478224592969753), ('Mr. Perfect', 0.04192503397598228), ('Hulk Hogan', 0.03466450442705204), ('The Ultimate Warrior', 0.034272219277210796), ('Sergeant Slaughter', 0.034072544241909995), ('Tugboat', 0.030644472266891386), ('The Texas Tornado', 0.030389124588180282), ('Bret Hart', 0.03021972991503912), ('Nikolai Volkoff', 0.029153517900154514), ('Rick Martel', 0.021203142853422362)]"
1991-01-01,252,584,0.009232909631316006,20,169,66,550,451,0.06087134417537538,0.003968253968253967,Ted DiBiase,0.06087134417537538,1.0019485468286626,"[('Ted DiBiase', 0.06087134417537538), ('Ric Flair', 0.060752964179691185), ('The Texas Tornado', 0.03725241897169332), ('Sting', 0.030468677745372333), ('El Gigante', 0.028305314837125083), ('Big Boss Man', 0.02485888625528034), ('Virgil', 0.01743231459522246), ('Roddy Piper', 0.017189606208308134), ('Earthquake', 0.016515886247818932), ('The British Bulldog', 0.014749291404948657)]"
1991-05-01,269,794,0.011013704710647505,8,147,130,733,523,0.04797817902771532,0.0037174721189591068,Ted DiBiase,0.04797817902771532,1.0176133069576023,"[('Ted DiBiase', 0.04797817902771532), ('Virgil', 0.04714775121323593), ('Bret Hart', 0.038323806204365755), ('Big Boss Man', 0.03577091887720645), ('The Mountie', 0.034151930729097675), ('Earthquake', 0.027813062078968134), ('Colonel Mustafa', 0.025519906794029205), ('Jim Duggan', 0.024605236135523432), ('Irwin R. Schyster', 0.02456218644320829), ('Rick Steiner', 0.02220005214578362)]"
1991-09-01,208,664,0.015421776291341508,6,91,152,594,724,0.08481093089410477,0.004807692307692307,The Undertaker,0.08481093089410477,1.5200261506786337,"[('The Undertaker', 0.08481093089410477), ('Hulk Hogan', 0.0557957051306255), ('Steve Austin', 0.04842888466101381), ('Dustin Rhodes', 0.04518769620579008), ('Ric Flair', 0.04013761019564376), ('Bret Hart', 0.03958966017275728), ('Irwin R. Schyster', 0.03361627421930468), ('Ted DiBiase', 0.02792531342247501), ('El Matador', 0.02610390907098292), ('The Mountie', 0.02593411284296508)]"
1992-01-01,243,709,0.012056592864673673,10,127,92,605,560,0.0722050641570267,0.004115226337448559,The Undertaker,0.0722050641570267,1.4101590899082725,"[('The Undertaker', 0.0722050641570267), ('Sid Justice', 0.05120348808425825), ('Ric Flair', 0.05049425174083294), ('Bret Hart', 0.030436389448145907), ('Hulk Hogan', 0.03028752588424724), ('Beau Beverly', 0.027989419138568197), ('Blake Beverly', 0.027989419138568197), ('Roddy Piper', 0.02735405878596792), ('Owen Hart', 0.025349416043891747), ('Earthquake', 0.024209359421442752)]"
1992-05-01,272,732,0.009930540481875407,8,137,108,647,624,0.039968939787191925,0.003676470588235293,Steve Williams,0.039968939787191925,1.0,"[('Steve Williams', 0.039968939787191925), ('Terry Gordy', 0.039968939787191925), ('Rick Steiner', 0.03719574251060743), ('Scott Steiner', 0.03719574251060743), ('Nailz', 0.033944617931539474), ('Big Boss Man', 0.03129512982212564), ('Rick Rude', 0.02370274976418951), ('Irwin R. Schyster', 0.022893475120241095), ('Ted DiBiase', 0.022893475120241095), ('Earthquake', 0.020764337145794537)]"
1992-09-01,245,634,0.010605553696888592,9,110,137,569,667,0.04053272811177565,0.004081632653061227,Sting,0.04053272811177565,1.768683317452335,"[('Sting', 0.04053272811177565), ('Tatanka', 0.02291689400347837), ('The Undertaker', 0.019454231379771328), ('Big Van Vader', 0.01908123667270472), ('Bret Hart', 0.01832733971165603), ('Ricky Steamboat', 0.018267556342857334), ('Shawn Michaels', 0.018043506067968174), ('Fatu', 0.017673761947624253), ('Scott Steiner', 0.017537714448319034), ('Rick Rude', 0.01708766214359073)]"
1993-01-01,211,555,0.012525389302640487,20,125,159,511,590,0.10349957587350413,0.004739336492890996,Mr. Perfect,0.10349957587350413,1.0223992646554756,"[('Mr. Perfect', 0.10349957587350413), ('Lex Luger', 0.10123205234149013), ('Yokozuna', 0.04049196185202883), ('The Undertaker', 0.033864593876351455), ('Bret Hart', 0.029694308648227183), ('Doink the Clown (Matt Borne)', 0.024984456262204413), ('Fatu', 0.020679152724062247), ('Samu', 0.01894937803966243), ('Jerry Sags', 0.01754031765617448), ('Scott Steiner', 0.016958254585653025)]"
1993-05-01,259,703,0.010520487264673311,15,168,120,637,489,0.03819581055595704,0.003861003861003861,Tatanka,0.03819581055595704,1.0495551174411342,"[('Tatanka', 0.03819581055595704), ('Fatu', 0.036392381801805956), ('Rick Steiner', 0.0309851174417436), ('Scott Steiner', 0.0309851174417436), ('Irwin R. Schyster', 0.029856556291932464), ('Shawn Michaels', 0.02805414972552085), ('Bam Bam Bigelow', 0.02618941274307801), ('Bret Hart', 0.025585322831911915), ('Yokozuna', 0.02234371005644405), ('Samu', 0.02072078262794175)]"
1993-09-01,280,852,0.010906298003072197,14,135,114,739,590,0.03684948850495376,0.0035714285714285704,Yokozuna,0.03684948850495376,1.294456479826569,"[('Yokozuna', 0.03684948850495376), ('Dustin Rhodes', 0.028467151332805602), ('Steve Austin', 0.02782460279418813), ('Lex Luger', 0.02554534258370926), ('Terry Funk', 0.02488307069792011), ('The Undertaker', 0.024817466549718014), ('Rick Rude', 0.02390883665024165), ('Ludvig Borga', 0.02333898718564856), ('Fatu', 0.02183732695015944), ('Samu', 0.02183732695015944)]"
1994-01-01,238,730,0.012941885615005496,9,94,136,632,754,0.06700727328411861,0.0042016806722689065,Vader,0.06700727328411861,1.2577837527769904,"[('Vader', 0.06700727328411861), ('Sting', 0.05327408080775173), ('Ric Flair', 0.0416725393856821), ('Jacques Rougeau', 0.024272361172181987), ('Pierre Ouellette', 0.024272361172181987), ('Diesel', 0.022980345297741227), ('Razor Ramon', 0.018189392516996222), ('Owen Hart', 0.01757851419685202), ('Mabel', 0.01659455299154189), ('Randy Savage', 0.015437677077414341)]"
1994-05-01,292,840,0.00988560937720661,10,147,93,739,629,0.05890850277576451,0.003424657534246575,Razor Ramon,0.05890850277576451,1.5560576426760968,"[('Razor Ramon', 0.05890850277576451), ('Diesel', 0.03785753249760985), ('Owen Hart', 0.034877180661053664), ('Bret Hart', 0.03439417486922362), ('Shawn Michaels', 0.02965474556846117), ('Shane Douglas', 0.02798623534583195), ('Bam Bam Bigelow', 0.024120189116619298), ('Ric Flair', 0.022679138644106887), ('Tommy Dreamer', 0.019569885874071172), ('The 1-2-3 Kid', 0.018113923760587083)]"
1994-09-01,226,748,0.014709931170108161,6,64,130,609,701,0.05942522453441975,0.004424778761061947,Razor Ramon,0.05942522453441975,1.3000080677048584,"[('Razor Ramon', 0.05942522453441975), ('Diesel', 0.045711427498549256), ('The British Bulldog', 0.04285577145146834), ('Vader', 0.03470335924256591), ('Shawn Michaels', 0.032190181653678214), ('The Guardian Angel', 0.03086401805654918), ('Bam Bam Bigelow', 0.028650883884981215), ('King Kong Bundy', 0.026453469590398605), ('Jeff Jarrett', 0.025472580433225204), ('The Undertaker', 0.023987271360176837)]"
1995-01-01,229,655,0.012545008810235195,14,94,91,534,627,0.046755483467467045,0.004366812227074236,Bret Hart,0.046755483467467045,1.1862350814478893,"[('Bret Hart', 0.046755483467467045), ('The Undertaker', 0.03941502337833278), ('Kama', 0.03941371911876021), ('Diesel', 0.033627230876475726), ('Owen Hart', 0.03309648460634246), ('The British Bulldog', 0.025649916915664598), ('Bart Gunn', 0.024694234783465017), ('King Kong Bundy', 0.023764728288649853), ('Yokozuna', 0.023565312937875865), ('Billy Gunn', 0.021971839870415608)]"
1995-05-01,246,765,0.012692882030861125,13,117,100,677,567,0.034403278912172666,0.004065040650406505,The Sandman,0.034403278912172666,1.0116947396951559,"[('The Sandman', 0.034403278912172666), ('Mabel', 0.03400559236132736), ('Savio Vega', 0.030267543465146315), ('Bret Hart', 0.028169111263567474), ('Cactus Jack', 0.025076445039017094), ('Owen Hart', 0.025048605306934382), ('Bart Gunn', 0.024233509771934846), ('Billy Gunn', 0.024233509771934846), ('Shawn Michaels', 0.019100428104986952), ('Mikey Whipwreck', 0.01867870495026873)]"
1995-09-01,261,778,0.011464780430297672,12,130,115,673,660,0.06445800701828626,0.0038314176245210726,Hulk Hogan,0.06445800701828626,1.1138831487890901,"[('Hulk Hogan', 0.06445800701828626), ('The Giant', 0.05786783567770012), ('Razor Ramon', 0.037882804294379256), ('Owen Hart', 0.028157949703577215), ('The Undertaker', 0.020719872624916053), ('Too Cold Scorpio', 0.019958397827938276), ('Dean Douglas', 0.018804911550239823), ('Shawn Michaels', 0.018755524064410556), ('Bret Hart', 0.018383088560913436), ('Sycho Sid', 0.016835634317931544)]"
1996-01-01,292,1010,0.011886268417831755,6,143,112,875,643,0.07863328398719163,0.003424657534246575,Bret Hart,0.07863328398719163,1.2117939815787713,"[('Bret Hart', 0.07863328398719163), ('The Undertaker', 0.0648899773249783), ('Ric Flair', 0.042082934679630216), ('Shawn Michaels', 0.04064019416141889), ('Lex Luger', 0.03203409090038363), ('Randy Savage', 0.025230923188870106), ('The Giant', 0.025188552312373432), ('Hulk Hogan', 0.02276500076575741), ('Sting', 0.01994360074559417), ('Juventud Guerrera', 0.019340130109428363)]"
1996-05-01,296,1151,0.013181401740723775,11,135,131,968,827,0.0399397915070119,0.00337837837837838,Ric Flair,0.0399397915070119,1.2499057296792069,"[('Ric Flair', 0.0399397915070119), ('The Giant', 0.03195424307500583), ('Randy Savage', 0.027376496615017783), ('Shane Douglas', 0.020805338257219204), ('Vader', 0.019423554943433768), ('Tommy Dreamer', 0.019315919040143605), ('Shawn Michaels', 0.018382028714544783), ('Raven', 0.01758291138861839), ('The British Bulldog', 0.01695304277240347), ('Pitbull #2', 0.01691418001084933)]"
1996-09-01,308,1088,0.011506408900545708,11,128,116,885,948,0.03032607315719953,0.003246753246753247,Lex Luger,0.03032607315719953,1.0105038558139445,"[('Lex Luger', 0.03032607315719953), ('Shane Douglas', 0.030010843583345232), ('Vader', 0.02994214534143129), ('Steve Austin', 0.02992450386623789), ('Chris Benoit', 0.029380881769451913), ('Rick Steiner', 0.024972329138962548), ('Booker T.', 0.02357403603010605), ('Sycho Sid', 0.023083597997154447), ('Eddy Guerrero', 0.02191638113097126), ('Jeff Jarrett', 0.02001639449457574)]"
1997-01-01,313,1194,0.012226591300073728,15,122,117,994,888,0.029178992646776498,0.003194888178913738,Lex Luger,0.029178992646776498,1.2065593894777908,"[('Lex Luger', 0.029178992646776498), ('The Undertaker', 0.024183635634716177), ('Raven', 0.019179617282596748), ('The Giant', 0.018848449480366885), ('Vader', 0.01809635012264309), ('Steve Austin', 0.017458750907500816), ('Kevin Nash', 0.01705627837214427), ('Dean Malenko', 0.01674030940050356), ('D-Von Dudley', 0.016081937142613266), ('Crush', 0.014950633411813019)]"
1997-05-01,319,1449,0.01428402436860472,12,125,119,1138,883,0.03536254554372793,0.0031347962382445136,The Undertaker,0.03536254554372793,1.309976952012905,"[('The Undertaker', 0.03536254554372793), ('Sabu', 0.026994784518452785), ('Bret Hart', 0.02293815880926534), ('Taz', 0.021274523067120986), ('Randy Savage', 0.016324841950470476), ('Diamond Dallas Page', 0.015486794693173217), ('Scott Steiner', 0.014792444187506354), ('Chris Benoit', 0.014604062503432798), ('Terry Funk', 0.014554274682494713), ('The Giant', 0.014385864986375296)]"
1997-09-01,338,1347,0.01182554035783892,17,129,110,1022,1124,0.028495356588632198,0.0029585798816568042,Sabu,0.028495356588632198,1.48215776616518,"[('Sabu', 0.028495356588632198), ('Curt Hennig', 0.019225589366480784), ('Taz', 0.01899374622544848), ('Lex Luger', 0.018011884166190092), ('Dean Malenko', 0.016577136366406668), ('Shane Douglas', 0.01595780121298225), ('Bret Hart', 0.015889407448787057), ('Diamond Dallas Page', 0.015884783843183592), ('Eddy Guerrero', 0.015573454918142462), ('Chris Benoit', 0.015249305693406275)]"
1998-01-01,355,1503,0.011959894962998329,14,118,101,1187,1031,0.025004535989202437,0.0028169014084507044,Booker T.,0.025004535989202437,1.0955654100073098,"[('Booker T.', 0.025004535989202437), ('Lex Luger', 0.02282340767680462), ('Chris Benoit', 0.02249609913447364), ('Bam Bam Bigelow', 0.022090427596451193), ('Diamond Dallas Page', 0.019747496713421506), ('Kevin Nash', 0.018923920923666435), ('Randy Savage', 0.018437406697109467), ('Raven', 0.017639937681871554), ('Rick Steiner', 0.01680523720668249), ('Sting', 0.015763048090659742)]"
1998-05-01,324,1331,0.012718342697702863,15,104,135,1077,1249,0.03192983177030059,0.0030864197530864196,Steve Austin,0.03192983177030059,1.0451090408443144,"[('Steve Austin', 0.03192983177030059), ('Kane', 0.03055167501422184), ('Goldberg', 0.02126513120075238), ('The Giant', 0.021129736037358807), ('D-Lo Brown', 0.02061529157267253), ('The Undertaker', 0.020010573726619917), ('Rob Van Dam', 0.019700171016404533), ('Mankind', 0.019427976426225), ('Sabu', 0.018069955891666278), ('Lex Luger', 0.017220142559646066)]"
1998-09-01,329,1638,0.015179034769071094,12,107,102,1332,1025,0.020741948664748926,0.0030395136778115497,Kevin Nash,0.020741948664748926,1.026222786396689,"[('Kevin Nash', 0.020741948664748926), ('The Rock', 0.020211935400088723), ('Mankind', 0.019890153329791195), ('Scott Hall', 0.01974910987471938), ('Ken Shamrock', 0.018402230034524108), ('Buh Buh Ray Dudley', 0.017687782763246656), ('Steve Austin', 0.017611834226850125), ('Diamond Dallas Page', 0.017596945324209058), ('Konnan', 0.016544132552315825), ('D-Von Dudley', 0.016475016490514416)]"
1999-01-01,336,1745,0.015502842928216062,12,112,105,1394,1287,0.04335775976925086,0.002976190476190476,Taz,0.04335775976925086,1.0162517777330948,"[('Taz', 0.04335775976925086), ('Sabu', 0.042664387624459545), ('Mankind', 0.02772493723883901), ('Booker T.', 0.02414959113995772), ('Diamond Dallas Page', 0.02109442777171865), ('Scott Steiner', 0.020604395234235757), ('Kidman', 0.01987795734004146), ('Ric Flair', 0.018575663970582322), ('Rick Steiner', 0.015421319967414008), ('Rey Mysterio Jr.', 0.015358100492977192)]"
1999-05-01,343,1848,0.015753669889008236,13,115,108,1431,1328,0.020100791271346424,0.0029154518950437317,The Undertaker,0.020100791271346424,1.0228650305363818,"[('The Undertaker', 0.020100791271346424), ('Lance Storm', 0.019651460037504398), ('Rick Steiner', 0.01918678442223766), ('Buff Bagwell', 0.01787576001249507), ('Road Dogg', 0.01734168182948848), ('Jerry Lynn', 0.015795936343490292), ('The Big Show', 0.015389031877143284), ('Jeff Jarrett', 0.015035659743545596), ('Sting', 0.01493747188465101), ('Kane', 0.014717802465394936)]"
1999-09-01,341,1985,0.017120924616180783,11,133,135,1584,1447,0.03496015945184238,0.002932551319648094,Bret Hart,0.03496015945184238,1.1395937980486988,"[('Bret Hart', 0.03496015945184238), ('Chris Benoit', 0.03067773755148886), ('Mike Awesome', 0.027833901770246583), ('Masato Tanaka', 0.02528356311538361), ('Goldberg', 0.022265290399752613), ('Sting', 0.019759589980054233), ('Triple H', 0.015756601935129948), ('The Big Show', 0.01458648277070528), ('Sid Vicious', 0.013489841508769314), ('The Rock', 0.013386618376951561)]"
2000-01-01,365,2032,0.015294294746349541,15,140,116,1576,1529,0.017196022568115584,0.00273972602739726,Sid Vicious,0.017196022568115584,1.101630107546094,"[('Sid Vicious', 0.017196022568115584), ('Mike Awesome', 0.015609615650774209), ('Tommy Dreamer', 0.01538481916076618), ('The Rock', 0.013886508380135772), ('Billy Kidman', 0.013840933375916213), ('Kurt Angle', 0.013668359082441505), ('Kane', 0.013028507382906718), ('Jeff Jarrett', 0.01279355428316639), ('Rikishi', 0.012637864641115774), ('Big Vito', 0.01240409509337968)]"
2000-05-01,305,1852,0.01997411561691113,11,111,171,1454,1634,0.025089608035508942,0.003278688524590164,Rhino,0.025089608035508942,1.0637831485348284,"[('Rhino', 0.025089608035508942), ('Justin Credible', 0.023585265540317504), ('The Rock', 0.020321435116021636), ('Triple H', 0.017045300503224507), ('Jeff Jarrett', 0.017042014483022075), ('Rikishi', 0.01653924333777788), ('Brian Adams', 0.01594511482349958), ('Lance Storm', 0.01565041133195994), ('Booker T.', 0.015121427664303693), ('Chris Benoit', 0.015043523064880266)]"
2000-09-01,285,1777,0.021954534222881145,13,91,111,1235,1310,0.026110706520761594,0.0035087719298245615,Rhino,0.026110706520761594,1.0162463258108456,"[('Rhino', 0.026110706520761594), ('Booker T.', 0.02569328504083723), ('Scott Steiner', 0.025324982122279686), ('Kurt Angle', 0.021908008295326062), ('The Rock', 0.017428676803778024), ('Sting', 0.015687005528102826), ('Chris Jericho', 0.01488252336126332), ('Jeff Jarrett', 0.01462835807579405), ('Chris Benoit', 0.014021832585775227), ('The Undertaker', 0.013946002855211899)]"
2001-01-01,263,1269,0.018416393347458856,14,79,101,885,1393,0.025816826650211323,0.0038022813688212928,Kurt Angle,0.025816826650211323,1.2036747139315158,"[('Kurt Angle', 0.025816826650211323), ('Chris Jericho', 0.021448341774902645), ('The Undertaker', 0.021396400314633128), ('Steve Austin', 0.021154194921814494), ('Raven', 0.020148469937866963), ('Scott Steiner', 0.01968974991225784), ('Christian', 0.019184083668292298), ('Bubba Ray Dudley', 0.018440346750180844), ('D-Von Dudley', 0.018332071405755677), ('Test', 0.01774248615473642)]"
2001-05-01,170,955,0.03324051514096763,20,57,150,695,1009,0.041480731523568175,0.00588235294117647,Chris Jericho,0.041480731523568175,1.0634498530492043,"[('Chris Jericho', 0.041480731523568175), ('Kane', 0.03900581809723465), ('Kurt Angle', 0.038673936473255746), ('Steve Austin', 0.03104557163147768), ('Rhyno', 0.02976430556104905), ('Jeff Hardy', 0.027696508283103768), ('The Undertaker', 0.027599258887317207), ('Edge', 0.02474259738376453), ('Albert', 0.024586241784658198), ('Rob Van Dam', 0.024182278600319632)]"
2001-09-01,125,750,0.04838709677419355,9,44,89,493,698,0.05953200798088523,0.008,Rob Van Dam,0.05953200798088523,1.2349927357359711,"[('Rob Van Dam', 0.05953200798088523), ('Chris Jericho', 0.04820433858293768), ('The Rock', 0.045978472877745584), ('Christian', 0.04430254338701656), ('Edge', 0.04415259880350152), ('Kurt Angle', 0.035160694531957165), ('Bubba Ray Dudley', 0.03316079900372438), ('D-Von Dudley', 0.03316079900372438), ('Test', 0.031994740024577334), ('The Undertaker', 0.031473123365949957)]"
2002-01-01,120,704,0.04929971988795518,8,47,52,505,551,0.04664519304386796,0.008333333333333337,Chris Jericho,0.04664519304386796,1.1558995068643836,"[('Chris Jericho', 0.04664519304386796), ('Triple H', 0.040354021060535525), ('Jazz', 0.03899650298125049), ('Trish Stratus', 0.03559173716592546), ('Steve Austin', 0.03203963091077166), ('Kurt Angle', 0.03069341837978086), ('The Undertaker', 0.030401092807855544), ('Rob Van Dam', 0.027105917611484568), ('Kane', 0.025378735901232723), ('The Rock', 0.02389881758964959)]"
2002-05-01,118,599,0.04338693321744169,10,42,44,469,574,0.04888033437560853,0.008474576271186442,Rob Van Dam,0.04888033437560853,1.060237821033906,"[('Rob Van Dam', 0.04888033437560853), ('Brock Lesnar', 0.04610317931116829), ('The Undertaker', 0.0391749950245983), ('Eddie Guerrero', 0.027148148690512193), ('Kurt Angle', 0.024444748751136197), ('Molly Holly', 0.02396820727867934), ('Trish Stratus', 0.023934184873041543), ('The Rock', 0.021875900027512028), ('Chris Benoit', 0.021734048985102863), ('Booker T.', 0.020584082559936472)]"
2002-09-01,153,674,0.028981768145854833,12,71,36,556,481,0.03789297925687548,0.006535947712418301,Kane,0.03789297925687548,1.1324496737311514,"[('Kane', 0.03789297925687548), ('Triple H', 0.03346107128277688), ('Eddie Guerrero', 0.030764291082667636), ('Chris Benoit', 0.02997059576610027), ('Kurt Angle', 0.02950847010400576), ('The Big Show', 0.027572458280690614), ('Edge', 0.02579175291595915), ('Rey Mysterio', 0.02453339804849875), ('Batista', 0.023948710812183388), ('Brock Lesnar', 0.02346757201639051)]"
2003-01-01,175,612,0.020098522167487684,8,80,58,471,533,0.044069459124694954,0.005714285714285715,Brock Lesnar,0.044069459124694954,1.1631515440378106,"[('Brock Lesnar', 0.044069459124694954), ('Triple H', 0.03788797715189413), ('Booker T.', 0.03692098249263758), ('Kurt Angle', 0.031718547662496176), ('John Cena', 0.028705694385949127), ('Scott Steiner', 0.027656061101751225), ('The Rock', 0.025714672846888543), ('Chris Jericho', 0.024281400424699257), ('The Hurricane', 0.024153434670179115), ('Lance Storm', 0.023340709584508217)]"
2003-05-01,187,685,0.019694094646656318,14,76,64,541,468,0.04907299152517567,0.0053475935828877,Eddie Guerrero,0.04907299152517567,1.217702574043021,"[('Eddie Guerrero', 0.04907299152517567), ('Shelton Benjamin', 0.04029965327431585), ('Charlie Haas', 0.038570050868440946), ('Tajiri', 0.032054835260972234), ('Kurt Angle', 0.027467081221053298), ('Brock Lesnar', 0.026295846926172074), ('Rhyno', 0.025258273290687874), ('Rey Mysterio', 0.023221627895013645), ('Chris Benoit', 0.01921277034139189), (""Sean O'Haire"", 0.01804714926224586)]"
2003-09-01,184,758,0.02251128534093609,11,67,70,575,502,0.0342843932005769,0.005434782608695651,Goldberg,0.0342843932005769,1.0060210742094873,"[('Goldberg', 0.0342843932005769), ('Randy Orton', 0.034079199809523814), ('Brock Lesnar', 0.033705594268582), ('Shawn Michaels', 0.032435872358894995), ('Eddie Guerrero', 0.026092829938561008), ('Triple H', 0.024397400200981162), ('Danny Basham', 0.022631326880051997), ('Doug Basham', 0.022631326880051997), ('Tajiri', 0.021491515694717217), ('Rey Mysterio', 0.02028945279960796)]"
2004-01-01,141,591,0.029939209726443768,10,35,78,415,582,0.05541622002679796,0.007092198581560285,Chris Benoit,0.05541622002679796,1.0219591392378684,"[('Chris Benoit', 0.05541622002679796), ('Eddie Guerrero', 0.054225475265209634), ('Shawn Michaels', 0.03651404621949225), ('Batista', 0.031863258105459175), ('Chavo Guerrero', 0.03106674000399157), ('D-Von Dudley', 0.030086620395167213), ('The Big Show', 0.029795320101380425), ('Triple H', 0.028640404072026678), ('John Cena', 0.026629072369441578), ('Randy Orton', 0.024537503141713272)]"
2004-05-01,135,531,0.02935323383084577,6,49,55,434,494,0.04902296183652137,0.007407407407407409,Chris Benoit,0.04902296183652137,1.1196485568769088,"[('Chris Benoit', 0.04902296183652137), ('Randy Orton', 0.04378424063106333), ('The Undertaker', 0.04084926285273601), ('John Bradshaw Layfield', 0.03961472903904108), ('Edge', 0.034841279632133244), ('Rhyno', 0.03231307176444629), ('Sylvain Grenier', 0.03164658565306679), ('Booker T.', 0.030973732016337456), ('John Cena', 0.030552537492298637), ('Rob Conway', 0.028584125114191672)]"
2004-09-01,133,507,0.028879015721120983,8,54,56,363,387,0.05992896659336798,0.007518796992481202,Carlito,0.05992896659336798,1.1418748278443542,"[('Carlito', 0.05992896659336798), ('John Cena', 0.05248295621552727), ('Triple H', 0.04719986550005293), ('Randy Orton', 0.039957145230630965), ('Chris Benoit', 0.036103828398123476), ('Batista', 0.03393729038426129), ('Shelton Benjamin', 0.029347376402405815), ('John Bradshaw Layfield', 0.025728849984443015), ('Chris Jericho', 0.021531892750102564), ('Maven', 0.021455408545470477)]"
2005-01-01,146,433,0.02045347189418989,10,62,49,307,381,0.04500374240185358,0.00684931506849315,Batista,0.04500374240185358,1.0859050171575406,"[('Batista', 0.04500374240185358), ('John Cena', 0.04144353483111731), ('Orlando Jordan', 0.04035953472121014), ('Edge', 0.03601269164567149), ('Randy Orton', 0.03221883896822577), ('Triple H', 0.03177012037727461), ('John Bradshaw Layfield', 0.030667876140900004), ('The Big Show', 0.030306753041939048), ('Trish Stratus', 0.027627132255287533), ('Chris Benoit', 0.023380111075787295)]"
2005-05-01,194,560,0.014956466000747824,14,112,64,469,342,0.05840278420374519,0.005154639175257732,Carlito,0.05840278420374519,1.2691676647153727,"[('Carlito', 0.05840278420374519), ('The Big Show', 0.04601660271327726), ('Edge', 0.03567820687945987), ('John Cena', 0.03150928983134422), ('Muhammad Hassan', 0.028850148621469236), ('Kane', 0.02871758896631393), ('Heidenreich', 0.028697597451215306), ('Joey Mercury', 0.027988361276746188), ('Shelton Benjamin', 0.022908224787701898), ('Randy Orton', 0.022233766643570338)]"
2005-09-01,153,593,0.025498796009631924,10,60,101,481,448,0.04959481382219726,0.006535947712418301,Shawn Michaels,0.04959481382219726,1.2244227508299994,"[('Shawn Michaels', 0.04959481382219726), ('John Cena', 0.040504649058977736), ('Kurt Angle', 0.03417364003500833), ('Booker T.', 0.032130704388915715), ('Chris Benoit', 0.03023302905855397), ('Rey Mysterio', 0.029839353436990144), ('Joey Mercury', 0.027301602003428117), ('Johnny Nitro', 0.027301602003428117), ('The Big Show', 0.026438135934824032), ('Chris Masters', 0.024529931587900705)]"
2006-01-01,170,567,0.019735468151757744,12,85,68,444,470,0.06754509196107535,0.005882352941176472,John Cena,0.06754509196107535,1.2349017753155975,"[('John Cena', 0.06754509196107535), ('Shawn Michaels', 0.054696732413242494), ('Triple H', 0.048626527386205695), ('Kurt Angle', 0.04819822066275901), ('Edge', 0.04340381138735004), ('The Big Show', 0.02944006676933283), ('Kane', 0.02675457726114393), ('The Undertaker', 0.025208943794520555), ('Shelton Benjamin', 0.02475984279383683), ('Chris Masters', 0.02076355441885258)]"
2006-05-01,212,618,0.013815612983993562,7,116,74,499,448,0.036923053559811424,0.0047169811320754715,The Big Show,0.036923053559811424,1.0711245186029785,"[('The Big Show', 0.036923053559811424), ('Umaga', 0.03447129901196601), ('John Cena', 0.0286984164402282), ('Mr. Kennedy', 0.02794634705126677), ('Rob Van Dam', 0.026424772680576532), ('Triple H', 0.02509551597240121), ('The Undertaker', 0.0220920666523499), ('Shawn Michaels', 0.019739716266122302), ('Edge', 0.01945223026268843), ('Batista', 0.017529448471703183)]"
2006-09-01,143,565,0.02782428838766867,4,30,99,432,485,0.07719290909362418,0.006993006993006993,King Booker,0.07719290909362418,1.3232242915039851,"[('King Booker', 0.07719290909362418), ('Batista', 0.05833698004885191), ('John Cena', 0.04500801247825697), ('Kane', 0.03648837753319684), ('Randy Orton', 0.030386187151011948), ('Triple H', 0.027896645521222674), ('Umaga', 0.027843725957092245), ('Edge', 0.02451052019241294), ('The Undertaker', 0.024321507053646198), ('Mr. Kennedy', 0.02302729024503182)]"
2007-01-01,166,548,0.020007301935012777,9,74,51,404,421,0.0464668918744315,0.006024096385542169,Mr. Kennedy,0.0464668918744315,1.1799623704623032,"[('Mr. Kennedy', 0.0464668918744315), ('John Cena', 0.03937997773287127), ('Melina', 0.039273174011938076), ('The Undertaker', 0.037334744825229145), ('Bobby Lashley', 0.03200459642372729), ('Jeff Hardy', 0.029994114103779657), ('The Great Khali', 0.02980116225826292), ('Matt Hardy', 0.02761980958770408), ('Shawn Michaels', 0.02723094902923716), ('Batista', 0.02353512023721711)]"
2007-05-01,142,514,0.025671761062830888,7,55,79,386,420,0.06327196553496531,0.00704225352112676,Batista,0.06327196553496531,1.1207922990141475,"[('Batista', 0.06327196553496531), ('John Cena', 0.056452891040221755), ('Edge', 0.054674525870686976), ('Bobby Lashley', 0.037379129300242356), ('The Great Khali', 0.03604734940130458), ('Randy Orton', 0.02722175551040281), ('CM Punk', 0.026900467332825157), ('Umaga', 0.024010743307503073), ('Matt Hardy', 0.02388773909368698), ('Ric Flair', 0.021076966655881373)]"
2007-09-01,148,518,0.023809523809523808,8,63,57,392,388,0.051938179783948636,0.006756756756756757,Batista,0.051938179783948636,1.0857549027392313,"[('Batista', 0.051938179783948636), ('Edge', 0.04783600760440017), ('CM Punk', 0.04017136846228246), ('Kane', 0.03801966896875678), ('John Morrison', 0.03661541754689577), ('Rey Mysterio', 0.03425382422345031), ('Hardcore Holly', 0.03373077725863051), ('Cody Rhodes', 0.03134599555344687), ('Jeff Hardy', 0.02970988316763018), ('Big Daddy V', 0.024527880825464265)]"
2008-01-01,136,734,0.039978213507625274,9,45,57,564,348,0.05048137329076558,0.007352941176470588,The Undertaker,0.05048137329076558,1.0637233016858136,"[('The Undertaker', 0.05048137329076558), ('Edge', 0.047457241193044765), ('CM Punk', 0.03455793603429734), ('Chavo Guerrero', 0.028470382747256336), ('Randy Orton', 0.028316094960902156), ('Batista', 0.027791602754102727), ('Triple H', 0.027781045425080895), ('Kane', 0.02673330508240539), ('Shawn Michaels', 0.02375547464042465), ('John Cena', 0.023231647418041443)]"
2008-05-01,121,592,0.04077134986225895,6,31,46,399,541,0.039355438018987575,0.008264462809917356,Mark Henry,0.039355438018987575,1.025467805973936,"[('Mark Henry', 0.039355438018987575), ('Batista', 0.03837803370297893), ('Edge', 0.03300707010412686), ('John Cena', 0.03220716880928017), ('The Brian Kendrick', 0.030246247326217758), ('Matt Hardy', 0.02857787232999029), ('CM Punk', 0.02800046218071622), ('Triple H', 0.027915884807282267), ('R-Truth', 0.027557841322118942), ('The Big Show', 0.026519036433891332)]"
2008-09-01,113,605,0.04780341340075853,6,33,41,439,426,0.04848385428539252,0.008849557522123895,Triple H,0.04848385428539252,1.0929117186299033,"[('Triple H', 0.04848385428539252), ('Jeff Hardy', 0.04436209572917096), ('Chris Jericho', 0.033991421089097376), ('Matt Hardy', 0.03325687332388341), ('The Undertaker', 0.03304436802514508), ('John Morrison', 0.030724171902620778), ('Vladimir Kozlov', 0.03061156855770223), ('Mark Henry', 0.03004913770365164), ('Batista', 0.027901922004596187), ('Finlay', 0.02569973566074885)]"
2009-01-01,99,527,0.054318697175840036,4,24,38,352,430,0.06829063182360204,0.010101010101010102,Triple H,0.06829063182360204,1.2380796178635556,"[('Triple H', 0.06829063182360204), ('The Big Show', 0.055158513909990006), ('The Undertaker', 0.05237558793118054), ('John Cena', 0.03415900608713129), ('Vladimir Kozlov', 0.033464218598123666), ('Rey Mysterio', 0.031323070744777165), ('Jr.', 0.027037647309750935), ('Ted DiBiase', 0.027037647309750935), ('Randy Orton', 0.026986531202244132), ('Cody Rhodes', 0.021845630515805015)]"
2009-05-01,108,453,0.03920041536863967,7,33,24,327,401,0.041110406706530635,0.009259259259259257,Jeff Hardy,0.041110406706530635,1.0039802862195284,"[('Jeff Hardy', 0.041110406706530635), ('CM Punk', 0.0409474242381105), ('Christian', 0.03406139767667109), ('Randy Orton', 0.03402141721555737), ('Chris Jericho', 0.03297255250178174), ('The Big Show', 0.032346978945119155), ('Edge', 0.028574058678680795), ('John Cena', 0.026356478639104362), ('John Morrison', 0.02480687029910902), ('Rey Mysterio', 0.024331346811672386)]"
2009-09-01,113,629,0.049699747155499366,6,42,37,449,273,0.04787522192033215,0.008849557522123895,John Cena,0.04787522192033215,1.2341440682101696,"[('John Cena', 0.04787522192033215), ('Randy Orton', 0.038792247318227356), ('Christian', 0.03871293894048083), ('The Undertaker', 0.03630541310019408), ('CM Punk', 0.03226905257018143), ('Shelton Benjamin', 0.03097631353920486), ('Triple H', 0.030774502519368866), ('Sheamus', 0.029339206265769083), ('Kofi Kingston', 0.028354614024739096), ('Chris Jericho', 0.02560847463092771)]"
2010-01-01,97,556,0.05970790378006873,6,24,40,356,429,0.044106700864467246,0.010309278350515465,Chris Jericho,0.044106700864467246,1.1819697537926341,"[('Chris Jericho', 0.044106700864467246), ('John Cena', 0.037316268646418654), ('The Big Show', 0.029391415931510487), ('Sheamus', 0.029318172723927432), ('Rey Mysterio', 0.028827728923682443), ('Batista', 0.027918123374836085), ('Kane', 0.026562262385075624), ('Triple H', 0.02646601093068298), ('Randy Orton', 0.026453600268755303), ('The Undertaker', 0.02538968850756706)]"
2010-05-01,110,613,0.05112593828190159,5,37,24,503,446,0.043741062822334364,0.009090909090909089,Kane,0.043741062822334364,1.2694224150247748,"[('Kane', 0.043741062822334364), ('CM Punk', 0.03445745270023508), ('Rey Mysterio', 0.03438041931462316), ('Edge', 0.03367053335775454), ('The Miz', 0.033203336602048626), ('John Cena', 0.03218822154574399), ('Randy Orton', 0.029129531504075143), ('The Big Show', 0.028995670205907056), ('R-Truth', 0.02593727432048354), ('Alicia Fox', 0.023413846828214693)]"
2010-09-01,101,595,0.05891089108910891,6,24,33,433,451,0.05527262977510928,0.009900990099009901,The Miz,0.05527262977510928,1.1542288627265547,"[('The Miz', 0.05527262977510928), ('Randy Orton', 0.04788706257487149), ('Edge', 0.04436504021321003), ('Kane', 0.039240117085760154), ('Sheamus', 0.035257520936717905), ('Daniel Bryan', 0.03516851196985964), ('John Cena', 0.034970702246007034), ('Alberto Del Rio', 0.03367305086027442), ('The Big Show', 0.03179874021529272), ('Layla', 0.027860585425142435)]"
2011-01-01,92,503,0.060081223124701384,5,17,26,324,416,0.056362880386084266,0.010869565217391302,The Miz,0.056362880386084266,1.184773199742913,"[('The Miz', 0.056362880386084266), ('Edge', 0.047572717207238144), ('Alberto Del Rio', 0.04599409344358807), ('Randy Orton', 0.043719497389614226), ('Rey Mysterio', 0.04277454016616357), ('Justin Gabriel', 0.038754232421318084), ('Eve Torres', 0.03247931058112185), ('Kane', 0.03068769248765414), ('Layla', 0.02940561414254311), ('John Cena', 0.026057439620385103)]"
2011-05-01,106,463,0.04159928122192273,8,30,16,330,370,0.07709955738172967,0.009433962264150943,Christian,0.07709955738172967,1.0263494623497194,"[('Christian', 0.07709955738172967), ('Randy Orton', 0.0751201810007464), ('CM Punk', 0.04816175683439776), ('John Cena', 0.0407223771905526), ('Kelly Kelly', 0.03759980556982154), ('Alberto Del Rio', 0.032222814476185614), ('Sheamus', 0.031375702430893646), ('Brie Bella', 0.02841469676791026), ('R-Truth', 0.0273851112531592), ('Rey Mysterio', 0.023190028867516872)]"
2011-09-01,108,539,0.046642436829352714,9,40,38,385,309,0.06715462356388648,0.009259259259259259,Alberto Del Rio,0.06715462356388648,1.0002310350877388,"[('Alberto Del Rio', 0.06715462356388648), ('Mark Henry', 0.06713911207323793), ('Beth Phoenix', 0.056799528759107196), ('Daniel Bryan', 0.04697645091336875), ('John Cena', 0.04633127883329187), ('Kelly Kelly', 0.04332299976398311), ('CM Punk', 0.04130243778440502), ('Randy Orton', 0.04081188907766932), ('The Big Show', 0.03981223468196224), ('Cody Rhodes', 0.038438413916431304)]"
2012-01-01,101,539,0.053366336633663365,7,23,30,356,356,0.06362119866774453,0.009900990099009901,Daniel Bryan,0.06362119866774453,1.1394387297112751,"[('Daniel Bryan', 0.06362119866774453), ('Sheamus', 0.05583555921770857), ('The Big Show', 0.05249980272731876), ('Beth Phoenix', 0.034492452911234026), ('CM Punk', 0.03338388810252702), ('Cody Rhodes', 0.0292136973958398), ('Mark Henry', 0.028449703740592327), ('Chris Jericho', 0.024267884898478028), ('Alberto Del Rio', 0.0224244069938173), ('Alex Riley', 0.01945680363971416)]"
2012-05-01,157,703,0.02870325004082966,7,79,23,518,354,0.07846722717607024,0.006369426751592358,CM Punk,0.07846722717607024,1.245668932062734,"[('CM Punk', 0.07846722717607024), ('Sheamus', 0.06299203998460041), ('John Cena', 0.052685547414009846), ('Alberto Del Rio', 0.04177741585530921), ('Daniel Bryan', 0.039199113896407), ('Chris Jericho', 0.03841130242688991), ('Kane', 0.03189966553020908), ('Ryback', 0.031034357867899924), ('Brodus Clay', 0.021305814947395127), ('Damien Sandow', 0.021235000100910346)]"
2012-09-01,149,865,0.03922546707781607,4,50,58,664,502,0.06605528125822903,0.006711409395973154,Sheamus,0.06605528125822903,1.1473614813101407,"[('Sheamus', 0.06605528125822903), ('The Big Show', 0.05757146490816679), ('CM Punk', 0.05260240317626195), ('Ryback', 0.04754873166735751), ('Eve Torres', 0.03649784195418753), ('Antonio Cesaro', 0.03331500033361507), ('Kofi Kingston', 0.02591035743771311), ('Layla', 0.02376935044132452), ('Wade Barrett', 0.02253005549836887), ('Jinder Mahal', 0.022245263974662626)]"
2013-01-01,137,935,0.05018248175182482,5,29,41,664,594,0.051681346287406706,0.0072992700729927005,Alberto Del Rio,0.051681346287406706,1.2828324337775443,"[('Alberto Del Rio', 0.051681346287406706), ('The Big Show', 0.04028690336057465), ('Antonio Cesaro', 0.034646689863399416), ('Randy Orton', 0.0342474756807512), ('John Cena', 0.032046942617215315), ('Kaitlyn', 0.030535501039642195), ('Sheamus', 0.029221777382091543), ('Jack Swagger', 0.02764052515420137), ('Mark Henry', 0.026594010997281314), ('Wade Barrett', 0.025844954666920997)]"
2013-05-01,130,851,0.0507453786523554,5,19,26,570,654,0.059439656044186474,0.007692307692307694,Daniel Bryan,0.059439656044186474,1.1983050977485215,"[('Daniel Bryan', 0.059439656044186474), ('Randy Orton', 0.04960310705167391), ('Kane', 0.03210850797675647), ('Dean Ambrose', 0.0318733020865619), ('Alberto Del Rio', 0.02752229890075763), ('Adrian Neville', 0.02570886045645433), ('Roman Reigns', 0.025616664906862884), ('A.J. Lee', 0.025390124634137305), ('Curtis Axel', 0.02382675453108318), ('CM Punk', 0.02256612520883486)]"
2013-09-01,147,999,0.04654738607771876,4,48,31,736,588,0.0543631971551979,0.006802721088435376,Randy Orton,0.0543631971551979,1.0073804597356355,"[('Randy Orton', 0.0543631971551979), ('Daniel Bryan', 0.053964911300209556), ('CM Punk', 0.04072292421655724), ('Sasha Banks', 0.02328582762948682), ('Adrian Neville', 0.021594318806521975), ('Paige', 0.02148576842881971), ('Corey Graves', 0.02102590632988293), ('Curtis Axel', 0.020829469042625982), ('A.J. Lee', 0.020744733244275927), ('Bo Dallas', 0.019378462698211828)]"
2014-01-01,133,945,0.05382775119617225,5,22,36,596,650,0.03650355512894943,0.007518796992481203,Randy Orton,0.03650355512894943,1.094468618578779,"[('Randy Orton', 0.03650355512894943), ('Bray Wyatt', 0.033352765451010444), ('John Cena', 0.033001718424136836), ('Roman Reigns', 0.03035359139677483), ('Jey Uso', 0.027728159461803233), ('Jimmy Uso', 0.027237950172103856), ('Sheamus', 0.02290110136689873), ('Natalya', 0.02225464728764397), ('Dean Ambrose', 0.02047989375581183), ('Bad News Barrett', 0.019891951421796547)]"
2014-05-01,130,810,0.04830053667262969,3,25,28,510,645,0.04340980918113699,0.007692307692307694,Adrian Neville,0.04340980918113699,1.566620890178636,"[('Adrian Neville', 0.04340980918113699), ('Paige', 0.02770919847506127), ('Roman Reigns', 0.027148124550699232), ('Tyson Kidd', 0.024811444663203272), ('Charlotte', 0.022729043014705033), ('Dolph Ziggler', 0.0220156674751351), ('Cesaro', 0.02150958129334649), ('Sami Zayn', 0.02128780776914636), ('Rusev', 0.02123090501505502), ('Sheamus', 0.02036099991550032)]"
2014-09-01,129,867,0.05250726744186047,3,33,34,564,507,0.051688368730446306,0.007751937984496124,Adrian Neville,0.051688368730446306,1.0017236116884054,"[('Adrian Neville', 0.051688368730446306), ('Sami Zayn', 0.051599431347460756), ('John Cena', 0.03619268091378548), ('Seth Rollins', 0.03569940576364209), ('Rusev', 0.030857385276566767), ('The Big Show', 0.027287313497852947), ('Dean Ambrose', 0.023831614397758244), ('A.J. Lee', 0.023542125420222423), ('Paige', 0.020353899792010452), ('Charlotte', 0.01903689030581678)]"
2015-01-01,143,905,0.04456810794838964,5,37,23,565,527,0.05093155531016402,0.006993006993006993,Seth Rollins,0.05093155531016402,1.5664623225437602,"[('Seth Rollins', 0.05093155531016402), ('Roman Reigns', 0.0325137442357738), ('John Cena', 0.031176166499958823), ('Finn Bálor', 0.029433987545006375), ('Nikki Bella', 0.029311872174846758), ('Tyler Breeze', 0.02604835462656257), ('Kevin Owens', 0.02427341860741418), ('Adrian Neville', 0.02216287945273876), ('Randy Orton', 0.022111759827949766), ('Sami Zayn', 0.020507226932097805)]"
2015-05-01,155,1027,0.043024717218265604,4,50,38,703,581,0.04737890207889178,0.006451612903225809,Kevin Owens,0.04737890207889178,1.0422221490102344,"[('Kevin Owens', 0.04737890207889178), ('Sasha Banks', 0.045459504121924524), ('John Cena', 0.028169775824282935), ('Finn Bálor', 0.02721294243461992), ('Seth Rollins', 0.026596746372595508), ('Randy Orton', 0.024862594200122642), ('Sheamus', 0.024780433546505276), ('Cesaro', 0.024513676298574108), ('Becky Lynch', 0.023736625497238834), ('Charlotte', 0.022842281001810228)]"
2015-09-01,148,1151,0.052904945762088616,4,36,43,735,611,0.054778751223132055,0.006756756756756758,Finn Bálor,0.054778751223132055,1.1376816776331158,"[('Finn Bálor', 0.054778751223132055), ('Apollo Crews', 0.04814945366536643), ('Samoa Joe', 0.04797640251183034), ('Roman Reigns', 0.028022076824333778), ('Kofi Kingston', 0.027728025911067728), ('John Cena', 0.02771902214938197), ('Big E', 0.026327509341821802), ('Alberto Del Rio', 0.02481283933040697), ('Dean Ambrose', 0.024008118423134227), ('Kevin Owens', 0.022699789496552082)]"
2016-01-01,179,1373,0.043092084614901764,4,57,26,887,665,0.058175425584160875,0.00558659217877095,Bayley,0.058175425584160875,1.1794527831749493,"[('Bayley', 0.058175425584160875), ('Samoa Joe', 0.049324081823402394), ('Finn Bálor', 0.03891235520701645), ('Asuka', 0.031965731626688955), ('Nia Jax', 0.02993482884737476), ('Roman Reigns', 0.023752641945385265), ('Charlotte', 0.02329883676564138), ('A.J. Styles', 0.023295088512327436), ('Bray Wyatt', 0.02296886086760883), ('Kevin Owens', 0.022638336571081896)]"
2016-05-01,225,1319,0.02617063492063492,6,93,47,974,1028,0.05176651092131321,0.004444444444444444,Samoa Joe,0.05176651092131321,1.2939928103493648,"[('Samoa Joe', 0.05176651092131321), ('Shinsuke Nakamura', 0.04000525389885032), ('Asuka', 0.03674484771431674), ('Finn Bálor', 0.029967123383692795), ('Dean Ambrose', 0.023117074275999294), ('Nia Jax', 0.021948530146409566), ('Austin Aries', 0.021060596805441804), ('Charlotte', 0.01846273023532756), ('Bayley', 0.01674013229317059), ('Lana', 0.016567368947546974)]"
2016-09-01,211,1393,0.031437598736176936,3,64,78,1016,942,0.03463033470119175,0.004739336492890997,Shinsuke Nakamura,0.03463033470119175,1.2356667988237284,"[('Shinsuke Nakamura', 0.03463033470119175), ('Bobby Roode', 0.028025625301381807), ('Kevin Owens', 0.026554971551703693), ('Tye Dillinger', 0.025731580071897006), ('Samoa Joe', 0.0230043000314863), ('A.J. Styles', 0.022927217293333645), ('Cesaro', 0.020892870626021045), ('Randy Orton', 0.01828933547604063), ('Roman Reigns', 0.01760578796004972), ('Rich Swann', 0.01633520400848037)]"
2017-01-01,240,1254,0.02186192468619247,8,85,56,784,923,0.057743280572041866,0.004166666666666667,Bobby Roode,0.057743280572041866,1.7829003560043954,"[('Bobby Roode', 0.057743280572041866), ('Shinsuke Nakamura', 0.03238727300579411), ('Neville', 0.028990033578743957), ('Akam', 0.020803239930341555), ('Rezar', 0.020803239930341555), ('Austin Aries', 0.020304789225818597), ('Johnny Gargano', 0.018902430735386493), ('Bayley', 0.018824619579552157), ('Tommaso Ciampa', 0.018811037302698393), ('Tye Dillinger', 0.0174264264421808)]"
2017-05-01,251,1296,0.020653386454183267,9,83,72,910,868,0.04548065000523814,0.00398406374501992,Neville,0.04548065000523814,1.480248438064802,"[('Neville', 0.04548065000523814), ('Bobby Roode', 0.030725011312761202), ('Akira Tozawa', 0.02829802654008797), ('Jinder Mahal', 0.02175936733306291), ('Roderick Strong', 0.02001054264432033), ('Ariya Daivari', 0.018437205592503187), ('Drew McIntyre', 0.01687072709350086), ('Aleister Black', 0.01649796657225575), ('Jimmy Uso', 0.0163533013156876), ('Jey Uso', 0.015152227891309138)]"
2017-09-01,210,1175,0.026771474139895193,5,35,76,758,879,0.04177790990645982,0.004761904761904763,Peyton Royce,0.04177790990645982,1.3012671523165384,"[('Peyton Royce', 0.04177790990645982), ('Drew McIntyre', 0.03210555944033941), ('Andrade ""Cien"" Almas', 0.0316143129436539), ('Samoa Joe', 0.03107089643605313), ('Johnny Gargano', 0.027873167741026997), ('Finn Bálor', 0.027249767026748917), ('Ember Moon', 0.0262746345832131), ('Roman Reigns', 0.023535907895692553), ('Braun Strowman', 0.021925065189261513), ('Bobby Fish', 0.020406794606081833)]"
2018-01-01,243,1419,0.024130190796857465,5,70,37,1011,767,0.04491785351742083,0.00411522633744856,Shayna Baszler,0.04491785351742083,1.4484983736419628,"[('Shayna Baszler', 0.04491785351742083), ('Ember Moon', 0.0310099440460425), (""Kyle O'Reilly"", 0.02554092197696732), ('Aleister Black', 0.025540910912566793), ('Adam Cole', 0.022173223520489366), ('Killian Dain', 0.02097694847832981), ('Kairi Sane', 0.020238318077517196), ('Bobby Fish', 0.019192562385279843), ('Lars Sullivan', 0.018050421035606615), ('Roderick Strong', 0.015837787694220493)]"
2018-05-01,282,1311,0.01654425683349739,7,106,67,993,1101,0.03657345540770461,0.0035460992907801418,Shayna Baszler,0.03657345540770461,1.3331183502037542,"[('Shayna Baszler', 0.03657345540770461), ('Roderick Strong', 0.02743451502420225), ('Adam Cole', 0.025261750430115075), ('Kairi Sane', 0.0239076905928359), ('Pete Dunne', 0.022325296226687087), ('Ricochet', 0.01850350081167355), ('Tommaso Ciampa', 0.01682556464719958), ('Roman Reigns', 0.01571877520431648), ('A.J. Styles', 0.015128684018384613), (""Kyle O'Reilly"", 0.01509436612186922)]"
2018-09-01,245,1420,0.023753763800602207,8,64,101,1043,934,0.021855592507096427,0.004081632653061227,Ricochet,0.021855592507096427,1.0926817322084577,"[('Ricochet', 0.021855592507096427), ('Tommaso Ciampa', 0.020001791796155792), (""Kyle O'Reilly"", 0.018292713668630833), ('Johnny Gargano', 0.01645424693920715), ('Aleister Black', 0.015825477020070138), ('Montez Ford', 0.015169140507539591), ('Buddy Murphy', 0.014704990797746198), ('Mustafa Ali', 0.014510419881256223), ('Drew McIntyre', 0.014384943946676946), ('Lars Sullivan', 0.013587473471226736)]"
2019-01-01,247,1369,0.022530528949014188,5,61,59,1003,1054,0.051657267526054665,0.004048582995951419,Johnny Gargano,0.051657267526054665,1.058477917620148,"[('Johnny Gargano', 0.051657267526054665), ('The Velveteen Dream', 0.04880334928686979), ('Shayna Baszler', 0.03488048609724138), ('Asuka', 0.03361929164216841), ('Bianca BelAir', 0.025237818712035724), ('Ricochet', 0.02322378063725955), ('Mandy Rose', 0.021497481449137452), ('Becky Lynch', 0.02059494879284052), ('Aleister Black', 0.019550863823101904), ('Charlotte Flair', 0.017062992934416318)]"
2019-05-01,265,1299,0.018567753001715266,6,83,65,1057,1127,0.03981281534318919,0.0037735849056603774,The Velveteen Dream,0.03981281534318919,1.2631900671244942,"[('The Velveteen Dream', 0.03981281534318919), ('Shayna Baszler', 0.03151767606423509), ('Adam Cole', 0.027525125119014983), ('Mia Yim', 0.027205086151414672), ('Kofi Kingston', 0.026256340612364332), ('Bayley', 0.020199456475878626), ('Seth Rollins', 0.020169336600051456), ('KUSHIDA', 0.01969058235879914), ('Bobby Fish', 0.018047941205760094), ('Kevin Owens', 0.017849112327390476)]"
2019-09-01,258,1503,0.022667631888516875,4,83,90,1188,984,0.040544808763675444,0.003875968992248063,Seth Rollins,0.040544808763675444,1.4560407701382148,"[('Seth Rollins', 0.040544808763675444), ('Rhea Ripley', 0.027845929588789415), ('Becky Lynch', 0.02508785018059876), ('Kevin Owens', 0.020523245977796915), ('Shayna Baszler', 0.019290598357113962), ('Io Shirai', 0.018083764167219015), ('Matt Riddle', 0.017189467742321243), ('Roderick Strong', 0.017044204942424104), ('Candice LeRae', 0.01642679193774438), ('Adam Cole', 0.01621519218826049)]"
2020-01-01,239,1058,0.018599908582679934,6,59,78,807,1252,0.02833394501352426,0.00418410041841004,Bayley,0.02833394501352426,1.1333310892167678,"[('Bayley', 0.02833394501352426), ('Asuka', 0.025000589221553543), ('Finn Bálor', 0.023750037625989446), ('Charlotte Flair', 0.02182219476518484), ('Becky Lynch', 0.02145919490396778), ('Aleister Black', 0.020707916083491717), ('Lacey Evans', 0.01789949144329449), ('Drew McIntyre', 0.017391211234674728), ('Rhea Ripley', 0.016545401741600026), ('A.J. Styles', 0.01607788688729621)]"
2020-05-01,181,621,0.019060773480662985,8,37,95,488,925,0.050989663104900995,0.0055248618784530384,Asuka,0.050989663104900995,1.0516359593423663,"[('Asuka', 0.050989663104900995), ('Sasha Banks', 0.04848603991897258), ('Bayley', 0.029964757258198787), ('Drew McIntyre', 0.02756863865937367), ('Keith Lee', 0.0250232452391623), ('Charlotte Flair', 0.02209105878490043), ('Nia Jax', 0.020207920517442832), ('Io Shirai', 0.02009567875342277), ('Randy Orton', 0.018392506195990393), ('Dolph Ziggler', 0.017868702331869196)]"
2020-09-01,169,755,0.0265919977458439,5,38,50,615,481,0.029572284926617048,0.0059171597633136085,Johnny Gargano,0.029572284926617048,1.3007129520639806,"[('Johnny Gargano', 0.029572284926617048), ('Io Shirai', 0.022735442804418558), ('Roman Reigns', 0.022187636494733716), ('Sasha Banks', 0.02205524677341896), ('Candice LeRae', 0.02146579463209653), ('Drew McIntyre', 0.020123417534287612), ('Keith Lee', 0.018654872626836783), ('Leon Ruff', 0.01835719786081939), ('Bobby Lashley', 0.018008494482003434), ('Ricochet', 0.01736894861042127)]"
2021-01-01,168,727,0.025912460792700313,5,37,38,558,586,0.034389255510988564,0.00595238095238095,Karrion Kross,0.034389255510988564,1.0047399194714584,"[('Karrion Kross', 0.034389255510988564), ('Finn Bálor', 0.034227022182097604), ('Riddle', 0.03080594228453295), ('Bobby Lashley', 0.02696083753767716), ('Drew McIntyre', 0.02344203825243745), ('Danny Burch', 0.023435368604336364), ('Oney Lorcan', 0.023435368604336364), ('KUSHIDA', 0.020737134115718366), ('Shayna Baszler', 0.019331433819259607), ('Nia Jax', 0.01847845182213655)]"
2021-05-01,199,731,0.018552357748337647,8,57,26,560,556,0.025031516227724815,0.005025125628140704,Bobby Lashley,0.025031516227724815,1.0338338914245004,"[('Bobby Lashley', 0.025031516227724815), ('Karrion Kross', 0.02421231924718037), (""Kyle O'Reilly"", 0.022496407318604913), ('Roman Reigns', 0.019999050481583087), ('Drew McIntyre', 0.018861429800948317), ('Apollo Crews', 0.01754279104105731), ('Big E', 0.016406971785951734), ('Adam Cole', 0.016310187015374653), ('Riddle', 0.01533904301533139), ('Kofi Kingston', 0.014655561097375371)]"
2021-09-01,215,1099,0.023886111714844598,7,69,53,939,571,0.026764106319137202,0.004651162790697674,Cora Jade,0.026764106319137202,1.0034477452665775,"[('Cora Jade', 0.026764106319137202), ('Big E', 0.026672147548676795), ('Becky Lynch', 0.02433035034680879), ('Bianca BelAir', 0.023755814429431775), ('Mandy Rose', 0.023686514216139043), ('Roman Reigns', 0.022986536164329663), ('Charlotte Flair', 0.020829224364053), ('Damian Priest', 0.018542608015393446), ('Tommaso Ciampa', 0.016754773869198773), ('Drew McIntyre', 0.01670962760729028)]"
2022-01-01,192,804,0.021924083769633507,7,49,72,532,827,0.024681516596872184,0.005208333333333333,Roman Reigns,0.024681516596872184,1.0567535913350548,"[('Roman Reigns', 0.024681516596872184), ('Becky Lynch', 0.023355980806926496), ('Charlotte Flair', 0.022458285563057116), ('Drew McIntyre', 0.0221552148957356), ('Bianca BelAir', 0.02185206238432833), ('Bobby Lashley', 0.02157758122168842), ('Dolph Ziggler', 0.021168207867219367), ('Seth Rollins', 0.020519821682695005), ('Bron Breakker', 0.020345388598984725), ('Finn Bálor', 0.019550355215145466)]"
2022-05-01,197,1035,0.02680513829897441,5,56,51,826,595,0.055902922316942744,0.005076142131979695,Bianca BelAir,0.055902922316942744,1.6520865823946949,"[('Bianca BelAir', 0.055902922316942744), ('Carmella', 0.03383776789465333), ('Mandy Rose', 0.030177880758063862), ('Carmelo Hayes', 0.028696426708936518), ('Roman Reigns', 0.02194214955859019), ('Jimmy Uso', 0.02128839863687318), ('Drew McIntyre', 0.020235166976289607), ('Jey Uso', 0.02021810007576273), ('Cameron Grimes', 0.01905412494324871), ('Zoey Stark', 0.018545933857978144)]"
2022-09-01,221,1240,0.025503907856849032,5,65,41,1001,796,0.027773340154590927,0.004524886877828056,Ricochet,0.027773340154590927,1.1039593489969959,"[('Ricochet', 0.027773340154590927), ('Gunther', 0.02515793736411077), ('Bianca BelAir', 0.024331990217125534), ('Seth Rollins', 0.01985387709770855), ('Jey Uso', 0.01964631236838871), ('Jimmy Uso', 0.01964631236838871), ('Braun Strowman', 0.019077713222466992), ('Bayley', 0.018778445396331916), ('Iyo Sky', 0.018766803496131957), ('Kevin Owens', 0.01701651027252912)]"
2023-01-01,208,1233,0.028637123745819396,4,35,48,922,929,0.053361113678668665,0.004807692307692309,Austin Theory,0.053361113678668665,1.190664864587433,"[('Austin Theory', 0.053361113678668665), ('Bobby Lashley', 0.04481623273326232), ('Carmelo Hayes', 0.03433902720616678), ('Roman Reigns', 0.0265096407450841), ('Indi Hartwell', 0.02642827840078666), ('Cody Rhodes', 0.02341616190530198), ('Solo Sikoa', 0.02225902913333119), ('Bron Breakker', 0.020977480986211314), ('Roxanne Perez', 0.016485913170196688), ('Apollo Crews', 0.016034280308220978)]"
2023-05-01,215,1140,0.02477722234296892,4,42,35,886,979,0.06549867963079922,0.0046511627906976735,Cody Rhodes,0.06549867963079922,1.5514847392306315,"[('Cody Rhodes', 0.06549867963079922), ('Finn Bálor', 0.04221677337495403), ('Seth Rollins', 0.0386576000303446), ('Brock Lesnar', 0.037866718326892784), ('Damian Priest', 0.023744928293490862), ('Dominik Mysterio', 0.023709009733058194), ('Austin Theory', 0.020267729184490837), ('Tiffany Stratton', 0.019378599995657237), ('Gunther', 0.01639188128386983), ('Rey Mysterio', 0.015447652144490355)]"
2023-09-01,202,1086,0.026747450864489434,4,27,40,835,889,0.0371856441805152,0.0049504950495049506,Cody Rhodes,0.0371856441805152,1.1953157175170062,"[('Cody Rhodes', 0.0371856441805152), ('Damian Priest', 0.03110947479027535), ('Finn Bálor', 0.029813504938185624), ('Seth Rollins', 0.021039733752995074), ('Lyra Valkyria', 0.019844748275674475), ('Jey Uso', 0.017829984096877013), ('Drew McIntyre', 0.016185821864729073), ('Blair Davenport', 0.01576327282129814), ('Iyo Sky', 0.013930310661120769), ('Shotzi', 0.013185046989008653)]"
2024-01-01,212,1208,0.027005275865152462,4,41,31,970,848,0.05776908765739272,0.004716981132075471,Trick Williams,0.05776908765739272,1.249909424281095,"[('Trick Williams', 0.05776908765739272), ('Ilja Dragunov', 0.046218619153639486), ('Drew McIntyre', 0.03983822466339275), ('Lyra Valkyria', 0.038656926759577874), ('Roxanne Perez', 0.03246056090960495), ('Cody Rhodes', 0.026544780616157233), ('Bron Breakker', 0.018033920700439715), ('Jey Uso', 0.017812399989075953), ('Baron Corbin', 0.01664861399575998), ('Gunther', 0.016609882521407424)]"
2024-05-01,202,1151,0.02834835722378208,4,28,38,922,979,0.07171586551513043,0.0049504950495049506,Gunther,0.07171586551513043,1.082349474927917,"[('Gunther', 0.07171586551513043), ('Damian Priest', 0.06625943577041658), ('Jey Uso', 0.05047071144589702), ('Nia Jax', 0.025762510643278724), ('Bayley', 0.024070848710214646), ('Liv Morgan', 0.021715677609427882), ('Tama Tonga', 0.015620980537029495), ('Cody Rhodes', 0.014133627634260269), ('Sami Zayn', 0.014058598324833228), ('Pete Dunne', 0.013566353602478194)]"
2024-09-01,207,1113,0.02610102715632475,4,32,27,793,831,0.05920935312125049,0.004830917874396135,Oba Femi,0.05920935312125049,1.0541079509195814,"[('Oba Femi', 0.05920935312125049), (""Tony D'Angelo"", 0.056170103896472375), ('Cody Rhodes', 0.026291668558624196), ('Hammerstone', 0.024812753793541358), ('Giulia', 0.020015401443440755), ('Roxanne Perez', 0.018314977587107442), ('Iyo Sky', 0.01693345451402258), ('Fallon Henley', 0.01663639578538055), ('Liv Morgan', 0.016312449056380667), ('Stephanie Vaquer', 0.015548740009775141)]"
2025-01-01,236,1119,0.02017670393076091,3,62,33,837,831,0.0454983760371794,0.00423728813559322,Liv Morgan,0.0454983760371794,1.4112110279104482,"[('Liv Morgan', 0.0454983760371794), ('Iyo Sky', 0.03224066077810342), ('Gunther', 0.03167427795396808), ('CM Punk', 0.029369689737345408), ('Rhea Ripley', 0.02682774987631567), ('Stephanie Vaquer', 0.021411582048272457), ('Jey Uso', 0.018574474112332564), ('Bayley', 0.017155376396389633), ('Seth Rollins', 0.01683032937007218), ('Lyra Valkyria', 0.015556088892887721)]"
2025-05-01,238,1110,0.01967875757898096,4,42,40,919,928,0.023026721864977676,0.0042016806722689065,Seth Rollins,0.023026721864977676,1.0904444052982947,"[('Seth Rollins', 0.023026721864977676), ('Cody Rhodes', 0.021116823336517224), ('Jey Uso', 0.02014553989340202), ('Jacy Jayne', 0.01910060213836014), ('Roxanne Perez', 0.01631640775858218), ('Stephanie Vaquer', 0.015268833412723155), ('Tiffany Stratton', 0.015035887748643449), ('L.A. Knight', 0.014958335997566885), ('Sami Zayn', 0.01429643471297814), ('Kelani Jordan', 0.014285842829471066)]"
2025-09-01,230,1118,0.02122650465160433,4,41,49,891,883,0.030701500913637693,0.004347826086956521,Oba Femi,0.030701500913637693,1.3956897698364348,"[('Oba Femi', 0.030701500913637693), ('Ricky Saints', 0.02199736759354172), ('Cody Rhodes', 0.02156433860093039), ('Stephanie Vaquer', 0.019502581271361695), ('Raquel Rodriguez', 0.019070037982852277), ('Carmelo Hayes', 0.01795374244318309), ('CM Punk', 0.017711550300386222), ('Ilja Dragunov', 0.016209924494301496), ('Asuka', 0.015386476200101291), ('Dexter Lumis', 0.01498760944936692)]"
2026-01-01,127,198,0.012373453318335208,15,2,105,118,1038,0.03861032754626987,0.007874015748031498,Drew McIntyre,0.03861032754626987,1.061872388744853,"[('Drew McIntyre', 0.03861032754626987), ('Cody Rhodes', 0.036360609763954575), ('Damian Priest', 0.021193428872214586), ('Giulia', 0.02041099534204068), ('Talla Tonga', 0.020170401490368178), ('Jacy Jayne', 0.01939563455208351), ('Alexa Bliss', 0.01799357541114158), ('CM Punk', 0.01751206123145831), ('Solo Sikoa', 0.01711893097344074), ('Tama Tonga', 0.01711893097344074)]"
