snapshot,nodes,edges,density,communities,new_nodes,removed_nodes,new_edges,removed_edges,pagerank_max,pagerank_mean,dominant_node,dominant_score,dominance_ratio,top_pagerank
1963-01-01,58,84,0.025408348457350273,9,0,0,0,0,0.13056495750236052,0.017241379310344827,Pat Barrett,0.13056495750236052,1.0277201467477497,"[('Pat Barrett', 0.13056495750236052), ('""Mr. Wrestling"" Tim Woods', 0.12704329862126099), ('Buddy Rogers', 0.1210017406474853), ('The Shadow', 0.039359912519346216), ('Bruno Sammartino', 0.035371970704684286), ('Buddy Austin', 0.03367397506462881), ('The Great Scott', 0.02839771660994793), ('Dory Dixon', 0.025078739878698762), ('Killer Kowalski', 0.02391957840064893), ('Hans Mortier', 0.018126640344191182)]"
1963-05-01,46,73,0.035265700483091786,6,16,28,69,80,0.20756211882378472,0.021739130434782605,Johnny Barend,0.20756211882378472,1.0240968191088866,"[('Johnny Barend', 0.20756211882378472), ('Bobo Brazil', 0.2026782184563311), ('Bruno Sammartino', 0.07601610040745195), ('Hans Mortier', 0.04243022420498697), ('Edouard Carpentier', 0.02446336798053802), ('The Shadow', 0.024400682437479566), ('Vittorio Apollo', 0.02168895509186182), ('""Mr. Wrestling"" Tim Woods', 0.018592260147112072), ('Gorilla Monsoon', 0.01791895563723398), ('Jolly Cholly', 0.017608654219585525)]"
1963-09-01,48,51,0.022606382978723406,12,17,15,44,66,0.11016280470812213,0.02083333333333333,Bruno Sammartino,0.11016280470812213,1.6580998674941514,"[('Bruno Sammartino', 0.11016280470812213), ('Killer Kowalski', 0.06643918552059755), ('Vittorio Apollo', 0.05544517859642664), ('Dory Dixon', 0.046602454081244235), ('Edouard Carpentier', 0.04041539472072926), ('Johnny Barend', 0.03725297064834729), ('The Shadow', 0.03365608008001628), ('Gorilla Monsoon', 0.03147502471748645), ('Karl von Hess', 0.030459744776597485), ('Bobo Brazil', 0.024433718203635286)]"
1964-01-01,17,13,0.04779411764705882,4,10,41,12,50,0.14647266122935854,0.058823529411764705,Bruno Sammartino,0.14647266122935854,1.5691674810192546,"[('Bruno Sammartino', 0.14647266122935854), ('Dr. Jerry Graham', 0.09334418601016192), ('Hans Mortier', 0.0825501946756801), ('Bill Watts', 0.07740965954261858), ('Don McClarity', 0.07740965954261858), ('Tony Marino', 0.06712858927649552), ('Pedro Morales', 0.06712858927649552), ('Roy Heffernan', 0.05170698387731094), ('Ernie Ladd', 0.04656644874424941), ('Klondike Bill', 0.03628537847812635)]"
1964-05-01,21,17,0.04047619047619048,6,12,8,16,12,0.23076710405390524,0.047619047619047616,Bruno Sammartino,0.23076710405390524,1.0774344794081816,"[('Bruno Sammartino', 0.23076710405390524), ('Freddie Blassie', 0.21418203005779257), ('Killer Kowalski', 0.06399828240801607), ('Bill Watts', 0.05407035145705692), ('Bobby Davis', 0.04870390244476529), ('Red Bastien', 0.04870390244476529), ('Pedro Morales', 0.0410375473557892), ('Don McClarity', 0.03848209565946383), ('Klondike Bill', 0.0333711922668131), ('Bobo Brazil', 0.02826028887416237)]"
1964-09-01,23,18,0.03557312252964427,6,10,8,17,16,0.0988470022732815,0.043478260869565216,Freddie Blassie,0.0988470022732815,1.1656879167428444,"[('Freddie Blassie', 0.0988470022732815), ('Haystacks Calhoun', 0.08479714068708799), ('Gorilla Monsoon', 0.07257559344200314), ('Bruno Sammartino', 0.07254298593411497), ('Pedro Morales', 0.05944807923331438), ('Bill Watts', 0.05819522624360808), ('Arnold Skaaland', 0.04275137750718025), ('Gene Kiniski', 0.04275137750718025), ('Steve Stanlee', 0.04275137750718025), ('Robert Duranton', 0.04275137750718025)]"
1965-01-01,17,14,0.051470588235294115,5,5,11,13,17,0.15954689605375758,0.05882352941176469,Bill Watts,0.15954689605375758,1.0,"[('Bill Watts', 0.15954689605375758), ('Bruno Sammartino', 0.15954689605375758), ('Bobo Brazil', 0.09611972950494382), ('Wahoo McDaniel', 0.09361848911542153), ('Gorilla Monsoon', 0.08492146443885605), ('Don McClarity', 0.07174732356028092), ('Sweet Daddy Siki', 0.044280861184449016), ('Haystacks Calhoun', 0.044280861184449016), ('Argentina Apollo', 0.034108176400718566), ('Kenny Ackles', 0.034108176400718566)]"
1965-05-01,22,18,0.03896103896103896,6,11,6,17,13,0.23091568740036383,0.04545454545454545,Bruno Sammartino,0.23091568740036383,1.0740295562359876,"[('Bruno Sammartino', 0.23091568740036383), ('Dr. Bill Miller', 0.21499937879700828), ('Arnold Skaaland', 0.06647371727063037), ('Waldo Von Erich', 0.05506711862171494), ('Chief Big Heart', 0.04790469056671561), ('Bill Watts', 0.03464110006391936), ('Dr. Jerry Graham', 0.03464110006391936), ('Don McClarity', 0.02668294576224161), ('Smasher Sloan', 0.02668294576224161), ('Tarzan Tyler', 0.02668294576224161)]"
1965-09-01,23,19,0.037549407114624504,7,9,8,17,16,0.12663476802086193,0.043478260869565216,Bruno Sammartino,0.12663476802086193,1.157653991008178,"[('Bruno Sammartino', 0.12663476802086193), ('Tarzan Tyler', 0.10938913440844117), ('Chief Big Heart', 0.10090679987461693), ('Angelo Savoldi', 0.07380507460025257), ('Baron Mikel Scicluna', 0.053730205604969314), ('Arnold Skaaland', 0.043692771107327694), ('Bobo Brazil', 0.043692771107327694), ('Johnny Valentine', 0.043692771107327694), ('Tony Newberry', 0.043692771107327694), ('Argentina Apollo', 0.03365533660968607)]"
1966-01-01,16,15,0.0625,4,6,13,14,18,0.13515009092582814,0.0625,Bruno Sammartino,0.13515009092582814,1.4299750787091372,"[('Bruno Sammartino', 0.13515009092582814), ('Argentina Apollo', 0.09451220020409756), ('King Curtis Iaukea', 0.08806121247488383), ('The Beast', 0.08110920016002274), ('Angelo Savoldi', 0.07120281201634027), ('Antonio Pugliese', 0.06179744845830518), ('Chief Big Heart', 0.06179744845830518), ('Smasher Sloan', 0.05484543614344408), ('The Magnificent Maurice', 0.05484543614344408), ('The Sheik', 0.05484543614344408)]"
1966-09-01,17,11,0.04044117647058824,6,11,10,11,15,0.12670091228022123,0.058823529411764705,Bruno Sammartino,0.12670091228022123,1.6547272232914059,"[('Bruno Sammartino', 0.12670091228022123), ('Bobo Brazil', 0.07656906256017314), ('Luke Graham', 0.07656906256017314), ('Spiros Arion', 0.07656906256017314), ('Angelo Savoldi', 0.058978766898023574), ('Argentina Apollo', 0.058978766898023574), ('Arman Hussian', 0.058978766898023574), ('Tank Morgan', 0.058978766898023574), ('Mr. Kleen', 0.058978766898023574), ('The Sheik', 0.058978766898023574)]"
1967-01-01,18,17,0.05555555555555555,4,8,7,17,11,0.24698679708053148,0.05555555555555555,Gorilla Monsoon,0.24698679708053148,1.0410711656375395,"[('Gorilla Monsoon', 0.24698679708053148), ('Bruno Sammartino', 0.2372429524827726), ('Spiros Arion', 0.07962599243957372), ('The Sheik', 0.04930431335589737), ('Baron Mikel Scicluna', 0.04238062424153839), ('The Ox', 0.04238062424153839), ('Louis Cerdan', 0.035456935127179415), ('Captain Lou Albano', 0.030773266279211158), ('Professor Toru Tanaka', 0.030773266279211158), ('Antonio Pugliese', 0.027311421722031666)]"
1967-05-01,24,18,0.03260869565217391,7,13,7,17,16,0.09303612125337149,0.041666666666666664,Bruno Sammartino,0.09303612125337149,1.0504344585407117,"[('Bruno Sammartino', 0.09303612125337149), ('Hans Mortier', 0.08856918249104229), ('Bobo Brazil', 0.0752711316587922), ('Bulldog Brower', 0.06325353898454), ('Arnold Skaaland', 0.05245524521380799), ('The Sheik', 0.05245524521380799), ('Arman Hussian', 0.04548854938996071), ('Gorilla Monsoon', 0.04548854938996071), ('Guillotine Gordon', 0.04548854938996071), ('Edouard Carpentier', 0.04548854938996071)]"
1967-09-01,18,10,0.032679738562091505,8,2,8,10,18,0.09918227391341712,0.055555555555555566,Spiros Arion,0.09918227391341712,1.0495537214096058,"[('Spiros Arion', 0.09918227391341712), ('Dominic DeNucci', 0.09449947333825859), ('Baron Mikel Scicluna', 0.06795834871876315), ('Bobo Brazil', 0.06795834871876315), ('Bruno Sammartino', 0.06795834871876315), ('Bulldog Brower', 0.06795834871876315), ('Gorilla Monsoon', 0.06795834871876315), ('The Sheik', 0.06795834871876315), ('Tony Altimore', 0.06795834871876315), ('Gil Gordon', 0.03673442352410916)]"
1968-01-01,22,18,0.03896103896103896,6,14,10,18,10,0.12285126281512877,0.04545454545454546,Bruno Sammartino,0.12285126281512877,1.475860753650634,"[('Bruno Sammartino', 0.12285126281512877), ('Victor Rivera', 0.0832404158124325), ('The Sheik', 0.08300033730581591), ('Louis Cerdan', 0.06801109840998223), ('Professor Toru Tanaka', 0.0648003086729726), ('Earl Maynard', 0.05730568922505576), ('Angelo Savoldi', 0.046600280040129276), ('Bull Ramos', 0.046600280040129276), ('Dominic DeNucci', 0.046600280040129276), ('The Magnificent Maurice', 0.046600280040129276)]"
1968-05-01,23,15,0.029644268774703556,8,12,11,15,18,0.09409892032859958,0.043478260869565216,Ernie Ladd,0.09409892032859958,1.3304265097642285,"[('Ernie Ladd', 0.09409892032859958), ('Bobo Brazil', 0.07072838645200727), ('Edouard Carpentier', 0.0650186511902624), ('Angelo Savoldi', 0.050864908792084246), ('Arnold Skaaland', 0.050864908792084246), ('Virgil the Kentucky Butcher', 0.050864908792084246), ('Bruno Sammartino', 0.050864908792084246), ('Earl Maynard', 0.050864908792084246), ('Johnny Rodz', 0.050864908792084246), ('Victor Rivera', 0.050864908792084246)]"
1968-09-01,25,25,0.041666666666666664,6,13,11,25,15,0.15496560867709713,0.04000000000000001,Bruno Sammartino,0.15496560867709713,1.0342592420069667,"[('Bruno Sammartino', 0.15496560867709713), ('The Sheik', 0.14983246209759593), ('Tony Altimore', 0.07379093256552073), ('Carlos Colon', 0.04987836815405298), ('Gorilla Monsoon', 0.04891559168481319), ('Spiros Arion', 0.04301255618120899), ('Victor Rivera', 0.04301255618120899), ('Captain Lou Albano', 0.037366011880935426), ('Earl Maynard', 0.03678859518785821), ('Rocky Fitzpatrick', 0.033516151946309504)]"
1969-01-01,22,20,0.04329004329004329,6,8,11,19,24,0.11172296550460907,0.045454545454545456,Bruno Sammartino,0.11172296550460907,1.2213296681795656,"[('Bruno Sammartino', 0.11172296550460907), ('Killer Kowalski', 0.0914765017303936), ('Spiros Arion', 0.07957683634797519), ('Baron Mikel Scicluna', 0.06557731073705572), ('Johnny Rodz', 0.059461836474993535), ('Arnold Skaaland', 0.058731314690621636), ('Victor Rivera', 0.049837910973805), ('John L. Sullivan', 0.049107389189433095), ('Dominic DeNucci', 0.044097382971692634), ('Thunderbolt Patterson', 0.044097382971692634)]"
1969-05-01,15,10,0.047619047619047616,6,6,13,9,19,0.11461075953776548,0.06666666666666667,Killer Kowalski,0.11461075953776548,1.119356375212714,"[('Killer Kowalski', 0.11461075953776548), ('Haystacks Calhoun', 0.10238987517803319), ('Antonio Pugliese', 0.08801155636902752), ('Dominic DeNucci', 0.08801155636902752), ('Bruno Sammartino', 0.07363323756002185), ('Bulldog Brower', 0.07363323756002185), ('Captain Lou Albano', 0.07363323756002185), ('Dr. Bill Miller', 0.07363323756002185), ('Baron Mikel Scicluna', 0.056717457508847345), ('Luke Graham', 0.056717457508847345)]"
1969-09-01,24,19,0.034420289855072464,8,16,7,18,9,0.14859238650982534,0.041666666666666664,Gorilla Monsoon,0.14859238650982534,1.6713951942974585,"[('Gorilla Monsoon', 0.14859238650982534), ('Ernie Ladd', 0.08890320315434647), ('Bruno Sammartino', 0.0752308374121155), ('Waldo Von Erich', 0.06653469447841527), ('Baron Mikel Scicluna', 0.06393418084181988), ('Killer Kowalski', 0.06393418084181988), ('Ivan Koloff', 0.050656112411143116), ('Victor Rivera', 0.04805559877454775), ('Jean DuBois', 0.03455903914054301), ('Dominic DeNucci', 0.03455903914054301)]"
1970-01-01,16,11,0.04583333333333333,6,7,15,10,18,0.15297973638909554,0.0625,Bruno Sammartino,0.15297973638909554,2.045284409079002,"[('Bruno Sammartino', 0.15297973638909554), ('Bob Ellis', 0.07479631473746129), ('Ivan Koloff', 0.07479631473746129), ('Eric the Red', 0.07479631473746129), ('Gorilla Monsoon', 0.07479631473746129), ('Killer Kowalski', 0.07479631473746129), ('Mario Milano', 0.07479631473746129), ('Karl Kovacs', 0.05761353614677286), ('Joe Turco', 0.05761353614677286), ('Professor Toru Tanaka', 0.040430757556084426)]"
1970-05-01,19,16,0.04678362573099415,5,12,9,16,11,0.2576994278337204,0.05263157894736842,Crusher Verdu,0.2576994278337204,1.074027552439833,"[('Crusher Verdu', 0.2576994278337204), ('Bruno Sammartino', 0.23993744596990374), ('Professor Toru Tanaka', 0.06145277682223256), ('Mario Milano', 0.041618465811405436), ('Akim Manuka', 0.038658135500769325), ('Gorilla Monsoon', 0.038658135500769325), ('John L. Sullivan', 0.03569780519013323), ('Jose Luis Rivera', 0.029777144568861023), ('Victor Rivera', 0.029777144568861023), ('Chief Jay Strongbow', 0.026816814258224922)]"
1970-09-01,25,25,0.041666666666666664,7,14,8,24,15,0.19619942675099628,0.04000000000000001,Bruno Sammartino,0.19619942675099628,1.0916613482754973,"[('Bruno Sammartino', 0.19619942675099628), ('Bepo Mongol', 0.1797255413145601), ('Geto Mongol', 0.086305658323063), ('Victor Rivera', 0.086305658323063), ('Ivan Koloff', 0.047470812560267445), ('Crusher Verdu', 0.045866066682310205), ('Professor Toru Tanaka', 0.03958463251319433), ('Chief Jay Strongbow', 0.03243892823557295), ('Johnny Rodz', 0.023949821761761202), ('The Fabulous Moolah', 0.023949821761761202)]"
1971-01-01,21,19,0.04523809523809524,6,9,13,19,25,0.19536073009940882,0.047619047619047616,Pedro Morales,0.19536073009940882,2.166669987000949,"[('Pedro Morales', 0.19536073009940882), ('Blackjack Mulligan', 0.09016635263860479), ('Jose Luis Rivera', 0.06659993005247002), ('Wolfman Farkus', 0.0613141464846331), ('Vincente Pometti', 0.056429648837139065), ('Ivan Koloff', 0.05376430354850105), ('Jack Evans', 0.05376430354850105), ('Chief Jay Strongbow', 0.04942336723836125), ('Manuel Soto', 0.047547133256688016), ('Bruno Sammartino', 0.03866461767623697)]"
1971-05-01,24,22,0.03985507246376811,5,15,12,22,19,0.2475607963078327,0.04166666666666666,Chief Jay Strongbow,0.2475607963078327,1.1113930502280591,"[('Chief Jay Strongbow', 0.2475607963078327), ('Eddie Graham', 0.2227481953904903), ('Beautiful Bobby', 0.054027207416223064), ('Bob Roop', 0.05103163781555707), ('Stan Stasiak', 0.04812763620354475), ('Pedro Morales', 0.042136497002212774), ('Jimmy Valiant', 0.037688926595540614), ('Manuel Soto', 0.03324135618886846), ('Little Beaver', 0.031671625577476555), ('Mike Pappas', 0.02277648476413225)]"
1971-09-01,15,13,0.06190476190476191,4,4,13,12,21,0.10949284326431219,0.06666666666666667,Pedro Morales,0.10949284326431219,1.100542376878873,"[('Pedro Morales', 0.10949284326431219), ('Rene Goulet', 0.09948989295153976), ('Victor Rivera', 0.0960919335100576), ('Karl Gotch', 0.08860455133498304), ('Gorilla Monsoon', 0.08595737742363033), ('Black Demon', 0.0768368184146421), ('Stan Stasiak', 0.0768368184146421), ('Jimmy Valiant', 0.06418669419051692), ('Manuel Soto', 0.05330135257396022), ('Chuck Richards', 0.041533619653619284)]"
1972-01-01,24,25,0.04528985507246377,6,13,4,25,13,0.12719201889940498,0.041666666666666664,Pedro Morales,0.12719201889940498,1.1912075943304263,"[('Pedro Morales', 0.12719201889940498), ('Pampero Firpo', 0.10677569510535162), ('Ernie Ladd', 0.08064941983149114), ('King Curtis Iaukea', 0.05940254777955198), ('Victor Rivera', 0.05805176769526223), ('Chief Jay Strongbow', 0.05005204488698478), ('Sonny King', 0.048648785953964505), ('Baron Mikel Scicluna', 0.04553195165644211), ('Manuel Soto', 0.04070154199441759), ('Don Curtis', 0.04070154199441759)]"
1972-05-01,35,25,0.02100840336134454,11,20,9,25,25,0.09250625190409556,0.028571428571428567,Pedro Morales,0.09250625190409556,1.588787560401348,"[('Pedro Morales', 0.09250625190409556), ('Chief Jay Strongbow', 0.05822443113837529), ('The Fabulous Moolah', 0.051354139137445555), ('Black Demon', 0.03518682288751366), (""Chuck O'Connor"", 0.03518682288751366), ('Ernie Ladd', 0.03518682288751366), ('Fred Curry', 0.03518682288751366), ('King Curtis Iaukea', 0.03518682288751366), ('Paul Jones', 0.03518682288751366), ('Bob Roop', 0.03053831076301258)]"
1972-09-01,33,33,0.03125,7,20,22,33,25,0.08933403460531587,0.03030303030303031,Pedro Morales,0.08933403460531587,1.5110176765593744,"[('Pedro Morales', 0.08933403460531587), ('The Spoiler', 0.059121766734543925), ('Victor Rivera', 0.05496042833542161), ('Sonny King', 0.04944047555325573), (""Chuck O'Connor"", 0.04581021204552006), ('The Fabulous Moolah', 0.04354232033658447), ('Mil Mascaras', 0.0412527100412858), ('Tony Garea', 0.039569065822864534), ('El Olympico', 0.03758904525378551), ('Black Gordman', 0.03713926228208198)]"
1973-01-01,33,30,0.028409090909090908,7,14,14,29,32,0.08006603578149125,0.03030303030303031,Pedro Morales,0.08006603578149125,1.326260396619867,"[('Pedro Morales', 0.08006603578149125), ('Victor Rivera', 0.06036977051079043), ('Black Gordman', 0.04835721005675227), ('Gorilla Monsoon', 0.04500435697488899), ('Tony Garea', 0.04486407256806271), ('Chief Jay Strongbow', 0.043607501198897954), ('Moondog Mayne', 0.036482937912116487), ('King Curtis Iaukea', 0.036482937912116487), ('Terry Funk', 0.036482937912116487), ('The Fabulous Moolah', 0.036482937912116487)]"
1973-05-01,24,23,0.041666666666666664,5,7,16,19,26,0.10183621825996723,0.04166666666666666,Blackjack Lanza,0.10183621825996723,1.1744983333780226,"[('Blackjack Lanza', 0.10183621825996723), ('Victor Rivera', 0.08670614113778427), ('Chief Jay Strongbow', 0.08470803026040963), ('Pedro Morales', 0.07978596272779061), ('Haystacks Calhoun', 0.06283216542458316), ('Manuel Soto', 0.05504643154560938), ('Gorilla Monsoon', 0.052105249087815886), ('Moondog Mayne', 0.0451850706778222), ('The Fabulous Moolah', 0.0451850706778222), ('El Olympico', 0.03480480306283169)]"
1973-09-01,26,28,0.043076923076923075,5,13,11,27,22,0.08676069039700718,0.03846153846153848,Stan Stasiak,0.08676069039700718,1.0378896880270818,"[('Stan Stasiak', 0.08676069039700718), ('Chief Jay Strongbow', 0.08359336391705563), ('Pedro Morales', 0.07931261615082459), ('Don Leo Jonathan', 0.06590615121888094), ('Jose Gonzales', 0.0647153880006243), ('Bruno Sammartino', 0.0562251632258752), ('Victor Rivera', 0.0538056219896935), ('Dean Ho', 0.04676087324837328), ('Tony Garea', 0.045582103880842675), ('Mike McCord', 0.04237477498755513)]"
1974-01-01,24,22,0.03985507246376811,5,11,13,20,26,0.12291299509655469,0.041666666666666664,Pedro Morales,0.12291299509655469,1.1138856270304585,"[('Pedro Morales', 0.12291299509655469), ('Bruno Sammartino', 0.11034615414172474), ('Nikolai Volkoff', 0.06926206593581118), ('Chief Jay Strongbow', 0.06926206593581118), ('Otto Von Heller', 0.0631205230546085), ('Jose Gonzales', 0.05003043427306135), ('Professor Toru Tanaka', 0.04388889139185867), ('Butcher Brannigan', 0.04185719211499662), ('Mr. Fuji', 0.04185719211499662), ('Tony Garea', 0.04185719211499662)]"
1974-05-01,26,21,0.03230769230769231,8,10,8,20,21,0.07320626207418521,0.038461538461538464,Jack Evans,0.07320626207418521,1.032382695736085,"[('Jack Evans', 0.07320626207418521), ('Pedro Morales', 0.07091000495895508), ('Jose Gonzales', 0.06737487735400703), ('Larry Zbyszko', 0.06737487735400703), ('Dean Ho', 0.05676949453916293), ('Bruno Sammartino', 0.05323436693421489), ('Giant Baba', 0.052173478468733575), ('Haystacks Calhoun', 0.04616411172431882), ('The Fabulous Moolah', 0.04616411172431882), ('Tony Garea', 0.04616411172431882)]"
1974-09-01,23,18,0.03557312252964427,7,9,12,16,19,0.10650405301049212,0.04347826086956521,Larry Zbyszko,0.10650405301049212,1.4381519361814628,"[('Larry Zbyszko', 0.10650405301049212), ('Pedro Morales', 0.07405618998315187), ('Bruno Sammartino', 0.07056071988882832), ('Jose Gonzales', 0.0585137000363785), ('Spiros Arion', 0.056765964989216725), ('Bobby Duncum', 0.050742455062991826), ('Chief Jay Strongbow', 0.050742455062991826), ('Jack Evans', 0.050742455062991826), ('Mad Dog Vachon', 0.050742455062991826), ('The Fabulous Moolah', 0.050742455062991826)]"
1975-01-01,24,21,0.03804347826086957,6,10,9,20,17,0.18020069520302742,0.04166666666666666,Spiros Arion,0.18020069520302742,1.0495007075134666,"[('Spiros Arion', 0.18020069520302742), ('Bruno Sammartino', 0.17170135657170596), ('Ivan Putski', 0.05812839755854168), ('Victor Rivera', 0.05787910680351638), ('Mike Paidousis', 0.05000754656784771), ('Wolfman Farkus', 0.0465965409722214), ('Waldo Von Erich', 0.04460455441882129), ('Chief Jay Strongbow', 0.03068615073633369), ('Pedro Morales', 0.03068615073633369), ('Butcher Vachon', 0.02862314318086291)]"
1975-05-01,28,26,0.03439153439153439,5,12,8,26,21,0.08735402872567412,0.035714285714285705,Waldo Von Erich,0.08735402872567412,1.0409695989893724,"[('Waldo Von Erich', 0.08735402872567412), ('Baron Mikel Scicluna', 0.08391602291794302), ('Bruno Sammartino', 0.07725599881720258), ('Chief Jay Strongbow', 0.07725599881720258), ('Spiros Arion', 0.046273566749896404), ('Victor Rivera', 0.046273566749896404), ('The Fabulous Moolah', 0.04012782518263533), ('Ivan Putski', 0.037054954399004796), ('Pete Sanchez', 0.030909212831743717), ('Bobby Duncum', 0.030909212831743717)]"
1975-09-01,31,31,0.03333333333333333,6,20,17,30,25,0.07668364734463197,0.03225806451612903,Dominic DeNucci,0.07668364734463197,1.195008417351315,"[('Dominic DeNucci', 0.07668364734463197), ('Spiros Arion', 0.0641699641870289), ('Ernie Ladd', 0.05684652966845805), ('Pat Barrett', 0.05519658526057465), ('Ivan Putski', 0.05146915340030487), ('Billy Graham', 0.04984159523939264), ('Waldo Von Erich', 0.04984159523939264), ('Haystacks Calhoun', 0.046581035110183966), ('Bruno Sammartino', 0.04388834730865227), ('Francisco Flores', 0.040470887247532825)]"
1976-01-01,32,34,0.034274193548387094,7,17,16,32,29,0.0926681634655361,0.03125,Bruno Sammartino,0.0926681634655361,1.2516332460732962,"[('Bruno Sammartino', 0.0926681634655361), ('Ernie Ladd', 0.07403779322438149), ('Bobo Brazil', 0.056307501520046196), ('Dominic DeNucci', 0.05448547790518615), ('Billy Graham', 0.054367343752130676), ('Stan Hansen', 0.054367343752130676), ('Andre the Giant', 0.04645253056416668), ('Spiros Arion', 0.04356046089618651), ('Kevin Sullivan', 0.03361635641913874), ('Baron Mikel Scicluna', 0.03178524974373109)]"
1976-05-01,23,15,0.029644268774703556,9,9,18,15,34,0.11738280508144426,0.04347826086956523,Bruno Sammartino,0.11738280508144426,1.0590273874957596,"[('Bruno Sammartino', 0.11738280508144426), ('Stan Hansen', 0.11084019777714603), ('Ivan Putski', 0.10314241517186865), ('Baron Mikel Scicluna', 0.051228509757450566), ('Andre the Giant', 0.04285929203887558), ('Billy White Wolf', 0.04285929203887558), ('Bobo Brazil', 0.04285929203887558), ('Skandor Akbar', 0.04285929203887558), ('Special Delivery Jones', 0.04285929203887558), ('The Fabulous Moolah', 0.04285929203887558)]"
1976-09-01,32,38,0.038306451612903226,7,18,9,37,14,0.15159130605794674,0.03125,Bruno Sammartino,0.15159130605794674,1.0831951631793926,"[('Bruno Sammartino', 0.15159130605794674), ('Stan Stasiak', 0.1399482856007187), ('Doug Gilbert', 0.06948924326790738), ('Ivan Putski', 0.06853927315511157), ('Victor Rivera', 0.04259842012056342), ('Bobo Brazil', 0.04166474206176303), ('Pete Sanchez', 0.038693023680182945), ('Special Delivery Jones', 0.02999096944261154), ('Jose Gonzales', 0.02999096944261154), ('Chief Jay Strongbow', 0.029770653069127632)]"
1977-01-01,37,45,0.033783783783783786,6,16,11,44,37,0.10048305732905857,0.027027027027027032,Bruno Sammartino,0.10048305732905857,1.2861817785848388,"[('Bruno Sammartino', 0.10048305732905857), ('Ken Patera', 0.07812508231893796), ('Billy Graham', 0.057054279193109896), ('Don Kent', 0.04694955451526456), ('Jose Gonzales', 0.0383588427260429), ('Ivan Putski', 0.036698823795338543), ('Bobo Brazil', 0.03356593427222329), ('Gorilla Monsoon', 0.03328904384373723), ('Carlos Rocha', 0.03263443180605032), ('Chief Jay Strongbow', 0.03171982680954906)]"
1977-05-01,30,25,0.028735632183908046,9,10,17,23,43,0.249671522783824,0.03333333333333334,Bruno Sammartino,0.249671522783824,1.0256944941897406,"[('Bruno Sammartino', 0.249671522783824), ('Billy Graham', 0.24341704493700628), ('Peter Maivia', 0.05588231234781191), ('Ken Patera', 0.030453681019476157), ('Stan Stasiak', 0.024751629739498023), ('Ivan Putski', 0.021900604099508954), ('Carlos Colon', 0.021900604099508954), ('Chief Jay Strongbow', 0.021900604099508954), ('Johnny Rivera', 0.021900604099508954), ('Ron Mickolajoka', 0.021900604099508954)]"
1977-09-01,27,27,0.038461538461538464,7,11,14,27,25,0.1438940013294167,0.037037037037037035,Billy Graham,0.1438940013294167,1.2088570341660738,"[('Billy Graham', 0.1438940013294167), ('Dusty Rhodes', 0.11903310090649515), ('Mil Mascaras', 0.09337863184996754), ('Tony Garea', 0.05171767218835866), ('Bob Backlund', 0.04527778945996864), ('Stan Stasiak', 0.042719298592034), ('Baron Mikel Scicluna', 0.04130798362941324), ('Ivan Putski', 0.034761936190997614), ('Chief Jay Strongbow', 0.033720924995709355), ('Arnold Skaaland', 0.030721467130267806)]"
1978-01-01,30,26,0.029885057471264367,8,12,9,25,26,0.18442842285297667,0.03333333333333334,Billy Graham,0.18442842285297667,1.083104256185716,"[('Billy Graham', 0.18442842285297667), ('Bob Backlund', 0.17027762729182128), ('Spiros Arion', 0.06267533298784461), ('Ken Patera', 0.060217896959356684), ('Tatsumi Fujinami', 0.04801667374248801), ('Peter Maivia', 0.04140593666447784), ('Mil Mascaras', 0.030771238502794455), ('Dusty Rhodes', 0.030771238502794455), ('Dick Slater', 0.029908979838015465), ('Carlos Colon', 0.02502276008956327)]"
1978-05-01,28,27,0.03571428571428571,7,14,16,27,26,0.13069116610519568,0.035714285714285705,Billy Graham,0.13069116610519568,1.0494727123968093,"[('Billy Graham', 0.13069116610519568), ('Dusty Rhodes', 0.12453031371032056), ('Ivan Koloff', 0.07714020124626046), ('Bob Backlund', 0.07494899180165099), ('Spiros Arion', 0.04693206652165975), ('George Steele', 0.04218843541107016), ('Peter Maivia', 0.039410156548516526), ('Tony Garea', 0.03382942984349178), ('Ivan Putski', 0.0333795293079532), ('Jack Brisco', 0.03176697517836065)]"
1978-09-01,32,34,0.034274193548387094,8,15,11,33,26,0.171644422096352,0.03125,Bob Backlund,0.171644422096352,1.0306275264927285,"[('Bob Backlund', 0.171644422096352), ('Peter Maivia', 0.1665436034689134), ('Bruno Sammartino', 0.061598010340315285), ('Billy Graham', 0.05933746018650668), ('Dino Bravo', 0.040883491548450335), ('Special Delivery Jones', 0.03427727377679479), ('Victor Rivera', 0.03249096461743917), ('Chief Jay Strongbow', 0.03158948056835864), ('Stan Stasiak', 0.028901687359922486), ('Crusher Blackwell', 0.027196223924735724)]"
1979-01-01,29,25,0.03078817733990148,6,13,16,24,33,0.07191388544632543,0.03448275862068965,Bruno Sammartino,0.07191388544632543,1.136766310913591,"[('Bruno Sammartino', 0.07191388544632543), ('Allen Coage', 0.06326180214518322), ('Bob Backlund', 0.06025773226259948), ('Ivan Koloff', 0.059656060743770514), ('Harley Race', 0.059656060743770514), ('Tatsumi Fujinami', 0.05079480493967171), ('Steve Travis', 0.04523738284968083), ('Ivan Putski', 0.04523738284968083), ('Roddy Piper', 0.04523738284968083), ('Dusty Rhodes', 0.03922924308451337)]"
1979-05-01,26,25,0.038461538461538464,6,12,15,24,24,0.14631089515775056,0.03846153846153847,Bob Backlund,0.14631089515775056,1.0287589037540443,"[('Bob Backlund', 0.14631089515775056), ('Pat Patterson', 0.1422207813938207), ('Greg Valentine', 0.06926200194879517), ('Bruno Sammartino', 0.05537113475485747), ('Tito Santana', 0.0536137605949852), ('Nikolai Volkoff', 0.044144531422081745), ('Ted DiBiase', 0.040604606293229435), ('Ivan Putski', 0.03371446858696743), ('Andre the Giant', 0.03301912048130794), ('Special Delivery Jones', 0.03301912048130794)]"
1979-09-01,34,29,0.025846702317290554,8,16,8,27,23,0.07820810570522559,0.02941176470588235,Bob Backlund,0.07820810570522559,1.4648588921628944,"[('Bob Backlund', 0.07820810570522559), ('Antonio Inoki', 0.053389514938022256), ('Harley Race', 0.05246517505814808), ('Larry Zbyszko', 0.044240444281927575), ('Hussein Arab', 0.0434431731793109), ('Johnny Rodz', 0.0434039047563478), ('Dusty Rhodes', 0.04235377721447842), ('Pat Patterson', 0.03971051079467916), ('Nikolai Volkoff', 0.03745655531179947), ('Bruno Sammartino', 0.03554746660437729)]"
1980-01-01,33,30,0.028409090909090908,9,17,18,30,29,0.12235974868796809,0.03030303030303031,Larry Zbyszko,0.12235974868796809,1.028932634154242,"[('Larry Zbyszko', 0.12235974868796809), ('Bruno Sammartino', 0.11891910570855291), ('Bob Backlund', 0.09909377848205168), ('Hulk Hogan', 0.04252222543524141), ('Ken Patera', 0.0383987858634808), ('Tony Atlas', 0.03395801564185935), ('Andre the Giant', 0.033905204653400474), ('Sika', 0.030786103300573697), ('Afa', 0.029834576070098748), ('Rene Goulet', 0.027614190959288028)]"
1980-05-01,24,22,0.03985507246376811,5,5,14,19,27,0.08896377729542743,0.041666666666666664,Bruno Sammartino,0.08896377729542743,1.1181163741647635,"[('Bruno Sammartino', 0.08896377729542743), ('Larry Zbyszko', 0.07956575840496358), ('Ivan Putski', 0.07049893001113686), ('Andre the Giant', 0.06143210161731013), ('Bobby Duncum', 0.05757851395424338), ('Rene Goulet', 0.054881522446077094), ('Hulk Hogan', 0.047174347119943595), ('The Hangman', 0.044658097897349903), ('Ken Patera', 0.039467171793810096), ('Johnny Rodz', 0.039467171793810096)]"
1980-09-01,34,30,0.026737967914438502,8,17,7,27,19,0.11659998848067123,0.029411764705882353,Larry Zbyszko,0.11659998848067123,1.0342637638388508,"[('Larry Zbyszko', 0.11659998848067123), ('Tony Garea', 0.11273718809202982), ('Pedro Morales', 0.06527291196318263), ('Bruno Sammartino', 0.051817899145048474), ('Sergeant Slaughter', 0.04492226405324727), ('Bob Backlund', 0.036809997773033), ('Rick Martel', 0.036809997773033), ('Andre the Giant', 0.03129603598394352), ('Pat Patterson', 0.031147938081528964), ('The Hangman', 0.03112947051977051)]"
1981-01-01,25,21,0.035,7,9,18,20,29,0.13451595513308015,0.04,Bob Backlund,0.13451595513308015,1.0,"[('Bob Backlund', 0.13451595513308015), ('Stan Hansen', 0.13451595513308015), ('Pedro Morales', 0.05892549978230131), ('Killer Khan', 0.05192048702057675), ('Rick Martel', 0.05192048702057675), ('The Great Yatsu', 0.051634289040018023), ('Tony Atlas', 0.04462927627829347), ('Special Delivery Jones', 0.04019731023681175), ('Dominic DeNucci', 0.03733806553601018), ('The Hangman', 0.03733806553601018)]"
1981-05-01,32,30,0.03024193548387097,9,11,4,25,16,0.1360776892463403,0.03125,Bob Backlund,0.1360776892463403,1.0580376457827925,"[('Bob Backlund', 0.1360776892463403), ('Angelo Mosca', 0.12861327740910655), ('Don Muraco', 0.08906333084449775), ('Pedro Morales', 0.06561343607921284), ('Pat Patterson', 0.06286363944380688), ('Special Delivery Jones', 0.04245494139685117), ('Tony Garea', 0.034938713781276165), ('Sergeant Slaughter', 0.031730715050079246), ('Curt Hennig', 0.02760592275352693), ('Rick Martel', 0.023939527239652314)]"
1981-09-01,30,21,0.02413793103448276,9,12,14,19,28,0.09897980110237595,0.03333333333333334,Tony Atlas,0.09897980110237595,1.7626449185487518,"[('Tony Atlas', 0.09897980110237595), ('Mil Mascaras', 0.05615413522076218), ('Mr. Saito', 0.05615413522076218), ('Mr. Fuji', 0.053503126789151215), ('Pedro Morales', 0.050261462748625044), ('Dusty Rhodes', 0.04731512651255647), ('Bob Backlund', 0.04436879027648791), ('Curt Hennig', 0.03847611780435076), ('Killer Khan', 0.03847611780435076), ('Rick Martel', 0.03847611780435076)]"
1982-01-01,28,28,0.037037037037037035,6,15,17,27,20,0.1679241995051779,0.03571428571428572,Pedro Morales,0.1679241995051779,1.0420545279822446,"[('Pedro Morales', 0.1679241995051779), ('Greg Valentine', 0.16114722885983096), ('Charlie Fulton', 0.050537527319439675), ('Blackjack Mulligan', 0.04528720009696071), ('Johnny Rodz', 0.04424636412285236), ('Bob Backlund', 0.04343878881618649), ('Adrian Adonis', 0.04237845377420944), ('Tony Atlas', 0.04191122611085907), ('Steve Travis', 0.038069507478783), ('Tony Garea', 0.03440655053333083)]"
1982-05-01,33,33,0.03125,8,13,8,30,25,0.17989414108664817,0.030303030303030304,Jimmy Snuka,0.17989414108664817,1.1829402053033689,"[('Jimmy Snuka', 0.17989414108664817), ('Bob Backlund', 0.15207373988993275), ('Pedro Morales', 0.09256536796374402), ('Bob Orton Jr.', 0.06435585709067124), ('Salvatore Bellomo', 0.03916155016571813), ('Johnny Rodz', 0.03323739128822704), ('Tony Garea', 0.03278373878395207), ('Andre the Giant', 0.03237142701293282), ('Ivan Putski', 0.02571211048481532), ('Blackjack Mulligan', 0.02478747804181795)]"
1982-09-01,29,23,0.02832512315270936,9,11,15,21,31,0.17667099101532308,0.034482758620689655,Buddy Rose,0.17667099101532308,1.0146023398429107,"[('Buddy Rose', 0.17667099101532308), ('Pedro Morales', 0.17412831025274078), ('Billy Graham', 0.08637718555787784), ('Bob Backlund', 0.08637718555787784), ('Jimmy Snuka', 0.04434394702666461), ('Salvatore Bellomo', 0.03498280414093631), ('Special Delivery Jones', 0.03498280414093631), ('Andre the Giant', 0.023969698227613183), ('Baron Mikel Scicluna', 0.023969698227613183), ('Ray Stevens', 0.023969698227613183)]"
1983-01-01,28,37,0.04894179894179894,4,5,6,34,20,0.12137846039106885,0.035714285714285705,Rocky Johnson,0.12137846039106885,1.1233861492443842,"[('Rocky Johnson', 0.12137846039106885), ('Don Muraco', 0.10804696183294661), ('Bob Backlund', 0.08275904111893387), ('Salvatore Bellomo', 0.06229168391697431), ('Mr. Fuji', 0.05863377461909733), ('Jose Estrada', 0.04191961028551276), ('Eddie Gilbert', 0.03972890784348679), ('Ray Stevens', 0.03853427683559737), ('Special Delivery Jones', 0.036461149134329136), ('Jimmy Snuka', 0.0321518640625482)]"
1983-05-01,42,38,0.022067363530778164,13,23,9,35,34,0.23617314869314537,0.023809523809523805,Bob Backlund,0.23617314869314537,1.9003613826248642,"[('Bob Backlund', 0.23617314869314537), ('George Steele', 0.12427801935594611), ('Sergeant Slaughter', 0.11205348855747603), ('Don Muraco', 0.0340623996820339), ('Ivan Koloff', 0.03170368118874074), ('Andre the Giant', 0.02090496146261592), ('Chief Jay Strongbow', 0.018336902146026866), ('Alexis Smirnoff', 0.015404128829910952), ('Billy Anderson', 0.015404128829910952), ('Black Gordman', 0.015404128829910952)]"
1983-09-01,39,31,0.020917678812415654,12,14,17,30,37,0.05584233878379721,0.025641025641025637,Don Muraco,0.05584233878379721,1.025748871057378,"[('Don Muraco', 0.05584233878379721), ('The Iron Sheik', 0.05444055592889219), ('Bob Backlund', 0.05118109494026447), ('Salvatore Bellomo', 0.050600816704107474), ('Tito Santana', 0.048296504444050606), ('Jimmy Snuka', 0.043375035789147025), ('The Masked Superstar', 0.04281597849262766), ('The Magnificent Muraco', 0.03803391113662415), ('Sergeant Slaughter', 0.03363511461532007), ('Alexis Smirnoff', 0.027351661831578406)]"
1984-01-01,35,31,0.026050420168067228,8,13,17,30,30,0.18464702701667005,0.028571428571428564,Tito Santana,0.18464702701667005,1.0980702671172544,"[('Tito Santana', 0.18464702701667005), ('Don Muraco', 0.16815593004027038), ('Hulk Hogan', 0.06447291276338925), ('The Iron Sheik', 0.0391113119938015), ('Paul Orndorff', 0.0369657338419507), ('Salvatore Bellomo', 0.030290580213290223), ('Iron Mike Sharpe', 0.028860194778723022), ('Afa', 0.026529853183899683), ('Jimmy Snuka', 0.023642254449697517), ('Akira Maeda', 0.020754655715495347)]"
1984-05-01,41,34,0.020731707317073172,13,17,11,32,29,0.08950635214062375,0.024390243902439025,The Fabulous Moolah,0.08950635214062375,1.0,"[('The Fabulous Moolah', 0.08950635214062375), ('Wendi Richter', 0.08950635214062375), ('George Steele', 0.04597948431747262), ('Roddy Piper', 0.03751067793550781), ('Paul Orndorff', 0.03645897031745424), ('Tito Santana', 0.036262343360610086), ('Jesse Ventura', 0.03436960048909404), ('Sergeant Slaughter', 0.02970684059830432), ('Greg Valentine', 0.028846096277469504), ('Hulk Hogan', 0.02731713272449407)]"
1984-09-01,48,37,0.016400709219858155,16,23,16,34,31,0.09356337622193661,0.020833333333333332,Hulk Hogan,0.09356337622193661,1.0497065955180656,"[('Hulk Hogan', 0.09356337622193661), ('Big John Studd', 0.08913288400913584), ('Greg Valentine', 0.07883371343948523), ('Tito Santana', 0.0766184673330848), ('David Sammartino', 0.036384231633846104), ('Antonio Inoki', 0.03197396370541374), ('Brutus Beefcake', 0.030390295749849687), ('David Schultz', 0.026303531394518825), ('Nikolai Volkoff', 0.025962949161352326), ('Barry Windham', 0.02187618480602146)]"
1985-01-01,65,79,0.018990384615384614,10,34,17,75,33,0.06857822732043375,0.01538461538461539,Wendi Richter,0.06857822732043375,1.0492818287351817,"[('Wendi Richter', 0.06857822732043375), ('Leilani Kai', 0.0653573000526454), ('Don Muraco', 0.05119266709791065), ('Hulk Hogan', 0.04699085161323205), ('Paul Orndorff', 0.0434583190514905), ('Greg Valentine', 0.035006811169303466), ('Tito Santana', 0.03288596565377086), ('Bret Hart', 0.03203309974338658), ('Ricky Steamboat', 0.03158375534893587), ('David Sammartino', 0.02726457402167899)]"
1985-05-01,65,73,0.017548076923076923,11,23,23,69,75,0.106075398578983,0.015384615384615387,Don Muraco,0.106075398578983,1.0265097913008168,"[('Don Muraco', 0.106075398578983), ('Hulk Hogan', 0.10333598322969897), ('The Iron Sheik', 0.048661075528540654), ('Tito Santana', 0.031007066962644075), ('Ken Patera', 0.027595352879895313), ('Brutus Beefcake', 0.024527598191773872), ('Tony Atlas', 0.024096355083683886), ('Ricky Steamboat', 0.023239741073808478), ('Lanny Poffo', 0.02122407072724248), ('George Wells', 0.020485491542961764)]"
1985-09-01,83,112,0.016456068175139584,12,35,17,103,64,0.14863039885964704,0.012048192771084338,Randy Savage,0.14863039885964704,1.3579416797994874,"[('Randy Savage', 0.14863039885964704), ('Tito Santana', 0.1094527114607703), ('Terry Funk', 0.08387353023566535), ('Junkyard Dog', 0.07151644164362944), ('Hulk Hogan', 0.04183039053181833), ('The Spider Lady', 0.021868692082008603), ('Wendi Richter', 0.021868692082008603), ('King Tonga', 0.017900573685783194), ('Ricky Steamboat', 0.01761631406576759), ('Moondog Spot', 0.017538413331926534)]"
1986-01-01,57,73,0.022869674185463658,9,8,34,62,101,0.1396460290631001,0.017543859649122803,Randy Savage,0.1396460290631001,1.615896809363094,"[('Randy Savage', 0.1396460290631001), ('Corporal Kirchner', 0.08642014035422324), ('The Iron Sheik', 0.08162075083797504), ('Hulk Hogan', 0.07992071742065654), ('Tito Santana', 0.06763786324247364), ('Adrian Adonis', 0.051567078416569316), ('Ricky Steamboat', 0.03267517609072656), ('George Steele', 0.031753307274245926), ('Junkyard Dog', 0.030212303774785353), ('Don Muraco', 0.0181036801858573)]"
1986-05-01,62,79,0.02088841882601798,12,28,23,75,69,0.11509657584977494,0.016129032258064512,Harley Race,0.11509657584977494,1.1195976674864387,"[('Harley Race', 0.11509657584977494), ('Ricky Steamboat', 0.10280172886406005), ('Jake Roberts', 0.07385608623216063), ('Pedro Morales', 0.06984598641974758), ('Junkyard Dog', 0.05286535141590141), ('Nikolai Volkoff', 0.04892425185224663), ('Billy Jack Haynes', 0.038126020244085936), ('Paul Orndorff', 0.029268565070146774), ('Brutus Beefcake', 0.02732193747616185), ('Adrian Adonis', 0.021281628476783703)]"
1986-09-01,119,185,0.013174761429995727,13,71,14,176,70,0.09558195592811942,0.008403361344537815,Randy Savage,0.09558195592811942,1.0525275403709893,"[('Randy Savage', 0.09558195592811942), ('Jake Roberts', 0.09081183366891207), ('Hulk Hogan', 0.051402140107242825), ('Junkyard Dog', 0.044593545040360526), ('Ricky Steamboat', 0.03917643541010931), ('Kamala', 0.038033878487870085), ('Butch Reed', 0.02551376951772794), ('George Steele', 0.022790789610282764), ('Sika', 0.018822194512923437), ('Koko B Ware', 0.018436471897900597)]"
1987-01-01,103,151,0.014372739387016943,13,42,58,134,168,0.144696916483409,0.009708737864077669,Harley Race,0.144696916483409,1.036475683852075,"[('Harley Race', 0.144696916483409), ('Junkyard Dog', 0.1396047381889762), ('Ricky Steamboat', 0.03768973242915204), ('Jake Roberts', 0.03069296082046031), ('Honky Tonk Man', 0.029402135114594163), ('Hulk Hogan', 0.02787443318891632), ('Koko B Ware', 0.023071989781319305), ('Billy Jack Haynes', 0.022835009599973286), ('Tito Santana', 0.022571517237219514), ('Kamala', 0.021677193092171535)]"
1987-05-01,115,202,0.015408085430968726,10,53,41,184,133,0.06350009089447045,0.008695652173913042,Hulk Hogan,0.06350009089447045,1.2191827951003513,"[('Hulk Hogan', 0.06350009089447045), ('Ken Patera', 0.05208414287805278), ('Brutus Beefcake', 0.04584696924917275), ('Butch Reed', 0.034179906348765735), ('Paul Orndorff', 0.02762604214236589), ('Billy Graham', 0.02709774942083662), ('Honky Tonk Man', 0.02550224443519201), ('Tito Santana', 0.024861704221679735), ('Bruno Sammartino', 0.024632086056652833), ('One Man Gang', 0.023298827524658377)]"
1987-09-01,99,192,0.019789734075448363,12,33,49,168,178,0.09932017603986111,0.010101010101010104,Honky Tonk Man,0.09932017603986111,1.076870753160189,"[('Honky Tonk Man', 0.09932017603986111), ('Randy Savage', 0.09223035888791273), ('Ted DiBiase', 0.07126734535922646), ('Jake Roberts', 0.05940801302896032), ('Brutus Beefcake', 0.05175154671533421), ('Junkyard Dog', 0.0350320015507136), ('Harley Race', 0.0309059733995805), ('King Kong Bundy', 0.03063738315123491), ('Haku', 0.03027560846967146), ('Greg Valentine', 0.02987782218813129)]"
1988-01-01,97,200,0.02147766323024055,7,39,41,167,159,0.16570329587220106,0.01030927835051546,Andre the Giant,0.16570329587220106,1.1417123509933857,"[('Andre the Giant', 0.16570329587220106), ('Hulk Hogan', 0.14513576535107575), ('Randy Savage', 0.14145735054179898), ('Ted DiBiase', 0.11376792630826275), ('Rick Rude', 0.030445896076069224), ('Ricky Steamboat', 0.02835459922292243), ('One Man Gang', 0.02321697622727837), ('Brutus Beefcake', 0.023136109882280976), ('Jim Duggan', 0.02060655026923722), ('Greg Valentine', 0.020065828724868368)]"
1988-05-01,135,236,0.01304588170259812,9,79,41,213,177,0.12705168223382252,0.007407407407407408,Rick Rude,0.12705168223382252,1.0644491826676088,"[('Rick Rude', 0.12705168223382252), ('Jake Roberts', 0.11935908665495817), ('Honky Tonk Man', 0.05509948826655159), ('Dino Bravo', 0.048249368938950724), ('Ken Patera', 0.046125528509720876), ('Hulk Hogan', 0.0390594331753681), ('Brutus Beefcake', 0.03563074697945403), ('Andre the Giant', 0.03556620691790517), ('Jim Duggan', 0.03431324320851028), ('Bad News Brown', 0.03184938850694486)]"
1988-09-01,123,199,0.01326136212181794,11,60,72,181,218,0.09665471421422017,0.00813008130081301,Jim Duggan,0.09665471421422017,1.0075196012593397,"[('Jim Duggan', 0.09665471421422017), ('Dino Bravo', 0.09593333379659068), ('Ted DiBiase', 0.07783869593824402), ('The Ultimate Warrior', 0.047881673964405604), ('Honky Tonk Man', 0.04593218396983075), ('Bad News Brown', 0.0343203638131543), ('Brutus Beefcake', 0.033663730880986474), ('Hulk Hogan', 0.031339553239470706), ('Randy Savage', 0.02924719967018698), ('Mr. Perfect', 0.022737674522543543)]"
1989-01-01,130,202,0.012045319022063208,12,65,58,186,183,0.12662753454882034,0.007692307692307694,Hulk Hogan,0.12662753454882034,1.6561663620994056,"[('Hulk Hogan', 0.12662753454882034), ('Randy Savage', 0.07645822149672422), ('Mr. Perfect', 0.06653327787752278), ('Big Boss Man', 0.05818552883862383), ('Brutus Beefcake', 0.04698859216080567), ('Bad News Brown', 0.0345306008518934), ('Hercules', 0.028913048793246028), ('Jim Duggan', 0.02816481090479117), ('The Red Rooster', 0.02719926061075202), ('Rick Rude', 0.027128746094776376)]"
1989-05-01,130,202,0.012045319022063208,11,71,71,185,185,0.1589237779630281,0.007692307692307694,Ted DiBiase,0.1589237779630281,1.9036489098978204,"[('Ted DiBiase', 0.1589237779630281), ('Jimmy Snuka', 0.08348376485638753), ('Dusty Rhodes', 0.08212749707620094), ('Mr. Perfect', 0.0380304757055599), ('Brutus Beefcake', 0.0320391882991547), ('The Ultimate Warrior', 0.030459812321200583), ('Randy Savage', 0.02072985474155712), ('Rick Rude', 0.018190462008858335), ('Barry Windham', 0.016329889491142866), ('Jim Duggan', 0.01621200911008576)]"
1989-09-01,109,188,0.015970098538905877,11,47,68,168,182,0.07599473861526727,0.009174311926605505,Dino Bravo,0.07599473861526727,1.0127660638964158,"[('Dino Bravo', 0.07599473861526727), ('Rick Rude', 0.07503681385501075), ('Roddy Piper', 0.07357561703225805), ('Bret Hart', 0.06902513419187255), ('Hulk Hogan', 0.06829881870772567), ('The Genius', 0.06642097446161528), ('Mr. Perfect', 0.058013085486915854), ('Tito Santana', 0.045684719293319284), ('Randy Savage', 0.022450055243699356), ('Rick Martel', 0.02013557907867744)]"
1990-01-01,122,232,0.015716027638531364,8,58,45,216,172,0.06765467982617474,0.00819672131147541,Hulk Hogan,0.06765467982617474,1.0742842049634869,"[('Hulk Hogan', 0.06765467982617474), ('The Ultimate Warrior', 0.06297651916838357), ('Ted DiBiase', 0.05656955710060692), ('Jake Roberts', 0.05258662861211791), ('Dino Bravo', 0.050052853867661395), ('Mr. Perfect', 0.04275303082799419), ('Jim Duggan', 0.04180734439337395), ('Earthquake', 0.041698605423529614), ('Brutus Beefcake', 0.03722083291649723), ('Dusty Rhodes', 0.033000262096659516)]"
1990-05-01,100,169,0.01707070707070707,8,44,66,144,207,0.07347780043107033,0.010000000000000004,Dusty Rhodes,0.07347780043107033,1.0601687494254484,"[('Dusty Rhodes', 0.07347780043107033), ('Randy Savage', 0.06930764604303905), ('Jake Roberts', 0.03790091681035679), ('The Barbarian', 0.035664101136172376), ('Earthquake', 0.03295988537022403), ('Hulk Hogan', 0.03285036073964211), ('Brutus Beefcake', 0.028194599313969285), ('Big Boss Man', 0.0243020243425332), ('Dino Bravo', 0.024214011730666878), ('Ted DiBiase', 0.024214011730666878)]"
1990-09-01,106,175,0.015723270440251572,10,48,42,159,153,0.07282773535986954,0.009433962264150943,Mr. Perfect,0.07282773535986954,1.365658316397808,"[('Mr. Perfect', 0.07282773535986954), ('Sergeant Slaughter', 0.053327933118707906), ('Nikolai Volkoff', 0.05229858229765326), ('The Texas Tornado', 0.050643631924393126), ('Sgt. Slaughter', 0.03701517421242268), ('Roddy Piper', 0.03472717608679449), ('Earthquake', 0.030325712158210002), ('Jimmy Snuka', 0.028514336884078863), ('Tugboat', 0.02781328811942323), ('The Ultimate Warrior', 0.027306123449125207)]"
1991-01-01,183,257,0.007716327388458536,22,126,49,250,168,0.07833932757058439,0.0054644808743169425,Ted DiBiase,0.07833932757058439,1.5743810522883754,"[('Ted DiBiase', 0.07833932757058439), ('The Texas Tornado', 0.049758809950562824), ('Big Boss Man', 0.03443004691091882), ('Earthquake', 0.03392125706952796), ('The British Bulldog', 0.031784594793794516), ('The Undertaker', 0.028381741975356863), ('Jake Roberts', 0.02812134791019567), ('Roddy Piper', 0.022664776307225284), ('Virgil', 0.020796753603553434), ('Kevin Greeno', 0.018838214259506648)]"
1991-05-01,212,335,0.007489045873200394,16,120,91,318,240,0.0585011102713153,0.004716981132075471,Big Boss Man,0.0585011102713153,1.0348749057544677,"[('Big Boss Man', 0.0585011102713153), ('The Mountie', 0.05652964425556875), ('Ted DiBiase', 0.053503940669697506), ('Virgil', 0.04977946838589522), ('Colonel Mustafa', 0.03651846975285956), ('Jim Duggan', 0.03458523366094543), ('Bret Hart', 0.028507895460042006), ('Sting', 0.024486064840183484), ('Nikita Koloff', 0.022388552457480056), ('The Berzerker', 0.02012003831762579)]"
1991-09-01,163,272,0.010300689237294554,13,76,125,254,317,0.0944661446719559,0.006134969325153374,The Undertaker,0.0944661446719559,1.3559031889909972,"[('The Undertaker', 0.0944661446719559), ('Hulk Hogan', 0.0696702725083591), ('Ric Flair', 0.0484064355520109), ('Steve Austin', 0.04434504614037601), ('Dustin Rhodes', 0.0393811571530746), ('El Matador', 0.03641785088015687), ('Sid Justice', 0.03347566716414067), ('Bret Hart', 0.03331402908302971), ('The British Bulldog', 0.025253463880579346), ('Big Boss Man', 0.022457687933032662)]"
1992-01-01,184,315,0.00935495367070563,19,102,81,280,237,0.12972842101811302,0.005434782608695651,The Undertaker,0.12972842101811302,1.2466693853933621,"[('The Undertaker', 0.12972842101811302), ('Sid Justice', 0.10406000382946738), ('Ric Flair', 0.042235622481846785), ('Bret Hart', 0.039202630222308014), ('Big Boss Man', 0.030369339747167223), ('Irwin R. Schyster', 0.028161207775277274), ('Hulk Hogan', 0.027105176974338518), ('The British Bulldog', 0.02603248869717033), ('The Mountie', 0.023959289572891954), ('Roddy Piper', 0.02234435979309583)]"
1992-05-01,190,290,0.00807574491785018,13,100,94,277,302,0.06627280045079735,0.005263157894736842,Nailz,0.06627280045079735,1.081476177553095,"[('Nailz', 0.06627280045079735), ('Big Boss Man', 0.061279944788745655), ('Steve Austin', 0.03807986719296639), ('Rick Rude', 0.036734854186248146), ('Ricky Steamboat', 0.035528839630652065), ('The British Bulldog', 0.0326235303713623), ('Bret Hart', 0.03123223299092852), ('Barry Windham', 0.028530121600316673), ('Salvatore Bellomo', 0.02826806187729375), ('Jim Neidhart', 0.025671371206443798)]"
1992-09-01,180,286,0.00887647423960273,15,87,97,261,265,0.03891873668141938,0.005555555555555557,Tatanka,0.03891873668141938,1.1975407239083489,"[('Tatanka', 0.03891873668141938), ('The Undertaker', 0.03249888367420392), ('Shawn Michaels', 0.0308464797772025), ('Bret Hart', 0.029627066973911598), ('Johnny Hot Body', 0.024071112689973112), ('Glen Osbourne', 0.02103886304999579), ('Yokozuna', 0.02102275142768406), ('Mr. Sandman', 0.020896219593556323), ('Razor Ramon', 0.020684256305065214), ('Crush', 0.020633113569986428)]"
1993-01-01,160,283,0.011124213836477987,22,97,117,267,270,0.15832602452731576,0.006250000000000003,Mr. Perfect,0.15832602452731576,1.0333414050463623,"[('Mr. Perfect', 0.15832602452731576), ('Lex Luger', 0.15321753657999626), ('Yokozuna', 0.04539240761368757), ('The Undertaker', 0.04012680260093523), ('Doink the Clown (Matt Borne)', 0.037558338792856444), ('Bret Hart', 0.02936014944183921), ('Shawn Michaels', 0.02304345278045748), ('Tatanka', 0.022816378160211953), ('Bob Backlund', 0.019442189879352777), ('Bam Bam Bigelow', 0.016570924526263103)]"
1993-05-01,170,273,0.009502262443438913,23,104,94,248,258,0.05690525460064661,0.0058823529411764705,Tatanka,0.05690525460064661,1.2164960629843125,"[('Tatanka', 0.05690525460064661), ('Bret Hart', 0.04677800145201164), ('Lex Luger', 0.044120547725289005), ('Shawn Michaels', 0.04113069714798363), ('Yokozuna', 0.03665532530604853), ('Razor Ramon', 0.03347998904640304), ('Marty Jannetty', 0.0296467843824375), ('Adam Bomb', 0.02749552580568825), ('Mr. Hughes', 0.025464347956351507), ('Bam Bam Bigelow', 0.022495568783090145)]"
1993-09-01,198,306,0.007844946931241348,24,109,81,281,248,0.15190533697288214,0.005050505050505052,Yokozuna,0.15190533697288214,1.018169832342783,"[('Yokozuna', 0.15190533697288214), ('The Undertaker', 0.1491944979585103), ('Dustin Rhodes', 0.02876979263938117), ('Steve Austin', 0.027278656440330354), ('Bastion Booger', 0.02170636493676496), ('Terry Funk', 0.020234127016573625), ('Lex Luger', 0.018697307549986626), ('Ludvig Borga', 0.018486011385334063), ('The 1-2-3 Kid', 0.016910578501224953), ('Owen Hart', 0.016170412966207314)]"
1994-01-01,182,312,0.009471191791633781,12,78,94,286,280,0.09763361901368084,0.005494505494505497,Vader,0.09763361901368084,1.3237433580229314,"[('Vader', 0.09763361901368084), ('Sting', 0.07375570077231657), ('Ric Flair', 0.056526371329772264), ('Jimmy Snuka', 0.03826380342034138), ('Tommy Dreamer', 0.03598794664467433), ('Diesel', 0.031760339239074634), ('Kwang', 0.02418158052427465), ('Razor Ramon', 0.02276421862516736), ('Owen Hart', 0.021701830571947873), ('Randy Savage', 0.021020838279193314)]"
1994-05-01,236,414,0.007464839523981248,16,133,79,376,274,0.06666347429171095,0.0042372881355932195,Razor Ramon,0.06666347429171095,1.5043133534002142,"[('Razor Ramon', 0.06666347429171095), ('Diesel', 0.04431488568590503), ('Bret Hart', 0.04426990221913577), ('Owen Hart', 0.042253490152659993), ('Ric Flair', 0.033908043276099364), ('Shawn Michaels', 0.029437006826655624), ('Bam Bam Bigelow', 0.029129229533864945), ('Shane Douglas', 0.02623593453618324), ('Tommy Dreamer', 0.02619673903783696), ('The 1-2-3 Kid', 0.023390351365437552)]"
1994-09-01,168,308,0.010978043912175649,10,53,121,267,373,0.08475230359054318,0.005952380952380951,Razor Ramon,0.08475230359054318,1.0985300885352194,"[('Razor Ramon', 0.08475230359054318), ('Owen Hart', 0.07715064382401392), ('The British Bulldog', 0.055045708026142094), ('Vader', 0.047180179934379694), ('The Guardian Angel', 0.042156878357134615), ('The Undertaker', 0.03897149676129993), ('Irwin R. Schyster', 0.03604630312777127), ('Jeff Jarrett', 0.035388705889753055), ('King Kong Bundy', 0.03267686209538087), ('Diesel', 0.027333314415369164)]"
1995-01-01,172,281,0.009553923568611452,20,77,73,249,276,0.11498426547408198,0.005813953488372093,The Undertaker,0.11498426547408198,1.0666353035672154,"[('The Undertaker', 0.11498426547408198), ('Kama', 0.10780091854219798), ('Bret Hart', 0.033212404476519394), ('Diesel', 0.031815529305369905), ('Razor Ramon', 0.024898337451057857), ('Jeff Jarrett', 0.022090413669767845), ('Hakushi', 0.01912986740961812), ('The British Bulldog', 0.018273726405085934), ('King Kong Bundy', 0.017895472965973408), ('Johnny B. Badd', 0.01669093614848128)]"
1995-05-01,186,336,0.00976460331299041,21,88,74,300,245,0.06212639698978969,0.005376344086021507,The Sandman,0.06212639698978969,1.2418116358465248,"[('The Sandman', 0.06212639698978969), ('Bret Hart', 0.0500288410870293), ('Cactus Jack', 0.039841178692320664), ('Henry O. Godwinn', 0.03467998059941254), ('Mabel', 0.03315860532477669), ('Adam Bomb', 0.03100705803309956), ('Shawn Michaels', 0.025433825907332484), ('Mikey Whipwreck', 0.02512823265347646), ('Jerry Lawler', 0.023287426876280493), ('Bam Bam Bigelow', 0.02016931006564168)]"
1995-09-01,186,326,0.009473990119151409,13,91,91,302,312,0.08492435203153417,0.005376344086021506,Hulk Hogan,0.08492435203153417,1.1033323052814075,"[('Hulk Hogan', 0.08492435203153417), ('The Giant', 0.07697078353005718), ('Razor Ramon', 0.03467296759071424), ('Dean Douglas', 0.02498155369764828), ('The Undertaker', 0.02382208960173875), ('Hunter Hearst Helmsley', 0.02129228544294745), ('Too Cold Scorpio', 0.02115572950739641), ('911', 0.020396546699988638), ('Mikey Whipwreck', 0.01891744661356318), ('Sycho Sid', 0.018583932901847657)]"
1996-01-01,199,376,0.009542662808994467,11,98,85,342,292,0.054847075663538476,0.005025125628140704,Ric Flair,0.054847075663538476,1.1078764081437042,"[('Ric Flair', 0.054847075663538476), ('Taz', 0.04950649301706602), ('Chris Jericho', 0.045067508116070416), ('Bret Hart', 0.04155797954617602), ('Randy Savage', 0.03966645817251511), ('The Undertaker', 0.036858801632839215), ('Lex Luger', 0.034921312561837344), ('The Giant', 0.031124256660452175), ('Shawn Michaels', 0.028806547027413434), ('Sabu', 0.026154290244390865)]"
1996-05-01,223,453,0.009150406011392559,15,115,91,405,328,0.06764941014964382,0.004484304932735426,Ric Flair,0.06764941014964382,1.3177378150079209,"[('Ric Flair', 0.06764941014964382), ('Randy Savage', 0.0513375342038258), ('The Giant', 0.05049772869644449), ('Hollywood Hogan', 0.02256609028953442), ('Shane Douglas', 0.022389783544753454), ('Sabu', 0.021131243187389608), ('Chris Benoit', 0.020341570950912748), ('Rob Van Dam', 0.01904614504875737), ('The Undertaker', 0.018381656790750253), ('Steve Austin', 0.017722935496610408)]"
1996-09-01,234,471,0.008638714647298339,16,97,86,406,388,0.04383041986109793,0.004273504273504274,Sycho Sid,0.04383041986109793,1.0034532562767173,"[('Sycho Sid', 0.04383041986109793), ('Steve Austin', 0.043679583066708424), ('Vader', 0.04204205793470361), ('Pitbull #2', 0.03752322793096442), ('Chris Benoit', 0.036059966919806674), ('Lex Luger', 0.033817059788262514), ('Shane Douglas', 0.03307085621299689), ('Eddy Guerrero', 0.030709716534463024), ('Rick Steiner', 0.030327928752808028), ('Jeff Jarrett', 0.028720215967662825)]"
1997-01-01,246,505,0.008378961340633815,18,97,85,431,397,0.036877716689806224,0.0040650406504065045,The Undertaker,0.036877716689806224,1.0746206791300674,"[('The Undertaker', 0.036877716689806224), ('Dean Malenko', 0.034316961701927856), ('Brian Lee', 0.030708685089789925), ('Terry Funk', 0.02848734243245264), ('Vader', 0.025610518376672844), ('Steve Austin', 0.02408931367509962), ('Raven', 0.022278882213584105), ('Rob Van Dam', 0.02220211075584655), ('Sycho Sid', 0.021890620430807906), ('Hunter Hearst Helmsley', 0.02116227540587961)]"
1997-05-01,238,496,0.00879339077403113,21,92,100,424,433,0.04731815347803141,0.004201680672268907,The Undertaker,0.04731815347803141,1.1355730538990263,"[('The Undertaker', 0.04731815347803141), ('Bret Hart', 0.041668964683128945), ('Sabu', 0.03810449528750973), ('Chris Benoit', 0.02892655175806579), ('Flash Funk', 0.0262262810930762), ('Dean Malenko', 0.02586704828004687), ('Meng', 0.02479698447146196), ('Jeff Jarrett', 0.024276250644148466), ('Terry Funk', 0.024113600559588038), ('Vader', 0.02198766895710508)]"
1997-09-01,276,566,0.007457180500658762,22,115,77,496,426,0.02874917812955682,0.0036231884057971015,Curt Hennig,0.02874917812955682,1.0738006367908262,"[('Curt Hennig', 0.02874917812955682), ('Shane Douglas', 0.02677329212196872), ('Sabu', 0.0266862749376796), ('Bam Bam Bigelow', 0.0263008970849664), ('Lex Luger', 0.025064489781967205), ('Taz', 0.02296356440675194), ('Diamond Dallas Page', 0.02288472915845522), ('Chris Benoit', 0.022587370725908214), ('Bret Hart', 0.019482176450235054), ('Dean Malenko', 0.018688696866580652)]"
1998-01-01,296,629,0.007203389830508475,21,104,84,559,496,0.03327420051122447,0.0033783783783783786,Booker T.,0.03327420051122447,1.1457405647817427,"[('Booker T.', 0.03327420051122447), ('Chris Benoit', 0.02904165352438492), ('Bam Bam Bigelow', 0.02560359996389234), ('Marc Mero', 0.023867562213536503), ('Ken Shamrock', 0.021653635366951078), ('Raven', 0.021392107600166296), ('Ric Flair', 0.020989506674374537), ('Bret Hart', 0.020412841240772445), ('Lex Luger', 0.01987628377587583), ('The Rock', 0.019306258982151558)]"
1998-05-01,261,610,0.008989095195991748,15,87,122,533,552,0.0372284874378536,0.003831417624521072,Kane,0.0372284874378536,1.1350586853641675,"[('Kane', 0.0372284874378536), ('Booker T.', 0.032798733596676864), ('The Undertaker', 0.02819695035547219), ('Chris Benoit', 0.02728051974069878), ('D-Lo Brown', 0.026318237550525727), ('Goldberg', 0.02612001642920344), ('Steve Austin', 0.02477403914457631), ('Vader', 0.022770984216188613), ('Bret Hart', 0.02078201476096429), ('Hunter Hearst Helmsley', 0.017967204151623294)]"
1998-09-01,286,775,0.009508035823825298,21,106,81,672,507,0.04050949329949037,0.0034965034965034965,Scott Hall,0.04050949329949037,1.2389455966399614,"[('Scott Hall', 0.04050949329949037), ('Ric Flair', 0.03269674908192314), ('Mankind', 0.028994480524509845), ('Eric Bischoff', 0.028563962312273528), ('Konnan', 0.026896514708774775), ('The Rock', 0.02423717787992379), ('Diamond Dallas Page', 0.023809011866957438), ('Ken Shamrock', 0.02178636578575585), ('Kevin Nash', 0.01901321038659035), ('Chris Jericho', 0.0184142314730607)]"
1999-01-01,280,743,0.009511008704557091,19,86,92,631,663,0.0546524695800748,0.0035714285714285704,Taz,0.0546524695800748,1.075862779456826,"[('Taz', 0.0546524695800748), ('Sabu', 0.05079873625488499), ('Mankind', 0.041972676204994404), ('The Rock', 0.03125333038517427), ('Kidman', 0.02610051190254579), ('Rey Mysterio Jr.', 0.02526591461359125), ('Kane', 0.02350495358117108), ('Booker T.', 0.023396090255764626), ('Konnan', 0.020522231821037473), ('Triple H', 0.020061037163198205)]"
1999-05-01,289,759,0.009119088811995387,18,91,82,628,612,0.039036786124147474,0.0034602076124567475,The Undertaker,0.039036786124147474,1.4343896660573368,"[('The Undertaker', 0.039036786124147474), ('Steve Austin', 0.02721491031892798), ('Rick Steiner', 0.02602573799768411), ('Buff Bagwell', 0.02511330885105963), ('Road Dogg', 0.02363383061098335), ('Lance Storm', 0.02179296047983865), ('The Big Show', 0.02123087606778687), ('Billy Gunn', 0.019865514954906693), ('Bam Bam Bigelow', 0.018387452118621212), ('The Rock', 0.017920412221913717)]"
1999-09-01,290,819,0.009772103567593365,15,108,107,706,646,0.05203191661090948,0.0034482758620689663,Bret Hart,0.05203191661090948,1.3851957551693954,"[('Bret Hart', 0.05203191661090948), ('Mike Awesome', 0.03756286172314072), ('Masato Tanaka', 0.03407891332391785), ('Chris Benoit', 0.03159852505866083), ('Goldberg', 0.030872792171114233), ('Sting', 0.026328985186049477), ('The Big Show', 0.021300159533045895), ('Triple H', 0.02069221933540283), ('The Rock', 0.01796338891126526), ('Jeff Jarrett', 0.017502018595472856)]"
2000-01-01,285,751,0.009278477884852978,15,108,113,632,700,0.028067698945607105,0.0035087719298245615,Kurt Angle,0.028067698945607105,1.1136856734808354,"[('Kurt Angle', 0.028067698945607105), ('The Big Show', 0.025202532109334982), ('Chris Benoit', 0.024606578732184345), ('Rikishi', 0.024053043590262554), ('Kane', 0.02207626914278479), ('The Rock', 0.01981225627532736), ('Chris Jericho', 0.018577278707355965), ('Sid Vicious', 0.016497589002623395), ('Mike Awesome', 0.015257356749740247), ('Jeff Jarrett', 0.015095549175418135)]"
2000-05-01,232,595,0.011102403343782654,19,87,140,520,676,0.032467538933752184,0.004310344827586207,The Rock,0.032467538933752184,1.086434463535283,"[('The Rock', 0.032467538933752184), ('Triple H', 0.029884489146360528), ('Rikishi', 0.027509743700564936), ('Jeff Jarrett', 0.026009123669801536), ('Justin Credible', 0.025492692209490127), ('Booker T.', 0.023866332765679982), ('Kurt Angle', 0.0227179426481285), ('Chris Benoit', 0.02175282207841247), ('Kane', 0.02136494666184823), ('Lance Storm', 0.021156006804911507)]"
2000-09-01,223,492,0.00993818931038662,18,86,95,397,500,0.0498034370905675,0.004484304932735426,Scott Steiner,0.0498034370905675,1.1305232528046403,"[('Scott Steiner', 0.0498034370905675), ('Booker T.', 0.04405343894255465), ('Rhino', 0.04287259011961095), ('Rob Van Dam', 0.037793285925557404), ('Kurt Angle', 0.03180110411503374), ('Chris Jericho', 0.028385620798931255), ('William Regal', 0.02502760890460361), ('The Rock', 0.02468699415385957), ('Steve Blackman', 0.024307180967932055), ('Billy Gunn', 0.022905835847661447)]"
2001-01-01,207,454,0.010646780169785658,16,75,91,374,412,0.05123599725522866,0.004830917874396137,Kurt Angle,0.05123599725522866,1.2524118419071466,"[('Kurt Angle', 0.05123599725522866), ('Raven', 0.040909863305993305), ('Chris Jericho', 0.03995126518704254), ('The Big Show', 0.037244677160539516), ('Steve Austin', 0.036171451441029234), ('Test', 0.02490782035947659), ('Triple H', 0.023761683787716183), ('Ivory', 0.02362839169466213), ('The Undertaker', 0.021400902205981728), ('Chris Benoit', 0.019206471491682593)]"
2001-05-01,143,360,0.01772875012311632,20,52,116,304,398,0.07051096087686987,0.006993006993006993,Kurt Angle,0.07051096087686987,1.7004521925400036,"[('Kurt Angle', 0.07051096087686987), ('Kane', 0.041466006034280835), ('Chris Jericho', 0.038023904497203845), ('Booker T.', 0.037642415406424455), ('Steve Austin', 0.03723017275621637), ('Rob Van Dam', 0.03263004401284601), ('Rhyno', 0.03094536511626097), ('Jeff Hardy', 0.030844966624639383), ('Albert', 0.02868986019644424), ('The Undertaker', 0.026298104080305335)]"
2001-09-01,98,356,0.037450031559015357,10,35,80,294,298,0.08644402589924946,0.010204081632653059,Rob Van Dam,0.08644402589924946,1.1670756842828176,"[('Rob Van Dam', 0.08644402589924946), ('Chris Jericho', 0.0740689117795907), ('Edge', 0.06749370603236998), ('Christian', 0.05964670948067332), ('Kurt Angle', 0.05539201012601511), ('The Rock', 0.048583760477478394), ('The Undertaker', 0.03480072835453594), ('Steve Austin', 0.031813477467338924), ('Billy Gunn', 0.027359693766522548), ('Booker T.', 0.027007203763359463)]"
2002-01-01,108,342,0.029595015576323987,10,44,34,276,290,0.0740825619860009,0.00925925925925926,Chris Jericho,0.0740825619860009,1.432645945966025,"[('Chris Jericho', 0.0740825619860009), ('Jazz', 0.05171030720786177), ('Trish Stratus', 0.05015297516778172), ('Triple H', 0.04408364293238142), ('The Undertaker', 0.041595404369478145), ('Steve Austin', 0.0409728723390809), ('Rob Van Dam', 0.034085436664572685), ('Kurt Angle', 0.03376944247571452), ('Kane', 0.031714657074394734), ('The Rock', 0.030878808617580102)]"
2002-05-01,107,336,0.029624404866866513,10,36,37,290,296,0.10447685970628402,0.00934579439252336,Rob Van Dam,0.10447685970628402,1.5900721340201274,"[('Rob Van Dam', 0.10447685970628402), ('Brock Lesnar', 0.06570573590403009), ('The Undertaker', 0.04588265307040685), ('Eddie Guerrero', 0.035457792114839404), ('Chris Benoit', 0.03250216243189418), ('Kurt Angle', 0.02815994182656949), ('The Rock', 0.025478028222472592), ('Triple H', 0.020211787930342947), ('Terri', 0.018673169572172247), ('Molly Holly', 0.018657908987281348)]"
2002-09-01,125,306,0.019741935483870966,9,54,36,258,288,0.0511918684710751,0.007999999999999997,Kane,0.0511918684710751,1.0118524418197852,"[('Kane', 0.0511918684710751), ('The Big Show', 0.050592227043508554), ('Triple H', 0.04244090124439712), ('Brock Lesnar', 0.03695179683048769), ('Batista', 0.03302946157847722), ('Edge', 0.030206654987952636), ('Chris Benoit', 0.029795437980530463), ('Rey Mysterio', 0.029022869757587527), ('Eddie Guerrero', 0.027737536259723795), ('Trish Stratus', 0.026665208551778483)]"
2003-01-01,141,300,0.015197568389057751,10,66,50,256,262,0.1041718155661476,0.0070921985815602835,Triple H,0.1041718155661476,1.3079984510733134,"[('Triple H', 0.1041718155661476), ('Booker T.', 0.07964215514220725), ('Scott Steiner', 0.057706782474934805), ('Brock Lesnar', 0.055842925799980875), ('Kurt Angle', 0.03889343154940272), ('John Cena', 0.037391603826620705), ('The Rock', 0.03189668769884366), ('The Hurricane', 0.026220939707028344), ('Rikishi', 0.025320103336820325), ('Bill DeMott', 0.021691888058717038)]"
2003-05-01,156,293,0.012117452440033085,21,66,51,244,251,0.041149555112596305,0.00641025641025641,Eddie Guerrero,0.041149555112596305,1.1885882606316207,"[('Eddie Guerrero', 0.041149555112596305), ('Goldberg', 0.03462052964474785), (""Sean O'Haire"", 0.03174459252584624), ('Rhyno', 0.02887103444359838), ('Christian', 0.02826152010483339), ('Kurt Angle', 0.024393299469521106), ('Booker T.', 0.023912604573451127), ('Test', 0.02289320219481962), ('Rey Mysterio', 0.022720652408854843), ('Kevin Nash', 0.02149781853861256)]"
2003-09-01,137,243,0.013042078145126665,19,46,65,205,255,0.05981741426425575,0.007299270072992699,Shawn Michaels,0.05981741426425575,1.2770566260624496,"[('Shawn Michaels', 0.05981741426425575), ('Randy Orton', 0.046840064131448), ('Goldberg', 0.04481927604172085), ('Brock Lesnar', 0.038795376447244644), ('Rey Mysterio', 0.03774867658612917), ('The Big Show', 0.03763287250485906), ('Booker T.', 0.034897159937167445), ('Tajiri', 0.031932941712533816), ('Triple H', 0.027249346168125695), ('Eddie Guerrero', 0.026695312753416942)]"
2004-01-01,116,249,0.01866566716641679,13,36,57,209,203,0.08263659191563048,0.008620689655172415,Chris Benoit,0.08263659191563048,1.0249221832637574,"[('Chris Benoit', 0.08263659191563048), ('Eddie Guerrero', 0.08062718640012542), ('D-Von Dudley', 0.07087716258777185), ('Batista', 0.06201463643164578), ('Triple H', 0.060464861650931394), ('The Big Show', 0.052780740540352575), ('Shawn Michaels', 0.037275271172783196), ('John Cena', 0.027512429825306113), ('Shelton Benjamin', 0.023737004255757272), ('Kane', 0.018171141713573286)]"
2004-05-01,103,242,0.02303445650104702,7,28,41,211,218,0.08551793822838911,0.009708737864077667,Randy Orton,0.08551793822838911,1.7900327200945623,"[('Randy Orton', 0.08551793822838911), ('Edge', 0.04777451119657268), ('Chris Benoit', 0.041866700236639645), ('Chris Jericho', 0.038101586097429724), ('Trish Stratus', 0.036243040258285286), ('Lita', 0.03407191085855574), ('John Cena', 0.03352822892895449), ('Batista', 0.03334489081636147), ('John Bradshaw Layfield', 0.03073132182890979), ('The Undertaker', 0.02936726414155626)]"
2004-09-01,108,212,0.018345448251990307,9,40,35,171,201,0.11619723022056115,0.009259259259259254,Triple H,0.11619723022056115,1.055304315133132,"[('Triple H', 0.11619723022056115), ('Shelton Benjamin', 0.11010779407824395), ('Carlito', 0.08405414237159405), ('John Cena', 0.08097383326764437), ('Trish Stratus', 0.02987950544007522), ('Randy Orton', 0.028073014150422754), ('Lita', 0.027899642499416913), ('Batista', 0.023295525956474647), ('John Bradshaw Layfield', 0.021608629463817527), ('Kurt Angle', 0.01789814377182046)]"
2005-01-01,115,219,0.016704805491990847,12,46,39,188,181,0.08139177389696178,0.008695652173913044,John Cena,0.08139177389696178,1.0746551392871053,"[('John Cena', 0.08139177389696178), ('Orlando Jordan', 0.07573757470787763), ('Batista', 0.04469062179773589), ('Trish Stratus', 0.03662938101348316), ('Christy Hemme', 0.03496968486692899), ('Randy Orton', 0.0314645955160075), ('Edge', 0.030196160086845718), ('Triple H', 0.029093252898961995), ('Booker T.', 0.026288966507321338), ('Kurt Angle', 0.0255794186579022)]"
2005-05-01,137,269,0.01443752683555174,14,68,46,240,190,0.06000259577352148,0.007299270072992699,Carlito,0.06000259577352148,1.087813061862527,"[('Carlito', 0.06000259577352148), ('Edge', 0.05515892194821278), ('The Big Show', 0.05204782963700317), ('Kane', 0.04226089467387933), ('Muhammad Hassan', 0.034176208092194606), ('Randy Orton', 0.030249559924747645), ('Shelton Benjamin', 0.02706772720572319), ('Chris Benoit', 0.02659805153901365), ('Tajiri', 0.024282865587400976), ('Orlando Jordan', 0.02388363068870157)]"
2005-09-01,120,239,0.016736694677871148,11,55,72,208,238,0.05948305168441395,0.008333333333333333,Chris Benoit,0.05948305168441395,1.0511087361928082,"[('Chris Benoit', 0.05948305168441395), ('Booker T.', 0.056590769000613446), ('Shawn Michaels', 0.04681667297130086), ('John Cena', 0.04513101763370524), ('Kurt Angle', 0.03841518880065096), ('Rey Mysterio', 0.03352281455998204), ('Shelton Benjamin', 0.0318383444264667), ('Chris Masters', 0.029561895097580334), ('Bobby Lashley', 0.02696882526436868), ('Ric Flair', 0.02349077947185795)]"
2006-01-01,126,239,0.015174603174603174,11,63,57,207,207,0.0629128876081173,0.007936507936507936,Kurt Angle,0.0629128876081173,1.1903734228978307,"[('Kurt Angle', 0.0629128876081173), ('John Cena', 0.05285138797450881), ('Shawn Michaels', 0.04929704556217534), ('The Undertaker', 0.0398822380064085), ('Shelton Benjamin', 0.03626067404821758), ('Edge', 0.0335736001397781), ('John Bradshaw Layfield', 0.02836141051876419), ('Mickie James', 0.028214994431090722), ('Kane', 0.027491051057209146), ('Triple H', 0.0250159263473008)]"
2006-05-01,158,290,0.011690719987099895,9,81,49,255,204,0.042635900153945146,0.006329113924050631,Rob Van Dam,0.042635900153945146,1.0559331974380264,"[('Rob Van Dam', 0.042635900153945146), ('John Cena', 0.04037745972698949), ('Mr. Kennedy', 0.035541600394079456), ('The Big Show', 0.034641294233614894), ('Bobby Lashley', 0.0341941780478231), ('Umaga', 0.0341443594830741), ('Finlay', 0.03208042749781367), ('Rey Mysterio', 0.0283471970184726), ('The Undertaker', 0.02331082145308142), ('Batista', 0.02283790475054733)]"
2006-09-01,116,202,0.015142428785607197,12,33,75,166,254,0.0650620100936775,0.008620689655172415,King Booker,0.0650620100936775,1.0561046510777181,"[('King Booker', 0.0650620100936775), ('Batista', 0.061605646776845435), ('Kane', 0.03889567372189657), ('John Cena', 0.03762033104926958), ('Chris Benoit', 0.03761137127585297), ('Finlay', 0.03558860929632899), ('The Undertaker', 0.03381543161037658), ('Mr. Kennedy', 0.03269615334790432), ('Umaga', 0.03030715121104062), ('Chavo Guerrero', 0.029004785224839284)]"
2007-01-01,118,225,0.016297262059973925,12,49,47,188,165,0.07547044866293721,0.008474576271186437,Mr. Kennedy,0.07547044866293721,1.3289833419760493,"[('Mr. Kennedy', 0.07547044866293721), ('Melina', 0.05678810732926202), ('The Undertaker', 0.05213375684789341), ('Mickie James', 0.05193211507569842), ('Batista', 0.0347758454369548), ('Bobby Lashley', 0.03346959020415078), ('Matt Hardy', 0.03318850498769359), ('Jeff Hardy', 0.024991990969205107), ('The Great Khali', 0.024022447578140406), ('Chris Benoit', 0.023441799922123332)]"
2007-05-01,121,245,0.0168732782369146,9,50,47,201,181,0.06886457185157584,0.008264462809917356,Edge,0.06886457185157584,1.0069220433955965,"[('Edge', 0.06886457185157584), ('John Cena', 0.06839116523792352), ('Batista', 0.0627369512854922), ('Randy Orton', 0.04564549434873846), ('The Great Khali', 0.036711054199970505), ('Bobby Lashley', 0.03366101464756029), ('Montel Vontavious Porter', 0.031404747027393855), ('Matt Hardy', 0.030757821683998602), ('Carlito', 0.029791754436749352), ('Ric Flair', 0.026593822945572408)]"
2007-09-01,128,229,0.014087106299212598,12,49,42,183,199,0.07721436408024354,0.0078125,CM Punk,0.07721436408024354,1.0835796368422388,"[('CM Punk', 0.07721436408024354), ('John Morrison', 0.07125859646574863), ('Beth Phoenix', 0.04330633396575289), ('Candice Michelle', 0.039689876087578846), ('Cody Rhodes', 0.035434134995210594), ('Jeff Hardy', 0.034868496003124354), ('Hardcore Holly', 0.03355889273397002), ('Randy Orton', 0.028603176674793892), ('Rey Mysterio', 0.027001064657897537), ('Kane', 0.023283583796634578)]"
2008-01-01,109,238,0.02021746517159361,9,28,47,199,190,0.08133226963365815,0.009174311926605507,The Undertaker,0.08133226963365815,1.3552694139014927,"[('The Undertaker', 0.08133226963365815), ('Edge', 0.06001188309822637), ('Batista', 0.055299208256239366), ('Jeff Hardy', 0.04777804074088654), ('Chris Jericho', 0.04195581250557354), ('CM Punk', 0.03718715590038539), ('Shawn Michaels', 0.03634163172504968), ('Montel Vontavious Porter', 0.031522471851949334), ('Snitsky', 0.023587278351595554), ('Chavo Guerrero', 0.021623675096088785)]"
2008-05-01,102,246,0.023878858474082703,7,32,39,202,194,0.06628990822993333,0.00980392156862745,The Brian Kendrick,0.06628990822993333,1.1203798252057429,"[('The Brian Kendrick', 0.06628990822993333), ('R-Truth', 0.05916735265896106), ('Jeff Hardy', 0.055524583820144364), ('Edge', 0.04494051208672752), ('Batista', 0.03639803881744168), ('Triple H', 0.03536023261352346), ('Matt Hardy', 0.03401577975074939), ('CM Punk', 0.03189409726528111), ('Santino Marella', 0.029965860681510106), ('Shelton Benjamin', 0.02791675189305014)]"
2008-09-01,92,175,0.020903010033444816,9,30,40,140,211,0.07208293740150447,0.010869565217391304,The Undertaker,0.07208293740150447,1.0450255079749717,"[('The Undertaker', 0.07208293740150447), ('Jeff Hardy', 0.06897720376336579), ('Triple H', 0.06468543426760777), ('Chris Jericho', 0.057691470135984926), ('Vladimir Kozlov', 0.05573169626488711), ('The Big Show', 0.047764376108800695), ('Matt Hardy', 0.040552507214222724), ('Mark Henry', 0.03846730766830624), ('Finlay', 0.03526677481643031), ('John Cena', 0.03197168140962355)]"
2009-01-01,89,191,0.024387129724208374,7,26,29,164,148,0.06715268878168777,0.011235955056179773,The Big Show,0.06715268878168777,1.0417521686192872,"[('The Big Show', 0.06715268878168777), ('Maryse', 0.06446129012689295), ('Gail Kim', 0.05969166414664694), ('Randy Orton', 0.05454487388877494), ('Triple H', 0.047870921465129695), ('The Undertaker', 0.04224319594527933), ('John Cena', 0.039050229073059196), ('Edge', 0.031600615455691046), ('Vladimir Kozlov', 0.031360957332988125), ('Rey Mysterio', 0.028891231008242046)]"
2009-05-01,97,205,0.022014604810996565,9,30,22,177,163,0.0623192481586355,0.010309278350515464,CM Punk,0.0623192481586355,1.0507392037151797,"[('CM Punk', 0.0623192481586355), ('Jeff Hardy', 0.059309910526121536), ('Randy Orton', 0.05498071801061165), ('The Big Show', 0.042132422902440694), ('John Morrison', 0.041633957583870666), ('Edge', 0.038585555982212694), ('Rey Mysterio', 0.035934771233769106), ('Christian', 0.0330904703835999), ('Evan Bourne', 0.032341338846721746), ('Chris Jericho', 0.031336063065425884)]"
2009-09-01,89,211,0.026940755873340144,6,24,32,163,157,0.07092696221340884,0.011235955056179773,Michelle McCool,0.07092696221340884,1.0034640353735802,"[('Michelle McCool', 0.07092696221340884), ('Melina', 0.07068211686032515), ('John Cena', 0.05222831724790526), ('Randy Orton', 0.051386971669927554), ('Sheamus', 0.041057721584431696), ('Shelton Benjamin', 0.034979125740311874), ('Kofi Kingston', 0.03235709295102122), ('Drew McIntyre', 0.031057423360726547), ('Mickie James', 0.03100944534372423), ('Finlay', 0.028983950885765553)]"
2010-01-01,84,207,0.029690189328743545,9,23,28,171,175,0.06128111572781509,0.011904761904761902,Chris Jericho,0.06128111572781509,1.3393317698827278,"[('Chris Jericho', 0.06128111572781509), ('Maryse', 0.045754992979208486), ('Sheamus', 0.043078615852107816), ('Eve Torres', 0.04187219684572782), ('Kofi Kingston', 0.03784902307360684), ('Kane', 0.03491846626072109), ('The Undertaker', 0.033338198919016196), ('Christian', 0.03327191717265014), ('Dolph Ziggler', 0.03102813784964738), ('Rey Mysterio', 0.03062151906563937)]"
2010-05-01,90,192,0.02397003745318352,9,23,17,170,185,0.05639482959858366,0.011111111111111112,Kane,0.05639482959858366,1.1016177107885299,"[('Kane', 0.05639482959858366), ('CM Punk', 0.05119274049998403), ('Edge', 0.04252016850892629), ('Randy Orton', 0.03699366503497703), ('The Miz', 0.03646627199142434), ('Kelly Kelly', 0.03556129225034213), ('John Cena', 0.03369761901066323), ('Rey Mysterio', 0.03263440402837125), ('Christian', 0.030402948796821268), ('Jack Swagger', 0.030388591238502675)]"
2010-09-01,89,223,0.028472931562819204,7,23,24,185,154,0.06722647218688127,0.011235955056179775,The Miz,0.06722647218688127,1.1587325352656825,"[('The Miz', 0.06722647218688127), ('Kane', 0.05801724741548497), ('Sheamus', 0.04886315660761933), ('Randy Orton', 0.04503681356799206), ('Alberto Del Rio', 0.04454067154743458), ('Layla', 0.04322284472893179), ('John Morrison', 0.04169167905072212), ('The Big Show', 0.04165967891635793), ('Daniel Bryan', 0.04034618444751518), ('Rey Mysterio', 0.03460399372126698)]"
2011-01-01,84,187,0.026821572002294895,7,18,23,148,184,0.07087916780211405,0.011904761904761902,Alberto Del Rio,0.07087916780211405,1.2632585585475729,"[('Alberto Del Rio', 0.07087916780211405), ('The Miz', 0.056108203124787946), ('Edge', 0.05537691151801327), ('Justin Gabriel', 0.05241073888598425), ('Santino Marella', 0.04875002006793211), ('Rey Mysterio', 0.045003478015315804), ('Randy Orton', 0.04384314068732685), ('Christian', 0.03560608506994309), ('Sheamus', 0.030983135870623336), ('CM Punk', 0.02398031403622016)]"
2011-05-01,102,248,0.024072995534847604,9,32,14,207,146,0.09903815318814041,0.00980392156862745,Randy Orton,0.09903815318814041,1.0216007649709635,"[('Randy Orton', 0.09903815318814041), ('Christian', 0.09694408675482474), ('Kelly Kelly', 0.050958955063619193), ('CM Punk', 0.050559301142754476), ('Brie Bella', 0.046030891077910814), ('John Cena', 0.03851444462149424), ('Sheamus', 0.03228178557165962), ('Alberto Del Rio', 0.030886890252550016), ('R-Truth', 0.027424560413995193), ('Rey Mysterio', 0.025122305531124253)]"
2011-09-01,95,268,0.030011198208286675,9,34,41,202,182,0.08159774529738202,0.010526315789473684,Alberto Del Rio,0.08159774529738202,1.1326587147875837,"[('Alberto Del Rio', 0.08159774529738202), ('Mark Henry', 0.07204089301752707), ('Beth Phoenix', 0.05155323856590708), ('Daniel Bryan', 0.04633810375065153), ('The Big Show', 0.04593350130242451), ('CM Punk', 0.04550464152556674), ('Kelly Kelly', 0.04418559953975245), ('Randy Orton', 0.043555498646935274), ('Cody Rhodes', 0.04159529396237397), ('John Cena', 0.0412292101318053)]"
2012-01-01,93,289,0.03377746610565685,7,23,25,213,192,0.0822657927711346,0.010752688172043012,Sheamus,0.0822657927711346,1.3835895840525956,"[('Sheamus', 0.0822657927711346), ('Daniel Bryan', 0.05945823365493576), ('The Big Show', 0.05771541319594579), ('Mark Henry', 0.03897869622471993), ('CM Punk', 0.03742823195847356), ('Cody Rhodes', 0.035959425160100006), ('Alberto Del Rio', 0.03253794889683182), ('Beth Phoenix', 0.03239920182686878), ('Nikki Bella', 0.03207899568241713), ('Chris Jericho', 0.024167272153964123)]"
2012-05-01,126,366,0.023238095238095238,8,52,19,277,200,0.0537971305894347,0.007936507936507938,Sheamus,0.0537971305894347,1.0357675950709935,"[('Sheamus', 0.0537971305894347), ('Chris Jericho', 0.051939383743461624), ('John Cena', 0.043368391409616805), ('CM Punk', 0.04192476712872235), ('John Laurinaitis', 0.03896084700660058), ('Brodus Clay', 0.03742530076679596), ('Damien Sandow', 0.035835232084350015), ('Alberto Del Rio', 0.03508775554218645), ('Kane', 0.03342919480082697), ('The Big Show', 0.028600277762046336)]"
2012-09-01,135,396,0.021890547263681594,7,43,34,314,284,0.08074848711210786,0.007407407407407408,Sheamus,0.08074848711210786,1.203871569316133,"[('Sheamus', 0.08074848711210786), ('The Big Show', 0.06707400454516718), ('CM Punk', 0.05758427251009986), ('Ryback', 0.05190015773636441), ('Antonio Cesaro', 0.041300522299558974), ('Eve Torres', 0.03215734396112502), ('Jinder Mahal', 0.02826069337371674), ('Kofi Kingston', 0.02568488995357987), ('Wade Barrett', 0.024948169099662635), ('Layla', 0.024620759247742045)]"
2013-01-01,120,394,0.027591036414565825,8,22,37,301,303,0.0636434941938991,0.008333333333333333,Alberto Del Rio,0.0636434941938991,1.5469931221537427,"[('Alberto Del Rio', 0.0636434941938991), ('Kaitlyn', 0.04114012743980002), ('Antonio Cesaro', 0.040714589445612265), ('The Big Show', 0.0402695555069914), ('Randy Orton', 0.03799481373958212), ('Wade Barrett', 0.035049343431482374), ('Jack Swagger', 0.03460286242244086), ('Mark Henry', 0.030134780250996075), ('John Cena', 0.024035610290824013), ('Dolph Ziggler', 0.02338201469400177)]"
2013-05-01,113,376,0.02970922882427307,7,20,27,297,315,0.0630947187398763,0.008849557522123894,Randy Orton,0.0630947187398763,1.0519667935334949,"[('Randy Orton', 0.0630947187398763), ('Daniel Bryan', 0.059977861590045846), ('Paige', 0.048327131473711635), ('Emma', 0.04772336120321708), ('Alberto Del Rio', 0.03607694523489369), ('A.J. Lee', 0.03375335634670256), ('Kaitlyn', 0.02912220290968655), ('Dean Ambrose', 0.0288029270254902), ('CM Punk', 0.02793446074158015), ('Curtis Axel', 0.026891778064699008)]"
2013-09-01,116,344,0.025787106446776613,7,32,29,263,295,0.11338653183906253,0.008620689655172414,Randy Orton,0.11338653183906253,1.27714849086725,"[('Randy Orton', 0.11338653183906253), ('Daniel Bryan', 0.08878100913862194), ('Bo Dallas', 0.0314235448984316), ('John Cena', 0.031194243962055605), ('Alberto Del Rio', 0.03068494680301714), ('Corey Graves', 0.029719483816636628), ('Adrian Neville', 0.029687346883067473), ('A.J. Lee', 0.026598396354877436), ('Natalya', 0.024779193505972155), ('Ryback', 0.022630000780170023)]"
2014-01-01,114,329,0.025539512498059306,7,21,23,249,264,0.09281948056368498,0.008771929824561403,Randy Orton,0.09281948056368498,1.029406779552138,"[('Randy Orton', 0.09281948056368498), ('John Cena', 0.09016793206284086), ('Bray Wyatt', 0.04335904941697818), ('Bad News Barrett', 0.03409168796492859), ('Alberto Del Rio', 0.031299403575362594), ('Natalya', 0.02729996023902945), ('Sheamus', 0.025226592577118966), ('Kofi Kingston', 0.025026496353960294), ('Daniel Bryan', 0.022876065271763876), ('Cesaro', 0.022500969939448584)]"
2014-05-01,112,340,0.02734877734877735,6,20,22,258,247,0.04221440372742036,0.008928571428571428,Adrian Neville,0.04221440372742036,1.0358306574574567,"[('Adrian Neville', 0.04221440372742036), ('Bayley', 0.04075415554028837), ('Charlotte', 0.04044281954029348), ('Roman Reigns', 0.03220151046005172), ('Cesaro', 0.030569798418943767), ('Paige', 0.026013464546369127), ('Sheamus', 0.024989019677035363), ('Randy Orton', 0.023922935459534344), ('Dolph Ziggler', 0.023815241291139478), ('Seth Rollins', 0.023474572095909436)]"
2014-09-01,110,350,0.029190992493744787,7,27,29,260,250,0.05661989274157284,0.00909090909090909,Sami Zayn,0.05661989274157284,1.0399880985654464,"[('Sami Zayn', 0.05661989274157284), ('Adrian Neville', 0.0544428275858868), ('Seth Rollins', 0.04263008686848918), ('Rusev', 0.04159323225005712), ('John Cena', 0.04012870938111735), ('The Big Show', 0.03848298531782938), ('A.J. Lee', 0.03375293207232095), ('Dean Ambrose', 0.03277059987118871), ('Paige', 0.031923275305948955), ('Bray Wyatt', 0.02513111713603669)]"
2015-01-01,108,380,0.032883350640359986,6,18,20,271,241,0.06280532018007054,0.009259259259259259,Seth Rollins,0.06280532018007054,1.3352669722899728,"[('Seth Rollins', 0.06280532018007054), ('John Cena', 0.04703577747628992), ('Nikki Bella', 0.04584496114232047), ('Natalya', 0.03690314041957499), ('Rusev', 0.035959635000797345), ('Roman Reigns', 0.03403945604435788), ('Paige', 0.032250449048226756), ('Finn Bálor', 0.03136137483101916), ('Tyler Breeze', 0.02801844145874679), ('Naomi', 0.02559985849361378)]"
2015-05-01,124,411,0.026947285601888277,6,46,30,302,271,0.08404649412217559,0.008064516129032258,Sasha Banks,0.08404649412217559,1.3733861188365033,"[('Sasha Banks', 0.08404649412217559), ('Becky Lynch', 0.06119655133355911), ('Sheamus', 0.04181061651025273), ('Bayley', 0.04055250629735466), ('Randy Orton', 0.038143659816151664), ('Finn Bálor', 0.036777773286807196), ('Seth Rollins', 0.03284283974773501), ('John Cena', 0.03213794194171993), ('Kevin Owens', 0.03056127046836258), ('Cesaro', 0.024656395190158154)]"
2015-09-01,126,390,0.024761904761904763,6,37,35,267,288,0.0666448875037651,0.007936507936507936,Alberto Del Rio,0.0666448875037651,1.0473404772723305,"[('Alberto Del Rio', 0.0666448875037651), ('John Cena', 0.06363249482855234), ('Apollo Crews', 0.06257785787863465), ('Finn Bálor', 0.05358784799017096), ('Samoa Joe', 0.046939693520876936), ('Roman Reigns', 0.03645282104794547), ('Kevin Owens', 0.035390991812064655), ('Seth Rollins', 0.031579655550994984), ('Bayley', 0.02438955330924998), ('Dean Ambrose', 0.024380804503309064)]"
2016-01-01,145,508,0.02432950191570881,6,50,31,400,282,0.05457461864491001,0.006896551724137931,Samoa Joe,0.05457461864491001,1.2290590602337887,"[('Samoa Joe', 0.05457461864491001), ('Finn Bálor', 0.04440357702137516), ('Bray Wyatt', 0.033472315338850304), ('Charlotte', 0.03222052286382392), ('Sami Zayn', 0.02965453101094311), ('Becky Lynch', 0.027134280212883947), ('A.J. Styles', 0.026313691110766292), ('Kevin Owens', 0.025728132521032922), ('Kane', 0.025029573839711893), ('Bayley', 0.02463473987857323)]"
2016-05-01,191,519,0.014301460457426288,11,79,33,423,412,0.035530550305961736,0.005235602094240838,Asuka,0.035530550305961736,1.1701786769608566,"[('Asuka', 0.035530550305961736), ('Samoa Joe', 0.030363354764112026), ('Shinsuke Nakamura', 0.02995079647133846), ('Rusev', 0.029384224318923985), ('Dean Ambrose', 0.027381157070223854), ('Finn Bálor', 0.02536146005457986), ('Baron Corbin', 0.025338800776412068), ('Seth Rollins', 0.02112008589209057), ('Charlotte', 0.018887918024295385), ('Roman Reigns', 0.018627395831715313)]"
2016-09-01,161,412,0.015993788819875777,7,48,78,318,425,0.0510984891172974,0.006211180124223602,Shinsuke Nakamura,0.0510984891172974,1.0801183186466743,"[('Shinsuke Nakamura', 0.0510984891172974), ('Samoa Joe', 0.047308233028878585), ('Kevin Owens', 0.030549731265302832), ('Baron Corbin', 0.028181432468132227), ('T. J. Perkins', 0.027317460995888856), ('Rich Swann', 0.02659457461128346), ('Roman Reigns', 0.025232336801642857), ('Sami Zayn', 0.024775233471200295), ('Braun Strowman', 0.02337000261436675), ('A.J. Styles', 0.022301698044772063)]"
2017-01-01,192,453,0.012352748691099476,11,74,43,352,311,0.05301567920583351,0.005208333333333332,Neville,0.05301567920583351,1.0700073409838478,"[('Neville', 0.05301567920583351), ('Austin Aries', 0.04954702381488971), ('Nia Jax', 0.03062717793012041), ('Bayley', 0.027853945337465928), ('Bobby Roode', 0.024323374006438123), ('Randy Orton', 0.022161917652500866), ('Roman Reigns', 0.019866704955843674), ('John Cena', 0.01975940708201448), ('Asuka', 0.01955606280326607), ('Sasha Banks', 0.019312360247938882)]"
2017-05-01,219,507,0.01061958024381048,14,78,51,412,358,0.05100109055276072,0.0045662100456621,Bobby Roode,0.05100109055276072,1.547462936333458,"[('Bobby Roode', 0.05100109055276072), ('Drew McIntyre', 0.03295787534246355), ('Neville', 0.03108213721145225), ('Jinder Mahal', 0.031071600171796943), ('Roderick Strong', 0.03021107409724736), ('Akira Tozawa', 0.026345746957299774), ('Natalya', 0.023625045751237223), ('Roman Reigns', 0.02336344995924329), ('Ariya Daivari', 0.01905523654311349), ('Randy Orton', 0.016734810962171755)]"
2017-09-01,169,391,0.01377148492533108,10,29,79,287,403,0.06089495469413614,0.0059171597633136085,Finn Bálor,0.06089495469413614,1.0700535556672848,"[('Finn Bálor', 0.06089495469413614), ('Samoa Joe', 0.05690832423444645), ('Andrade ""Cien"" Almas', 0.04733869362076055), ('Kassius Ohno', 0.040871322811370146), ('Drew McIntyre', 0.03791565063893844), ('Lars Sullivan', 0.03645599162966727), ('Roman Reigns', 0.035005988886469205), ('Braun Strowman', 0.03434178125880566), ('Bobby Roode', 0.03231465859405912), ('Dolph Ziggler', 0.030184430004114915)]"
2018-01-01,186,451,0.013106655042138914,7,51,34,370,310,0.0890223857810443,0.005376344086021507,Shayna Baszler,0.0890223857810443,1.3991586718521796,"[('Shayna Baszler', 0.0890223857810443), ('Ember Moon', 0.06362565416772792), ('Aleister Black', 0.03731809434844828), ('Kairi Sane', 0.02849808129179477), ('Killian Dain', 0.027827941363354165), ('Lars Sullivan', 0.021875176519130787), ('Roderick Strong', 0.02011913131905352), ('No Way Jose', 0.017207804958649625), ('Cedric Alexander', 0.016890996811601878), ('Becky Lynch', 0.016448335211740866)]"
2018-05-01,235,479,0.008710674668121476,14,98,49,407,379,0.06369972198228842,0.004255319148936169,Kairi Sane,0.06369972198228842,1.0788783972698621,"[('Kairi Sane', 0.06369972198228842), ('Shayna Baszler', 0.059042540979115626), ('Roman Reigns', 0.04280512503474725), ('Bobby Lashley', 0.039957764931633825), ('Lacey Evans', 0.03330866303263376), ('Pete Dunne', 0.02571375628718344), ('A.J. Styles', 0.02197568791866547), ('Ricochet', 0.021780840119951548), ('Tommaso Ciampa', 0.018809561867239907), ('Kassius Ohno', 0.017917762023944787)]"
2018-09-01,186,387,0.011246730601569312,16,52,101,311,403,0.029683349063124632,0.005376344086021506,Charlotte Flair,0.029683349063124632,1.1967715071481788,"[('Charlotte Flair', 0.029683349063124632), ('Lars Sullivan', 0.024802854083531733), ('Johnny Gargano', 0.02447228086643843), ('Shayna Baszler', 0.02410938515968889), ('Becky Lynch', 0.021323664771394663), ('Tommaso Ciampa', 0.021301808692796742), ('Daniel Bryan', 0.019680059196118028), ('Rey Mysterio', 0.019388097170242348), ('Kairi Sane', 0.019129051852296238), ('Bobby Lashley', 0.018310923325522643)]"
2019-01-01,186,429,0.012467306015693113,14,54,54,371,329,0.14552382466887112,0.005376344086021505,The Velveteen Dream,0.14552382466887112,1.0680259780242278,"[('The Velveteen Dream', 0.14552382466887112), ('Johnny Gargano', 0.1362549485341919), ('Shayna Baszler', 0.05426767357744728), ('Bianca BelAir', 0.053134665332319586), ('Asuka', 0.0332192495528337), ('Finn Bálor', 0.01838544779315549), ('Becky Lynch', 0.01795769287671284), ('Mandy Rose', 0.017730868864126375), ('Charlotte Flair', 0.016919068627400814), ('Tony Nese', 0.010343924858238747)]"
2019-05-01,201,442,0.01099502487562189,9,67,52,405,392,0.07233604069594392,0.004975124378109452,Shayna Baszler,0.07233604069594392,1.0038055893761098,"[('Shayna Baszler', 0.07233604069594392), ('Mia Yim', 0.07206180306378109), ('KUSHIDA', 0.03479419244900763), ('Nikki Cross', 0.03396561802072983), ('Bayley', 0.029918185399851617), ('The Velveteen Dream', 0.025248740339120036), ('Adam Cole', 0.023427004816596497), ('Kofi Kingston', 0.022120179188544004), ('R-Truth', 0.021888644358582426), ('Kevin Owens', 0.021150277962628417)]"
2019-09-01,204,522,0.012605042016806723,6,69,66,467,387,0.0694511128104187,0.004901960784313725,Seth Rollins,0.0694511128104187,1.7273232168687427,"[('Seth Rollins', 0.0694511128104187), ('Kevin Owens', 0.040207363701344964), ('Rhea Ripley', 0.030769743652946668), ('Charlotte Flair', 0.02963438844337179), ('The Fiend', 0.028782699717316076), ('Pete Dunne', 0.022783386957790853), ('R-Truth', 0.022510667032550502), ('Bayley', 0.022197281026160948), ('Becky Lynch', 0.02065495828813005), ('Sasha Banks', 0.02038369736228894)]"
2020-01-01,196,411,0.010753532182103611,7,56,64,340,451,0.04418246552142978,0.00510204081632653,Charlotte Flair,0.04418246552142978,1.041620730024373,"[('Charlotte Flair', 0.04418246552142978), ('Rhea Ripley', 0.04241703745699833), ('Io Shirai', 0.04047385318514351), ('Toni Storm', 0.03587900764374327), ('Aleister Black', 0.028138087914759982), ('Drew McIntyre', 0.02696422602687699), ('A.J. Styles', 0.026070503908229438), ('Finn Bálor', 0.02066713996417335), ('Andrade', 0.017569055161565546), ('Bayley', 0.015894569877467086)]"
2020-05-01,156,275,0.011373035566583953,8,35,75,245,381,0.040503231140786536,0.00641025641025641,Drew McIntyre,0.040503231140786536,1.1993321935623837,"[('Drew McIntyre', 0.040503231140786536), ('Keith Lee', 0.033771486630805383), ('Asuka', 0.03241174197276737), ('Randy Orton', 0.025456454361120446), ('Sheamus', 0.025066606379187315), ('Karrion Kross', 0.022773618279650305), ('Jeff Hardy', 0.02268073975496984), ('Matt Riddle', 0.022359079457940727), ('A.J. Styles', 0.022177015854164095), ('Braun Strowman', 0.021446752979259905)]"
2020-09-01,145,268,0.012835249042145594,9,36,47,239,246,0.07361685420797277,0.006896551724137933,Sasha Banks,0.07361685420797277,1.1444418503147384,"[('Sasha Banks', 0.07361685420797277), ('Carmella', 0.0643255523972031), ('Roman Reigns', 0.03249011697086292), ('Johnny Gargano', 0.02329043972627802), ('Jey Uso', 0.021157508353310765), ('Drew McIntyre', 0.019875254129473854), ('Keith Lee', 0.01865446779329189), ('Leon Ruff', 0.017640397324942023), ('Io Shirai', 0.01743445768032156), ('Tommaso Ciampa', 0.017371272081123157)]"
2021-01-01,136,228,0.01241830065359477,11,30,39,188,228,0.05936147097906277,0.007352941176470588,Riddle,0.05936147097906277,1.0459551331608563,"[('Riddle', 0.05936147097906277), ('Bobby Lashley', 0.056753362641544236), ('Karrion Kross', 0.0366924117327575), ('Drew McIntyre', 0.03477293793592133), ('Apollo Crews', 0.031303681162131836), ('Big E', 0.030213974100386874), ('Sheamus', 0.02415119653764555), ('Finn Bálor', 0.02325099700971634), ('Johnny Gargano', 0.0229062340669438), ('Dexter Lumis', 0.022866174595253738)]"
2021-05-01,165,307,0.011345158906134516,10,56,27,281,202,0.06821592206033943,0.006060606060606061,Kyle O'Reilly,0.06821592206033943,1.0722619630378816,"[(""Kyle O'Reilly"", 0.06821592206033943), ('Adam Cole', 0.06361870924440266), ('Bobby Lashley', 0.031154200166898918), ('Drew McIntyre', 0.02677934113628314), ('Karrion Kross', 0.018790182315488832), ('Damian Priest', 0.018781539208818296), ('L.A. Knight', 0.01820201910626127), ('Kofi Kingston', 0.01503943378567545), ('Raquel Gonzalez', 0.013995633729099162), ('Rhea Ripley', 0.013742602448642378)]"
2021-09-01,169,341,0.012010425471963933,7,53,49,308,274,0.04513670738557761,0.0059171597633136085,Bianca BelAir,0.04513670738557761,1.0458269351006353,"[('Bianca BelAir', 0.04513670738557761), ('Becky Lynch', 0.043158868710179384), ('Big E', 0.03806832476044325), ('Charlotte Flair', 0.031395518512368166), ('Tommaso Ciampa', 0.026812546339827315), ('King Woods', 0.023470490651933656), ('Bobby Lashley', 0.022825413591615332), ('Roman Reigns', 0.022548334033384042), ('Kevin Owens', 0.022475278246535085), ('Sasha Banks', 0.019143184962223635)]"
2022-01-01,172,315,0.010709914320685434,10,51,48,278,304,0.03812483374982999,0.005813953488372092,Seth Rollins,0.03812483374982999,1.0701139004438622,"[('Seth Rollins', 0.03812483374982999), ('Roman Reigns', 0.03562689329987822), ('Drew McIntyre', 0.03389550610203945), ('Damian Priest', 0.03034648308537577), ('Finn Bálor', 0.029387593505002498), ('Charlotte Flair', 0.0280312972977831), ('Bobby Lashley', 0.02619315366666178), ('A.J. Styles', 0.025107646023596605), ('Dolph Ziggler', 0.023694654551511544), ('Bron Breakker', 0.02282105285159157)]"
2022-05-01,159,373,0.014847543985351484,6,34,47,320,262,0.061577479879825425,0.006289308176100628,Liv Morgan,0.061577479879825425,1.1372768767138313,"[('Liv Morgan', 0.061577479879825425), ('Rhea Ripley', 0.05414466884946605), ('Bianca BelAir', 0.036816152487078084), ('Carmella', 0.03306606204363305), ('Mandy Rose', 0.03236854253814344), ('Carmelo Hayes', 0.030243595168840415), ('Roman Reigns', 0.021117967325912534), ('Zoey Stark', 0.019885610790828078), ('Nikkita Lyons', 0.01818029182176439), ('Duke Hudson', 0.015372430355798578)]"
2022-09-01,162,365,0.013994325588528487,5,42,39,325,333,0.037740121049566186,0.006172839506172839,Bianca BelAir,0.037740121049566186,1.0120935386109378,"[('Bianca BelAir', 0.037740121049566186), ('Bayley', 0.03728916311565743), ('Drew McIntyre', 0.03505386015845684), ('Seth Rollins', 0.027835709539619086), ('Karrion Kross', 0.02246999977089031), ('Ricochet', 0.021592125465930062), ('Roman Reigns', 0.02138208767957017), ('Austin Theory', 0.02130401083132667), ('Roxanne Perez', 0.019001193352668398), ('JD McDonagh', 0.01866457360085057)]"
2023-01-01,175,375,0.012315270935960592,9,46,33,331,321,0.06582491118028501,0.005714285714285714,Austin Theory,0.06582491118028501,1.073315757937767,"[('Austin Theory', 0.06582491118028501), ('Bobby Lashley', 0.06132856123044238), ('Gunther', 0.05331478324586112), ('Ricochet', 0.05134983226846448), ('Roman Reigns', 0.025875275762250065), ('Cody Rhodes', 0.025172055462590395), ('Carmelo Hayes', 0.019578295734200207), ('Rhea Ripley', 0.018469061647459824), ('Bianca BelAir', 0.017446247401431483), ('Roxanne Perez', 0.016426703078075103)]"
2023-05-01,173,391,0.013140207017072187,9,40,42,356,340,0.059795200157418106,0.005780346820809248,Cody Rhodes,0.059795200157418106,1.1479930594640335,"[('Cody Rhodes', 0.059795200157418106), ('Brock Lesnar', 0.05208672619095349), ('Gunther', 0.042167005734704506), ('Chad Gable', 0.039163842330604465), ('Seth Rollins', 0.026296484728328684), ('Austin Theory', 0.02570035207271495), ('Tiffany Stratton', 0.02499934605426535), ('Becky Lynch', 0.022686734965790652), ('Ivy Nile', 0.01973114955918057), ('Bianca BelAir', 0.018434483125003658)]"
2023-09-01,166,391,0.014275282949981745,5,30,37,332,332,0.03317994088068904,0.006024096385542169,Lyra Valkyria,0.03317994088068904,1.163377515480586,"[('Lyra Valkyria', 0.03317994088068904), ('Seth Rollins', 0.028520355980047075), ('Blair Davenport', 0.02849856489652712), ('Gigi Dolin', 0.023143919847098675), ('Becky Lynch', 0.02179976536889171), ('Ilja Dragunov', 0.019550839324935745), ('Santos Escobar', 0.01803431715207301), ('Drew McIntyre', 0.0179557847345057), ('Gunther', 0.016029907272499887), ('L.A. Knight', 0.015555870556040125)]"
2024-01-01,170,391,0.013609467455621301,7,38,34,345,345,0.10231570732198574,0.00588235294117647,Trick Williams,0.10231570732198574,1.0224520756198419,"[('Trick Williams', 0.10231570732198574), ('Ilja Dragunov', 0.10006895165229023), ('Drew McIntyre', 0.06481118107496939), ('Cody Rhodes', 0.029745122758580014), ('Roxanne Perez', 0.025328409970544075), ('Joe Gacy', 0.023101914643095422), ('Sami Zayn', 0.022614303502456277), ('Jey Uso', 0.02204433261491813), ('Gunther', 0.020520563237378466), ('Seth Rollins', 0.019151474912572616)]"
2024-05-01,175,384,0.012610837438423646,7,42,37,339,346,0.09734461424696968,0.005714285714285714,Gunther,0.09734461424696968,1.0969205564228062,"[('Gunther', 0.09734461424696968), ('Jey Uso', 0.0887435408854243), ('Damian Priest', 0.06694659542041309), (""Tony D'Angelo"", 0.02978049396216622), ('Charlie Dempsey', 0.026672300944567625), ('Nia Jax', 0.026056142410744915), ('Liv Morgan', 0.02411140719908873), ('Kelani Jordan', 0.02405117976108121), ('Fallon Henley', 0.022377870636960333), ('Sol Ruca', 0.02111682506217982)]"
2024-09-01,163,305,0.011550405210936908,7,27,39,247,326,0.053992634760702075,0.006134969325153374,Tony D'Angelo,0.053992634760702075,1.0465351572112969,"[(""Tony D'Angelo"", 0.053992634760702075), ('Oba Femi', 0.051591802137422975), ('Cody Rhodes', 0.03462640087251379), ('L.A. Knight', 0.031405810711907726), ('Shinsuke Nakamura', 0.029010468566939448), ('Jey Uso', 0.026566765892315762), ('Hammerstone', 0.02464594751036508), ('Bron Breakker', 0.024335211061656828), ('Pete Dunne', 0.021761056935979618), ('Lexis King', 0.020076095067408553)]"
2025-01-01,204,395,0.00953829807785183,9,64,23,342,252,0.048641455895642435,0.0049019607843137246,Gunther,0.048641455895642435,1.0197104547474503,"[('Gunther', 0.048641455895642435), ('Liv Morgan', 0.04770124270981351), ('Iyo Sky', 0.03592164415179843), ('CM Punk', 0.03551348328214622), ('Rhea Ripley', 0.03238045771743105), ('Jey Uso', 0.02691312181756809), ('Bayley', 0.02142916451745801), ('Sean Legacy', 0.020128738317839248), ('Jade Cargill', 0.018854738513844126), ('Stephanie Vaquer', 0.017068715693432848)]"
2025-05-01,191,383,0.010553871589969689,9,34,47,345,357,0.06915265919960949,0.005235602094240839,Jacy Jayne,0.06915265919960949,1.0120049144891639,"[('Jacy Jayne', 0.06915265919960949), ('Stephanie Vaquer', 0.06833233535680616), ('Lyra Valkyria', 0.03225475064291909), ('Oba Femi', 0.02679859704444307), ('Becky Lynch', 0.023547372294650207), ('Jordynne Grace', 0.016435915840689944), ('Sami Zayn', 0.01619593292168655), (""Je'Von Evans"", 0.015446792770033378), ('Kelani Jordan', 0.015268105861170195), ('Cody Rhodes', 0.014341667105911034)]"
2025-09-01,193,362,0.009768998272884284,13,47,45,321,342,0.0403808661423886,0.0051813471502590676,Oba Femi,0.0403808661423886,1.1380385615755506,"[('Oba Femi', 0.0403808661423886), ('Tatum Paxley', 0.03548286280078555), ('Cody Rhodes', 0.03502919875500782), ('Jacy Jayne', 0.029341137521922692), ('Ricky Saints', 0.026210362266262693), ('Ilja Dragunov', 0.023465918973318314), ('Carmelo Hayes', 0.023041357769221043), ('Raquel Rodriguez', 0.020478384422270717), ('Stephanie Vaquer', 0.018684388914149263), ('Drew McIntyre', 0.018012294100981596)]"
2026-01-01,84,65,0.009323006310958119,21,2,111,53,350,0.06202740682057515,0.011904761904761904,Drew McIntyre,0.06202740682057515,1.0524249006999042,"[('Drew McIntyre', 0.06202740682057515), ('Cody Rhodes', 0.05893760854510804), ('Jacy Jayne', 0.030329742892585408), ('CM Punk', 0.02771956023030017), ('Gunther', 0.025386384649967064), ('Kendal Grey', 0.0252108851414472), ('Becky Lynch', 0.020578937990579724), ('Bron Breakker', 0.020578937990579724), ('Carmelo Hayes', 0.019703810724249104), ('Trick Williams', 0.019118787044223963)]"
