snapshot,nodes,edges,density,communities,new_nodes,removed_nodes,new_edges,removed_edges,pagerank_max,pagerank_mean,dominant_node,dominant_score,dominance_ratio,top_pagerank
1873-01-01,2,1,0.5,1,0,0,0,0,0.649122638064138,0.4999999999999999,England,0.649122638064138,1.849998627676622,"[('England', 0.649122638064138), ('Scotland', 0.3508773619358619)]"
1874-01-01,2,1,0.5,1,0,0,1,1,0.649122638064138,0.4999999999999999,Scotland,0.649122638064138,1.849998627676622,"[('Scotland', 0.649122638064138), ('England', 0.3508773619358619)]"
1876-01-01,3,2,0.3333333333333333,1,1,0,1,0,0.5744685965480859,0.3333333333333333,Scotland,0.5744685965480859,2.7000056488803987,"[('Scotland', 0.5744685965480859), ('England', 0.212765701725957), ('Wales', 0.212765701725957)]"
1877-01-01,3,2,0.3333333333333333,1,0,0,0,0,0.5744685965480859,0.3333333333333333,Scotland,0.5744685965480859,2.7000056488803987,"[('Scotland', 0.5744685965480859), ('England', 0.212765701725957), ('Wales', 0.212765701725957)]"
1878-01-01,3,2,0.3333333333333333,1,0,0,0,0,0.5744685965480859,0.3333333333333333,Scotland,0.5744685965480859,2.7000056488803987,"[('Scotland', 0.5744685965480859), ('England', 0.212765701725957), ('Wales', 0.212765701725957)]"
1879-01-01,3,3,0.5,1,0,0,2,1,0.5208692975273159,0.3333333333333333,England,0.5208692975273159,1.849999099124769,"[('England', 0.5208692975273159), ('Scotland', 0.28155110874039785), ('Wales', 0.19757959373228617)]"
1880-01-01,3,3,0.5,1,0,0,1,1,0.5208692975273159,0.3333333333333333,Scotland,0.5208692975273159,1.849999099124769,"[('Scotland', 0.5208692975273159), ('England', 0.28155110874039785), ('Wales', 0.19757959373228617)]"
1881-01-01,3,3,0.5,1,0,0,1,1,0.5208692975273159,0.3333333333333333,Scotland,0.5208692975273159,1.849999099124769,"[('Scotland', 0.5208692975273159), ('Wales', 0.28155110874039785), ('England', 0.19757959373228617)]"
1882-01-01,4,5,0.4166666666666667,1,1,0,2,0,0.4278326099304465,0.24999999999999997,Scotland,0.4278326099304465,1.6407035890232489,"[('Scotland', 0.4278326099304465), ('Wales', 0.26076167126881566), ('England', 0.18299091153140434), ('Northern Ireland', 0.1284148072693334)]"
1883-01-01,4,4,0.3333333333333333,1,0,0,1,2,0.4399862970804468,0.24999999999999997,Scotland,0.4399862970804468,1.4763705949361954,"[('Scotland', 0.4399862970804468), ('England', 0.29801887045810593), ('Northern Ireland', 0.13099741623072358), ('Wales', 0.13099741623072358)]"
1885-09-01,2,1,0.5,1,2,4,1,4,0.649122638064138,0.4999999999999999,Canada,0.649122638064138,1.849998627676622,"[('Canada', 0.649122638064138), ('United States', 0.3508773619358619)]"
1886-09-01,2,1,0.5,1,0,0,1,1,0.649122638064138,0.4999999999999999,United States,0.649122638064138,1.849998627676622,"[('United States', 0.649122638064138), ('Canada', 0.3508773619358619)]"
1888-09-01,2,1,0.5,1,1,1,1,1,0.649122638064138,0.4999999999999999,Scotland,0.649122638064138,1.849998627676622,"[('Scotland', 0.649122638064138), ('Canada', 0.3508773619358619)]"
1902-05-01,2,1,0.5,1,2,2,1,1,0.649122638064138,0.4999999999999999,Argentina,0.649122638064138,1.849998627676622,"[('Argentina', 0.649122638064138), ('Uruguay', 0.3508773619358619)]"
1902-09-01,2,1,0.5,1,2,2,1,1,0.649122638064138,0.4999999999999999,Austria,0.649122638064138,1.849998627676622,"[('Austria', 0.649122638064138), ('Hungary', 0.3508773619358619)]"
1903-01-01,2,1,0.5,1,1,1,1,1,0.649122638064138,0.4999999999999999,Hungary,0.649122638064138,1.849998627676622,"[('Hungary', 0.649122638064138), ('Czechoslovakia', 0.3508773619358619)]"
1903-05-01,2,1,0.5,1,1,1,1,1,0.649122638064138,0.4999999999999999,Hungary,0.649122638064138,1.849998627676622,"[('Hungary', 0.649122638064138), ('Austria', 0.3508773619358619)]"
1903-09-01,4,2,0.16666666666666666,2,2,0,2,1,0.32456160227748454,0.24999999999999994,Austria,0.32456160227748454,1.0,"[('Austria', 0.32456160227748454), ('Uruguay', 0.32456160227748454), ('Hungary', 0.17543839772251532), ('Argentina', 0.17543839772251532)]"
1904-05-01,2,1,0.5,1,0,2,1,2,0.649122638064138,0.4999999999999999,Hungary,0.649122638064138,1.849998627676622,"[('Hungary', 0.649122638064138), ('Austria', 0.3508773619358619)]"
1904-09-01,2,1,0.5,1,0,0,1,1,0.649122638064138,0.4999999999999999,Austria,0.649122638064138,1.849998627676622,"[('Austria', 0.649122638064138), ('Hungary', 0.3508773619358619)]"
1905-01-01,4,2,0.16666666666666666,2,4,2,2,1,0.32456160227748454,0.24999999999999994,France,0.32456160227748454,1.0,"[('France', 0.32456160227748454), ('Netherlands', 0.32456160227748454), ('Switzerland', 0.17543839772251532), ('Belgium', 0.17543839772251532)]"
1905-05-01,5,3,0.15,2,2,1,2,1,0.3109697333312013,0.20000000000000004,Netherlands,0.3109697333312013,1.390538257940448,"[('Netherlands', 0.3109697333312013), ('Belgium', 0.22363263402172362), ('Trinidad and Tobago', 0.22363263402172362), ('France', 0.12088249931267586), ('Guyana', 0.12088249931267586)]"
1906-01-01,3,2,0.3333333333333333,1,0,2,1,2,0.5744685965480859,0.3333333333333333,Belgium,0.5744685965480859,2.7000056488803987,"[('Belgium', 0.5744685965480859), ('France', 0.212765701725957), ('Netherlands', 0.212765701725957)]"
1906-05-01,2,1,0.5,1,0,1,0,1,0.649122638064138,0.4999999999999999,Belgium,0.649122638064138,1.849998627676622,"[('Belgium', 0.649122638064138), ('Netherlands', 0.3508773619358619)]"
1906-09-01,2,1,0.5,1,2,2,1,1,0.649122638064138,0.4999999999999999,Hungary,0.649122638064138,1.849998627676622,"[('Hungary', 0.649122638064138), ('Austria', 0.3508773619358619)]"
1907-01-01,5,3,0.15,2,4,1,3,1,0.27611922133215694,0.2,Hungary,0.27611922133215694,1.2982449447501272,"[('Hungary', 0.27611922133215694), ('France', 0.21268653688869285), ('Netherlands', 0.21268653688869285), ('Belgium', 0.14925385244522876), ('Czechoslovakia', 0.14925385244522876)]"
1907-05-01,4,2,0.16666666666666666,2,1,2,2,3,0.32456160227748454,0.24999999999999994,Austria,0.32456160227748454,1.0,"[('Austria', 0.32456160227748454), ('Belgium', 0.32456160227748454), ('Hungary', 0.17543839772251532), ('Netherlands', 0.17543839772251532)]"
1907-09-01,3,2,0.3333333333333333,1,1,2,2,2,0.47441161634059764,0.3333333333333332,Czechoslovakia,0.47441161634059764,1.390536574672424,"[('Czechoslovakia', 0.47441161634059764), ('Hungary', 0.3411716203526378), ('Austria', 0.1844167633067642)]"
1908-01-01,7,5,0.11904761904761904,3,5,1,5,2,0.24450684242700998,0.14285714285714285,Netherlands,0.24450684242700998,1.1638085962614964,"[('Netherlands', 0.24450684242700998), ('Belgium', 0.21009197149122252), ('France', 0.16960326978104612), ('Switzerland', 0.1219695609253485), ('Hungary', 0.1219695609253485), ('Czechoslovakia', 0.06592939722501222), ('Germany', 0.06592939722501222)]"
1908-05-01,9,7,0.09722222222222222,3,4,2,7,5,0.27718809744131395,0.11111111111111106,England,0.27718809744131395,1.8500076210625438,"[('England', 0.27718809744131395), ('Austria', 0.14983078679541448), ('Netherlands', 0.12184052845396565), ('Sweden', 0.12184052845396565), ('Germany', 0.06586001177106798), ('Hungary', 0.06586001177106798), ('Czechoslovakia', 0.06586001177106798), ('France', 0.06586001177106798), ('Norway', 0.06586001177106798)]"
1908-09-01,5,3,0.15,2,1,5,3,7,0.27611922133215694,0.2,Hungary,0.27611922133215694,1.2982449447501272,"[('Hungary', 0.27611922133215694), ('Belgium', 0.21268653688869285), ('Netherlands', 0.21268653688869285), ('Sweden', 0.14925385244522876), ('Austria', 0.14925385244522876)]"
1909-01-01,4,2,0.16666666666666666,2,2,3,2,3,0.32456160227748454,0.24999999999999994,Germany,0.32456160227748454,1.0,"[('Germany', 0.32456160227748454), ('Netherlands', 0.32456160227748454), ('Switzerland', 0.17543839772251532), ('Belgium', 0.17543839772251532)]"
1909-05-01,5,4,0.2,2,4,3,4,2,0.33322823469491736,0.2,England,0.33322823469491736,1.4250003336498136,"[('England', 0.33322823469491736), ('Belgium', 0.23384432047214274), ('Hungary', 0.1801232171554451), ('France', 0.12640211383874747), ('Austria', 0.12640211383874747)]"
1910-01-01,5,5,0.25,2,3,3,4,3,0.4481091615291597,0.20000000000000004,Netherlands,0.4481091615291597,1.0268528163867539,"[('Netherlands', 0.4481091615291597), ('Belgium', 0.43639083847084065), ('Germany', 0.05550000000000001), ('France', 0.030000000000000006), ('Switzerland', 0.030000000000000006)]"
1910-05-01,9,7,0.09722222222222222,3,6,2,7,5,0.19430630574260602,0.11111111111111108,Austria,0.19430630574260602,1.1991036614882293,"[('Austria', 0.19430630574260602), ('Argentina', 0.16204295923961148), ('Hungary', 0.15686056516198682), ('Belgium', 0.11280504236655337), ('Italy', 0.11280504236655337), ('Uruguay', 0.07825229975863976), ('Chile', 0.06097592845468296), ('Germany', 0.06097592845468296), ('France', 0.06097592845468296)]"
1910-09-01,10,5,0.05555555555555555,5,5,4,4,6,0.12982437432707328,0.1,Argentina,0.12982437432707328,1.0,"[('Argentina', 0.12982437432707328), ('Hungary', 0.12982437432707328), ('Netherlands', 0.12982437432707328), ('Russia', 0.12982437432707328), ('Sweden', 0.12982437432707328), ('Chile', 0.07017562567292675), ('Austria', 0.07017562567292675), ('Germany', 0.07017562567292675), ('Czechoslovakia', 0.07017562567292675), ('Norway', 0.07017562567292675)]"
1911-01-01,7,8,0.19047619047619047,3,4,7,8,5,0.23637039029695145,0.14285714285714285,Netherlands,0.23637039029695145,1.0788004109912517,"[('Netherlands', 0.23637039029695145), ('Belgium', 0.21910483893843108), ('Germany', 0.1820822295729103), ('Switzerland', 0.15523655230587768), ('Hungary', 0.10694466813192818), ('France', 0.050130660376950666), ('Italy', 0.050130660376950666)]"
1911-05-01,6,3,0.1,3,2,3,3,8,0.21637440151832305,0.16666666666666663,Austria,0.21637440151832305,1.0,"[('Austria', 0.21637440151832305), ('Germany', 0.21637440151832305), ('Switzerland', 0.21637440151832305), ('Hungary', 0.11695893181501019), ('Sweden', 0.11695893181501019), ('Italy', 0.11695893181501019)]"
1911-09-01,9,8,0.1111111111111111,3,4,1,8,3,0.22482369557977921,0.11111111111111106,Hungary,0.22482369557977921,1.0807277340708146,"[('Hungary', 0.22482369557977921), ('Sweden', 0.20802991215273806), ('France', 0.12900209057036613), ('Austria', 0.08948817977918017), ('Germany', 0.0697312243835872), ('Luxembourg', 0.0697312243835872), ('Switzerland', 0.0697312243835872), ('Finland', 0.0697312243835872), ('Norway', 0.0697312243835872)]"
1912-01-01,6,5,0.16666666666666666,2,4,7,5,8,0.32014421932888987,0.16666666666666663,France,0.32014421932888987,1.4132325620900152,"[('France', 0.32014421932888987), ('Netherlands', 0.2265332882334892), ('Belgium', 0.14598540145985014), ('Switzerland', 0.10244569699259023), ('Catalonia', 0.10244569699259023), ('Italy', 0.10244569699259023)]"
1912-05-01,7,6,0.14285714285714285,3,6,5,6,5,0.22511531630768408,0.14285714285714285,Sweden,0.22511531630768408,1.134148323073208,"[('Sweden', 0.22511531630768408), ('Hungary', 0.1984884267144952), ('Germany', 0.1738584085005797), ('Norway', 0.1206046293142019), ('Switzerland', 0.09397773972101303), ('Russia', 0.09397773972101303), ('Finland', 0.09397773972101303)]"
1912-09-01,12,7,0.05303030303030303,5,8,3,6,5,0.14433978018415594,0.08333333333333331,Hungary,0.14433978018415594,1.390537549174736,"[('Hungary', 0.14433978018415594), ('Argentina', 0.10380142576503562), ('Austria', 0.10380142576503562), ('Catalonia', 0.10380142576503562), ('Sweden', 0.10380142576503562), ('Denmark', 0.07995513713173995), ('Netherlands', 0.07995513713173995), ('Uruguay', 0.056108848498444275), ('Italy', 0.056108848498444275), ('France', 0.056108848498444275)]"
1913-01-01,8,6,0.10714285714285714,3,3,7,5,6,0.3188157309486116,0.12499999999999999,Belgium,0.3188157309486116,1.371137748703305,"[('Belgium', 0.3188157309486116), ('France', 0.2325191114095706), ('Hungary', 0.12117211013714638), ('Netherlands', 0.06549860950093425), ('Italy', 0.06549860950093425), ('Luxembourg', 0.06549860950093425), ('Switzerland', 0.06549860950093425), ('Austria', 0.06549860950093425)]"
1913-05-01,12,9,0.06818181818181818,3,7,3,9,6,0.15348472563625537,0.08333333333333333,Austria,0.15348472563625537,1.1637980508619432,"[('Austria', 0.15348472563625537), ('Italy', 0.13188261101020066), ('Sweden', 0.11174236657957982), ('Belgium', 0.10646525452556725), ('Denmark', 0.0888761787855574), ('Hungary', 0.0888761787855574), ('Argentina', 0.07656421509956012), ('Switzerland', 0.07656421509956012), ('Uruguay', 0.041386063619540406), ('Norway', 0.041386063619540406)]"
1913-09-01,9,6,0.08333333333333333,4,1,4,4,7,0.17169774276386401,0.11111111111111109,Belgium,0.17169774276386401,1.0,"[('Belgium', 0.17169774276386401), ('Denmark', 0.17169774276386401), ('Argentina', 0.1396224671829948), ('Hungary', 0.1396224671829948), ('Chile', 0.07547191602125641), ('Germany', 0.07547191602125641), ('Switzerland', 0.07547191602125641), ('Sweden', 0.07547191602125641), ('Austria', 0.07547191602125641)]"
1914-01-01,5,4,0.2,2,4,8,4,6,0.2257173875702321,0.2,Netherlands,0.2257173875702321,1.0137502369762343,"[('Netherlands', 0.2257173875702321), ('Italy', 0.22265581731797285), ('Luxembourg', 0.22265581731797285), ('France', 0.18489612178801806), ('Belgium', 0.14407485600580405)]"
1914-05-01,10,6,0.06666666666666667,4,7,2,6,4,0.17064326355276904,0.10000000000000002,Sweden,0.17064326355276904,1.049563574997195,"[('Sweden', 0.17064326355276904), ('Austria', 0.16258497114214837), ('Hungary', 0.11692216023607138), ('Denmark', 0.11692216023607138), ('Italy', 0.11692216023607138), ('Netherlands', 0.06320105691937375), ('France', 0.06320105691937375), ('Switzerland', 0.06320105691937375), ('Finland', 0.06320105691937375), ('Norway', 0.06320105691937375)]"
1914-09-01,6,3,0.1,3,2,6,2,5,0.21637440151832305,0.16666666666666663,Argentina,0.21637440151832305,1.0,"[('Argentina', 0.21637440151832305), ('Hungary', 0.21637440151832305), ('Sweden', 0.21637440151832305), ('Brazil', 0.11695893181501019), ('Austria', 0.11695893181501019), ('Norway', 0.11695893181501019)]"
1915-01-01,4,2,0.16666666666666666,2,4,6,2,3,0.32456160227748454,0.24999999999999994,Basque Country,0.32456160227748454,1.0,"[('Basque Country', 0.32456160227748454), ('Italy', 0.32456160227748454), ('Catalonia', 0.17543839772251532), ('Switzerland', 0.17543839772251532)]"
1915-05-01,6,4,0.13333333333333333,3,4,2,3,1,0.3502607314206761,0.16666666666666666,Austria,0.3502607314206761,1.0,"[('Austria', 0.3502607314206761), ('Hungary', 0.3502607314206761), ('Basque Country', 0.09719926888960273), ('Denmark', 0.09719926888960273), ('Catalonia', 0.0525399996897212), ('Sweden', 0.0525399996897212)]"
1915-09-01,5,5,0.25,2,1,2,2,1,0.36242389722010704,0.2000000000000001,Austria,0.36242389722010704,1.0,"[('Austria', 0.36242389722010704), ('Hungary', 0.36242389722010704), ('Denmark', 0.14331857676744916), ('Sweden', 0.07746929359357904), ('Norway', 0.05436433519875806)]"
1916-05-01,12,10,0.07575757575757576,4,7,0,5,0,0.23551461679022379,0.0833333333333333,Austria,0.23551461679022379,1.0,"[('Austria', 0.23551461679022379), ('Hungary', 0.23551461679022379), ('Brazil', 0.07812257816525521), ('Denmark', 0.07174108388230901), ('Basque Country', 0.0653595895993628), ('United States', 0.056725973211722944), ('Argentina', 0.050344478928776734), ('Uruguay', 0.050344478928776734), ('Sweden', 0.050344478928776734), ('Chile', 0.03532936825819066)]"
1916-09-01,7,5,0.11904761904761904,3,0,5,3,8,0.308554409202544,0.14285714285714282,Argentina,0.308554409202544,1.0,"[('Argentina', 0.308554409202544), ('Uruguay', 0.308554409202544), ('Sweden', 0.1190681381134578), ('Austria', 0.08562688073034345), ('Denmark', 0.08562688073034345), ('Hungary', 0.04628464101038349), ('Norway', 0.04628464101038349)]"
1917-05-01,6,3,0.1,3,2,3,2,4,0.21637440151832305,0.16666666666666663,Denmark,0.21637440151832305,1.0,"[('Denmark', 0.21637440151832305), ('Hungary', 0.21637440151832305), ('Philippines', 0.21637440151832305), ('Norway', 0.11695893181501019), ('Austria', 0.11695893181501019), ('Japan', 0.11695893181501019)]"
1917-09-01,8,7,0.125,3,4,2,5,1,0.18282564421498537,0.125,Denmark,0.18282564421498537,1.0818169964555013,"[('Denmark', 0.18282564421498537), ('Austria', 0.16899867982662592), ('Hungary', 0.16511736893388546), ('Uruguay', 0.12829886776712907), ('Switzerland', 0.1172339046180872), ('Sweden', 0.09882465403470903), ('Norway', 0.06935044030228896), ('Brazil', 0.06935044030228896)]"
1918-01-01,2,1,0.5,1,0,6,0,6,0.649122638064138,0.4999999999999999,Hungary,0.649122638064138,1.849998627676622,"[('Hungary', 0.649122638064138), ('Austria', 0.3508773619358619)]"
1918-05-01,6,6,0.2,2,4,0,5,0,0.26601373001632794,0.1666666666666667,Denmark,0.26601373001632794,1.0,"[('Denmark', 0.26601373001632794), ('Sweden', 0.26601373001632794), ('Norway', 0.26601373001632794), ('Hungary', 0.10519446107083208), ('Austria', 0.056861587526339664), ('Switzerland', 0.03990276135384456)]"
1918-09-01,5,4,0.2,2,0,1,2,4,0.33322823469491736,0.20000000000000004,Denmark,0.33322823469491736,1.4250003336498136,"[('Denmark', 0.33322823469491736), ('Hungary', 0.23384432047214274), ('Norway', 0.1801232171554451), ('Sweden', 0.12640211383874747), ('Austria', 0.12640211383874747)]"
1919-01-01,2,1,0.5,1,0,3,0,3,0.649122638064138,0.4999999999999999,Hungary,0.649122638064138,1.849998627676622,"[('Hungary', 0.649122638064138), ('Austria', 0.3508773619358619)]"
1919-05-01,7,7,0.16666666666666666,2,7,2,7,1,0.24538741515972237,0.14285714285714285,Denmark,0.24538741515972237,1.044338275055093,"[('Denmark', 0.24538741515972237), ('Sweden', 0.23496928248347235), ('Norway', 0.1326423388238561), ('Netherlands', 0.1326423388238561), ('Argentina', 0.12222420614760605), ('Paraguay', 0.06606720928074346), ('Finland', 0.06606720928074346)]"
1919-09-01,7,6,0.14285714285714285,3,3,3,5,6,0.3138024441797256,0.1428571428571428,Austria,0.3138024441797256,1.0,"[('Austria', 0.3138024441797256), ('Hungary', 0.3138024441797256), ('Norway', 0.12409275708674752), ('Uruguay', 0.08708245385152737), ('Sweden', 0.06707696168106568), ('Denmark', 0.04707146951060398), ('Argentina', 0.04707146951060398)]"
1920-01-01,6,5,0.16666666666666666,2,5,6,5,6,0.3004912701426488,0.16666666666666666,France,0.3004912701426488,1.038703790637882,"[('France', 0.3004912701426488), ('Italy', 0.2892944772620047), ('Switzerland', 0.27977946998665093), ('Netherlands', 0.06267645398080182), ('Belgium', 0.03387916431394693), ('Denmark', 0.03387916431394693)]"
1920-05-01,6,5,0.16666666666666666,2,4,4,5,5,0.42710568203466376,0.1666666666666666,Switzerland,0.42710568203466376,1.8500055524365464,"[('Switzerland', 0.42710568203466376), ('Sweden', 0.2308672433291592), ('Finland', 0.08550676865904419), ('Norway', 0.08550676865904419), ('Germany', 0.08550676865904419), ('Netherlands', 0.08550676865904419)]"
1920-09-01,9,7,0.09722222222222222,3,6,3,7,5,0.19368174725167567,0.1111111111111111,Austria,0.19368174725167567,1.1587951761906705,"[('Austria', 0.19368174725167567), ('Finland', 0.16714062263218024), ('Egypt', 0.13591669743752627), ('Germany', 0.1046927722428723), ('Denmark', 0.1046927722428723), ('Hungary', 0.07346884704821832), ('Sweden', 0.07346884704821832), ('Yugoslavia', 0.07346884704821832), ('Estonia', 0.07346884704821832)]"
1921-01-01,12,7,0.05303030303030303,5,10,7,6,6,0.1330406238784554,0.08333333333333327,Italy,0.1330406238784554,1.2297286197731652,"[('Italy', 0.1330406238784554), ('Austria', 0.10818697860589434), ('Catalonia', 0.10818697860589434), ('Guyana', 0.10818697860589434), ('Paraguay', 0.10818697860589434), ('Belgium', 0.08333333333333329), ('Hungary', 0.05847968806077225), ('France', 0.05847968806077225), ('Provence', 0.05847968806077225), ('Suriname', 0.05847968806077225)]"
1921-05-01,14,11,0.06043956043956044,5,10,8,11,7,0.1047178282875962,0.07142857142857142,Austria,0.1047178282875962,1.0,"[('Austria', 0.1047178282875962), ('Norway', 0.1047178282875962), ('Finland', 0.10200824349414894), ('Hungary', 0.08846028791586832), ('Philippines', 0.08846028791586832), ('Scotland', 0.08846028791586832), ('England', 0.0681383545484474), ('Italy', 0.0681383545484474), ('Sweden', 0.04781642118102646), ('Belgium', 0.04781642118102646)]"
1921-09-01,16,10,0.041666666666666664,6,13,11,9,10,0.11244688945458048,0.0625,Costa Rica,0.11244688945458048,1.186812303409703,"[('Costa Rica', 0.11244688945458048), ('Hungary', 0.09474698663935435), ('Denmark', 0.0920923820512427), ('Czechoslovakia', 0.0770470838241282), ('Netherlands', 0.0770470838241282), ('Spain', 0.0770470838241282), ('Uruguay', 0.0770470838241282), ('Norway', 0.05934718100890207), ('El Salvador', 0.04164727819367594), ('Guatemala', 0.04164727819367594)]"
1922-01-01,9,6,0.08333333333333333,4,5,12,6,10,0.20583050588878096,0.11111111111111108,Spain,0.20583050588878096,1.163795800757691,"[('Spain', 0.20583050588878096), ('France', 0.17686135811348924), ('Belgium', 0.1427761532523603), ('Netherlands', 0.10267649381646213), ('Brittany', 0.10267649381646213), ('Germany', 0.10267649381646213), ('Luxembourg', 0.055500833765327585), ('Austria', 0.055500833765327585), ('Denmark', 0.055500833765327585)]"
1922-05-01,20,17,0.04473684210526316,6,15,4,16,5,0.09993973226332674,0.05000000000000001,Romania,0.09993973226332674,1.1335254419606235,"[('Romania', 0.09993973226332674), ('Norway', 0.08816717169617658), ('Yugoslavia', 0.08540266287195852), ('Hungary', 0.0799794732513664), ('Italy', 0.070346348303081), ('Czechoslovakia', 0.06830344734214566), ('Austria', 0.050589557365348974), ('Belgium', 0.050589557365348974), ('Finland', 0.050589557365348974), ('Poland', 0.04505943432845797)]"
1922-09-01,17,9,0.03308823529411765,8,7,10,9,17,0.1095327605027373,0.0588235294117647,Sweden,0.1095327605027373,1.4594544311734188,"[('Sweden', 0.1095327605027373), ('Argentina', 0.07505048336087593), ('Austria', 0.07505048336087593), ('Brazil', 0.07505048336087593), ('Galicia', 0.07505048336087593), ('Poland', 0.07505048336087593), ('Spain', 0.07505048336087593), ('Switzerland', 0.07505048336087593), ('Chile', 0.04056820621901456), ('Hungary', 0.04056820621901456)]"
1923-01-01,17,13,0.04779411764705882,6,11,11,13,9,0.17164071791530583,0.05882352941176469,Guatemala,0.17164071791530583,1.0,"[('Guatemala', 0.17164071791530583), ('Mexico', 0.17164071791530583), ('England', 0.07771442866103036), ('Asturias', 0.06624153652796021), ('Hungary', 0.06624153652796021), ('Belgium', 0.061134307096070546), ('Galicia', 0.047636994035406735), ('Brittany', 0.047636994035406735), ('Switzerland', 0.047636994035406735), ('Italy', 0.047636994035406735)]"
1923-05-01,19,19,0.05555555555555555,6,12,10,19,13,0.14950441163200714,0.0526315789473684,England,0.14950441163200714,1.3061450789179072,"[('England', 0.14950441163200714), ('Sweden', 0.11446233197606655), ('Czechoslovakia', 0.09838821555537143), ('Austria', 0.07002398646553654), ('Yugoslavia', 0.06420475077507082), ('Estonia', 0.052210295594612335), ('Suriname', 0.052210295594612335), ('Finland', 0.04531311762384568), ('Denmark', 0.04021584041415385), ('Germany', 0.04021584041415385)]"
1923-09-01,23,18,0.03557312252964427,8,12,8,18,19,0.08733931313142479,0.04347826086956521,Estonia,0.08733931313142479,1.1633468559406583,"[('Estonia', 0.08733931313142479), ('Finland', 0.07507590078180425), ('Brazil', 0.06352314042158501), ('Norway', 0.06352314042158501), ('Hungary', 0.06117348530221173), ('Poland', 0.06064805713910566), ('Russia', 0.06064805713910566), ('Denmark', 0.059173830333418165), ('Central Spain', 0.04352511037756715), ('Mexico', 0.04352511037756715)]"
1924-01-01,14,10,0.054945054945054944,5,6,15,10,18,0.1613117077801179,0.07142857142857141,Germany,0.1613117077801179,1.1055536495016975,"[('Germany', 0.1613117077801179), ('Switzerland', 0.14591033899876807), ('Austria', 0.09698883133049715), ('Curaçao', 0.07887006122492593), ('France', 0.07887006122492593), ('Spain', 0.07887006122492593), ('Hungary', 0.06075129111935469), ('Italy', 0.04263252101378346), ('Yugoslavia', 0.04263252101378346), ('Aruba', 0.04263252101378346)]"
1924-05-01,23,27,0.0533596837944664,6,17,8,27,10,0.1262942381625388,0.0434782608695652,Australia,0.1262942381625388,1.0,"[('Australia', 0.1262942381625388), ('Canada', 0.1262942381625388), ('Sweden', 0.09241250338363617), ('Poland', 0.06484000997441221), ('Austria', 0.05994731662954786), ('Switzerland', 0.05751721518663738), ('Hungary', 0.04537383148764715), ('Turkey', 0.04230364900270216), ('Egypt', 0.03961919626043414), ('United States', 0.03732047326084309)]"
1924-09-01,21,14,0.03333333333333333,7,11,13,14,27,0.08677190074168181,0.047619047619047616,Spain,0.08677190074168181,1.1193845685003077,"[('Spain', 0.08677190074168181), ('Netherlands', 0.07751750665808643), ('Austria', 0.06663207946866485), ('Argentina', 0.05574665227924328), ('Belgium', 0.05574665227924328), ('Czechoslovakia', 0.05574665227924328), ('South Africa', 0.05574665227924328), ('Russia', 0.05574665227924328), ('Denmark', 0.0538254753549821), ('England', 0.0538254753549821)]"
1925-01-01,12,9,0.06818181818181818,5,4,13,9,14,0.15436399869453213,0.0833333333333333,Switzerland,0.15436399869453213,1.1662270774082837,"[('Switzerland', 0.15436399869453213), ('Austria', 0.13236187161558327), ('Netherlands', 0.12648857872701053), ('Hungary', 0.11245169481312635), ('Jamaica', 0.08666822512209668), ('Turkey', 0.08666822512209668), ('Italy', 0.06675804831963976), ('France', 0.04684787151718285), ('Haiti', 0.04684787151718285), ('Belgium', 0.04684787151718285)]"
1925-05-01,29,26,0.03201970443349754,9,19,2,25,8,0.10493881054013464,0.034482758620689655,Paraguay,0.10493881054013464,1.0,"[('Paraguay', 0.10493881054013464), ('Uruguay', 0.10493881054013464), ('Czechoslovakia', 0.0739868093778625), ('Austria', 0.06851714794474095), ('Russia', 0.050178155645758664), ('Sweden', 0.04654618036941395), ('Turkey', 0.04050755186261226), ('Netherlands', 0.03614645178601896), ('Spain', 0.035822813873551525), ('Estonia', 0.0340828758644027)]"
1925-09-01,17,13,0.04779411764705882,6,3,15,13,26,0.09078627220341273,0.05882352941176468,Catalonia,0.09078627220341273,1.0,"[('Catalonia', 0.09078627220341273), ('Sweden', 0.09078627220341273), ('Germany', 0.08887298674587793), ('Spain', 0.07803743274565211), ('Austria', 0.0652885932878915), ('Czechoslovakia', 0.0652885932878915), ('Netherlands', 0.0652885932878915), ('Poland', 0.0652885932878915), ('United States', 0.0652885932878915), ('Switzerland', 0.06303861016717312)]"
1926-01-01,16,13,0.05416666666666667,5,8,9,13,13,0.10859766332996124,0.0625,Curaçao,0.10859766332996124,1.0726736570519202,"[('Curaçao', 0.10859766332996124), ('France', 0.10124016993987281), ('Italy', 0.08530417175548635), ('Haiti', 0.08365128164529856), ('Jamaica', 0.08365128164529856), ('Germany', 0.08291366873888023), ('Romania', 0.0693681735710999), ('Austria', 0.05343217538671345), ('Netherlands', 0.05343217538671345), ('Hungary', 0.05343217538671345)]"
1926-05-01,24,26,0.04710144927536232,6,14,6,26,13,0.1428575208743956,0.041666666666666664,Austria,0.1428575208743956,1.1857394990874377,"[('Austria', 0.1428575208743956), ('Hungary', 0.12047968460554855), ('Finland', 0.08178294907750158), ('Sweden', 0.0742176782002906), ('Czechoslovakia', 0.07388402450789162), ('Latvia', 0.054429217866073125), ('Poland', 0.04896046843010633), ('Norway', 0.03923306510919708), ('England', 0.03551629167169943), ('Yugoslavia', 0.029713888543333664)]"
1926-09-01,20,16,0.042105263157894736,7,6,10,16,26,0.15598130137406663,0.05,Hungary,0.15598130137406663,1.0193916036507804,"[('Hungary', 0.15598130137406663), ('Spain', 0.15301411235431575), ('Austria', 0.12582202664686776), ('Sweden', 0.06730842964152933), ('Poland', 0.05515473764531591), ('Switzerland', 0.052549838791423935), ('Czechoslovakia', 0.03779124794131855), ('Estonia', 0.03779124794131855), ('Germany', 0.03779124794131855), ('Jamaica', 0.03779124794131855)]"
1927-01-01,12,11,0.08333333333333333,3,3,11,11,16,0.24127232823890693,0.0833333333333333,Czechoslovakia,0.24127232823890693,1.8680705495685201,"[('Czechoslovakia', 0.24127232823890693), ('Italy', 0.12915589740153824), ('Belgium', 0.1163384445713245), ('Hungary', 0.07971326506157553), ('Portugal', 0.07971326506157553), ('Austria', 0.07696569659924515), ('Spain', 0.06140067530670104), ('Netherlands', 0.043088085551826555), ('Sweden', 0.043088085551826555), ('Yugoslavia', 0.043088085551826555)]"
1927-05-01,23,23,0.045454545454545456,6,12,1,22,10,0.14336704546722132,0.043478260869565195,Canada,0.14336704546722132,1.0,"[('Canada', 0.14336704546722132), ('New Zealand', 0.14336704546722132), ('Sweden', 0.08293954753516677), ('Yugoslavia', 0.05807707052694101), ('England', 0.05045889613375916), ('Estonia', 0.04977332900968384), ('Denmark', 0.04497390199908295), ('Italy', 0.04497390199908295), ('Austria', 0.044364356619213674), ('Latvia', 0.030651642711486342)]"
1927-09-01,18,11,0.03594771241830065,7,6,11,11,23,0.09147106470293523,0.05555555555555555,Czechoslovakia,0.09147106470293523,1.0495584406869836,"[('Czechoslovakia', 0.09147106470293523), ('Denmark', 0.08715194996008348), ('Finland', 0.08715194996008348), ('Netherlands', 0.08715194996008348), ('Germany', 0.06267461832001346), ('Latvia', 0.06267461832001346), ('Honduras', 0.06267461832001346), ('Sweden', 0.06267461832001346), ('Turkey', 0.06267461832001346), ('Uruguay', 0.06267461832001346)]"
1928-01-01,16,12,0.05,5,10,12,12,11,0.1209573998287106,0.06250000000000001,Belgium,0.1209573998287106,1.3337454388772323,"[('Belgium', 0.1209573998287106), ('Germany', 0.09069001947668096), ('Austria', 0.08741863523948648), ('Republic of Ireland', 0.08741863523948648), ('France', 0.066622623451629), ('Netherlands', 0.066622623451629), ('Portugal', 0.066622623451629), ('Uganda', 0.066622623451629), ('Switzerland', 0.06432743924436224), ('Romania', 0.05131754120190853)]"
1928-05-01,20,17,0.04473684210526316,5,13,9,17,12,0.11206314908902051,0.05000000000000001,Austria,0.11206314908902051,1.1814689742259168,"[('Austria', 0.11206314908902051), ('Sweden', 0.0948506914135793), ('Poland', 0.06820407438574136), ('England', 0.06345215310302232), ('Belarus', 0.061674450978451076), ('Finland', 0.054103219842344376), ('Ukraine', 0.054103219842344376), ('Yugoslavia', 0.05159853336491691), ('Paraguay', 0.05159853336491691), ('Latvia', 0.05088473520149601)]"
1928-09-01,13,9,0.057692307692307696,4,6,13,9,17,0.18759853710897692,0.07692307692307694,Sweden,0.18759853710897692,1.1676023054332922,"[('Sweden', 0.18759853710897692), ('Czechoslovakia', 0.16066989268178938), ('Germany', 0.12219964270625668), ('El Salvador', 0.08372939273072393), ('Italy', 0.08372939273072393), ('Hungary', 0.04525914275519118), ('Poland', 0.04525914275519118), ('Yugoslavia', 0.04525914275519118), ('Honduras', 0.04525914275519118), ('Denmark', 0.04525914275519118)]"
1929-01-01,14,10,0.054945054945054944,5,10,9,10,9,0.1534805135255537,0.07142857142857141,Spain,0.1534805135255537,1.4763606627167853,"[('Spain', 0.1534805135255537), ('France', 0.10395868530059604), ('Germany', 0.10395868530059604), ('Barbados', 0.08453778443777672), ('Republic of Ireland', 0.08453778443777672), ('Romania', 0.08453778443777672), ('Netherlands', 0.06511688357495739), ('Trinidad and Tobago', 0.045695982712138074), ('Hungary', 0.045695982712138074), ('Portugal', 0.045695982712138074)]"
1929-05-01,20,17,0.04473684210526316,6,14,8,17,10,0.09654960522821786,0.05,Spain,0.09654960522821786,1.0151640784882814,"[('Spain', 0.09654960522821786), ('Germany', 0.09510738931187702), ('England', 0.07834275427052927), ('Sweden', 0.07664502292522167), ('Scotland', 0.06391246429101294), ('Yugoslavia', 0.06391246429101294), ('Argentina', 0.055424091868207126), ('El Salvador', 0.055424091868207126), ('Uganda', 0.055424091868207126), ('Belgium', 0.046935719445401314)]"
1929-09-01,16,11,0.04583333333333333,6,8,12,11,17,0.18236672011882427,0.06249999999999999,Guyana,0.18236672011882427,1.0,"[('Guyana', 0.18236672011882427), ('Trinidad and Tobago', 0.18236672011882427), ('Hungary', 0.0871809734867656), ('Austria', 0.07037911521468115), ('Germany', 0.060495821410697204), ('Czechoslovakia', 0.05061252760671325), ('Italy', 0.05061252760671325), ('Norway', 0.05061252760671325), ('Romania', 0.05061252760671325), ('Estonia', 0.03898526477141005)]"
1930-01-01,12,8,0.06060606060606061,4,6,10,8,11,0.15789426915101645,0.0833333333333333,Italy,0.15789426915101645,1.45945723954633,"[('Italy', 0.15789426915101645), ('Curaçao', 0.10818697860589435), ('Portugal', 0.10818697860589435), ('Yugoslavia', 0.10818697860589435), ('Belgium', 0.08333333333333331), ('Spain', 0.08333333333333331), ('France', 0.058479688060772264), ('Aruba', 0.058479688060772264), ('Germany', 0.058479688060772264), ('Switzerland', 0.058479688060772264)]"
1930-05-01,27,24,0.03418803418803419,6,18,3,24,8,0.0829538580023247,0.037037037037037035,Sweden,0.0829538580023247,1.1604055357931395,"[('Sweden', 0.0829538580023247), ('Brazil', 0.07148695472710372), ('Czechoslovakia', 0.07005947034003349), ('Belgium', 0.050925654331766934), ('Hungary', 0.050925654331766934), ('France', 0.04402763150870275), ('Republic of Ireland', 0.04402763150870275), ('Yugoslavia', 0.041412061846849244), ('Basque Country', 0.041412061846849244), ('Spain', 0.041412061846849244)]"
1930-09-01,15,10,0.047619047619047616,6,3,15,9,23,0.1344709595832529,0.06666666666666667,Denmark,0.1344709595832529,1.19727191707258,"[('Denmark', 0.1344709595832529), ('Germany', 0.11231446897380212), ('Poland', 0.08873432092326161), ('Hungary', 0.08624744977207754), ('Czechoslovakia', 0.07215745719791694), ('Lithuania', 0.07215745719791694), ('Spain', 0.07215745719791694), ('Switzerland', 0.07215745719791694), ('Austria', 0.05558059347257227), ('Sweden', 0.0390037297472276)]"
1931-01-01,17,14,0.051470588235294115,6,12,10,14,10,0.24963458235665542,0.058823529411764705,Guyana,0.24963458235665542,1.0,"[('Guyana', 0.24963458235665542), ('Trinidad and Tobago', 0.24963458235665542), ('Italy', 0.05689263997592834), ('Barbados', 0.04666833405422385), ('Argentina', 0.039924492114978026), ('Basque Country', 0.039924492114978026), ('Curaçao', 0.039924492114978026), ('France', 0.039924492114978026), ('Netherlands', 0.039924492114978026), ('Czechoslovakia', 0.03854883585693533)]"
1931-05-01,21,23,0.05476190476190476,4,14,10,23,14,0.08585223332691873,0.047619047619047616,Yugoslavia,0.08585223332691873,1.096904646769706,"[('Yugoslavia', 0.08585223332691873), ('Austria', 0.07826772689836486), ('France', 0.0755165445209857), ('Belgium', 0.06989668444640763), ('England', 0.0568753765776937), ('Portugal', 0.0568753765776937), ('Finland', 0.05254841955941806), ('Sweden', 0.05254841955941806), ('Netherlands', 0.05026510533144787), ('Romania', 0.04956508534635953)]"
1931-09-01,19,12,0.03508771929824561,7,4,6,11,22,0.10910972082337504,0.0526315789473684,Belgium,0.10910972082337504,1.2675834097867753,"[('Belgium', 0.10910972082337504), ('Hungary', 0.08607695555255711), ('Austria', 0.08201124192679661), ('England', 0.08201124192679661), ('Germany', 0.058978476655978676), ('Poland', 0.058978476655978676), ('Spain', 0.058978476655978676), ('Kenya', 0.058978476655978676), ('Latvia', 0.058978476655978676), ('Netherlands', 0.058978476655978676)]"
1932-01-01,20,15,0.039473684210526314,9,10,9,14,11,0.15494640682577426,0.05,Trinidad and Tobago,0.15494640682577426,1.2982430639746365,"[('Trinidad and Tobago', 0.15494640682577426), ('Guyana', 0.11935084509629347), ('Haiti', 0.11935084509629347), ('Jamaica', 0.11935084509629347), ('Barbados', 0.08375528336681269), ('Austria', 0.046058880630391395), ('Hungary', 0.03312268773330809), ('Bulgaria', 0.03312268773330809), ('Dominica', 0.03312268773330809), ('Germany', 0.03312268773330809)]"
1932-05-01,24,24,0.043478260869565216,7,16,12,24,15,0.1224532491489393,0.041666666666666664,Argentina,0.1224532491489393,1.0,"[('Argentina', 0.1224532491489393), ('Uruguay', 0.1224532491489393), ('Sweden', 0.07812204975286356), ('Poland', 0.06245375312079652), ('Estonia', 0.055838359472821716), ('Austria', 0.05157534916696386), ('Latvia', 0.04407627217888109), ('Belgium', 0.0412130617541119), ('France', 0.03399007278280327), ('Uganda', 0.03399007278280327)]"
1932-09-01,17,14,0.051470588235294115,5,5,12,14,24,0.10854454843280711,0.058823529411764705,England,0.10854454843280711,1.2308988976205837,"[('England', 0.10854454843280711), ('Austria', 0.08818315512560093), ('Poland', 0.07641397765522356), ('Sweden', 0.07427302849694778), ('Germany', 0.06515441785023411), ('Switzerland', 0.06515441785023411), ('Bulgaria', 0.06213886135230003), ('Czechoslovakia', 0.06213886135230003), ('Hungary', 0.06127946029147859), ('Netherlands', 0.06127946029147859)]"
1933-01-01,13,14,0.08974358974358974,3,5,9,14,14,0.11883432081833345,0.07692307692307691,Hungary,0.11883432081833345,1.0212113215462888,"[('Hungary', 0.11883432081833345), ('France', 0.1163660432577245), ('Portugal', 0.11620398510672313), ('Austria', 0.11410628166284287), ('Spain', 0.11396290390298765), ('Czechoslovakia', 0.1121811569947051), ('Argentina', 0.1012856952946464), ('Uruguay', 0.1012856952946464), ('Italy', 0.03241142249428686), ('Switzerland', 0.02347929024049023)]"
1933-05-01,17,15,0.05514705882352941,5,9,5,15,14,0.10195257147860484,0.05882352941176469,Estonia,0.10195257147860484,1.0021717834797697,"[('Estonia', 0.10195257147860484), ('England', 0.10173163239998854), ('Austria', 0.09038424164018752), ('Switzerland', 0.08741231377839773), ('Latvia', 0.07853278521843782), ('Finland', 0.07853278521843782), ('Belgium', 0.07406332533259855), ('Yugoslavia', 0.07056561037199197), ('Czechoslovakia', 0.05074697910379642), ('Spain', 0.05074697910379642)]"
1933-09-01,19,13,0.038011695906432746,7,9,7,12,14,0.16147330044245145,0.05263157894736841,Germany,0.16147330044245145,1.8500092265114345,"[('Germany', 0.16147330044245145), ('Poland', 0.0872824298000621), ('Trinidad and Tobago', 0.08563394486298011), ('Argentina', 0.05980466469079565), ('Austria', 0.05980466469079565), ('Curaçao', 0.05980466469079565), ('England', 0.05980466469079565), ('Estonia', 0.05980466469079565), ('Guyana', 0.043318005625235786), ('Uruguay', 0.032326899581529206)]"
1934-01-01,14,10,0.054945054945054944,5,7,12,10,13,0.22262300382102662,0.07142857142857142,Bulgaria,0.22262300382102662,1.0,"[('Bulgaria', 0.22262300382102662), ('Yugoslavia', 0.22262300382102662), ('Martinique', 0.06178322218362793), ('Spain', 0.06178322218362793), ('Czechoslovakia', 0.05362202911390407), ('Switzerland', 0.05362202911390407), ('Austria', 0.0475896982081162), ('France', 0.0475896982081162), ('Germany', 0.0475896982081162), ('Netherlands', 0.0475896982081162)]"
1934-05-01,18,12,0.0392156862745098,7,12,8,12,10,0.10887051724725992,0.05555555555555555,Lithuania,0.10887051724725992,1.459456568164011,"[('Lithuania', 0.10887051724725992), ('Argentina', 0.07459661330259282), ('Curaçao', 0.07459661330259282), ('France', 0.07459661330259282), ('Yugoslavia', 0.06888429597848164), ('Catalonia', 0.057459661330259273), ('Czechoslovakia', 0.057459661330259273), ('Hungary', 0.057459661330259273), ('Denmark', 0.0517473440061481), ('Sweden', 0.0517473440061481)]"
1934-09-01,15,11,0.05238095238095238,5,4,7,10,11,0.13222613802117858,0.06666666666666668,England,0.13222613802117858,1.083582948575302,"[('England', 0.13222613802117858), ('Germany', 0.12202677994797712), ('Italy', 0.10674244065178168), ('Hungary', 0.0767637907245074), ('Netherlands', 0.0767637907245074), ('Czechoslovakia', 0.05912873776731827), ('France', 0.05912873776731827), ('Poland', 0.05325038678158856), ('Lithuania', 0.05325038678158856), ('Sweden', 0.05325038678158856)]"
1935-01-01,11,9,0.08181818181818182,4,6,10,9,11,0.22899664776798373,0.09090909090909091,Germany,0.22899664776798373,2.037611950301176,"[('Germany', 0.22899664776798373), ('Curaçao', 0.1123848177932683), ('Uganda', 0.1123848177932683), ('Netherlands', 0.08656690371760976), ('Italy', 0.07796093235905692), ('Spain', 0.07796093235905692), ('Aruba', 0.06074898964195123), ('Belgium', 0.06074898964195123), ('France', 0.06074898964195123), ('Switzerland', 0.06074898964195123)]"
1935-05-01,29,23,0.02832512315270936,8,20,2,21,7,0.10155336044690899,0.034482758620689655,Sweden,0.10155336044690899,1.1343313593798516,"[('Sweden', 0.10155336044690899), ('Germany', 0.08952706773656426), ('Spain', 0.05660411952211577), ('Suriname', 0.05373541259194958), ('France', 0.05343017410687405), ('England', 0.04773241788208893), ('Curaçao', 0.04138832862577462), ('Trinidad and Tobago', 0.04138832862577462), ('Hungary', 0.041029413925013865), ('Argentina', 0.034326409967938815)]"
1935-09-01,21,18,0.04285714285714286,5,5,13,18,23,0.10657448666267506,0.04761904761904761,England,0.10657448666267506,1.0806263741440272,"[('England', 0.10657448666267506), ('Germany', 0.09862288133314677), ('Hungary', 0.09252922278574914), ('Switzerland', 0.08209948551694829), ('Curaçao', 0.07784098832119594), ('Netherlands', 0.061408342549224754), ('Sweden', 0.05727654934676151), ('Belgium', 0.04708635227235226), ('France', 0.04708635227235226), ('Trinidad and Tobago', 0.04207619861726714)]"
1936-01-01,18,17,0.05555555555555555,5,6,9,15,16,0.2237485636527879,0.055555555555555546,Trinidad and Tobago,0.2237485636527879,1.0495997582360561,"[('Trinidad and Tobago', 0.2237485636527879), ('Curaçao', 0.21317512880225586), ('Hungary', 0.09531844177017582), ('Austria', 0.042542606460895235), ('Germany', 0.042542606460895235), ('Suriname', 0.042542606460895235), ('Netherlands', 0.04205394172693604), ('Czechoslovakia', 0.03553840704729257), ('Italy', 0.03276930444143005), ('Republic of Ireland', 0.03276930444143005)]"
1936-05-01,20,14,0.03684210526315789,8,13,11,14,17,0.10540337749545967,0.05000000000000001,Switzerland,0.10540337749545967,1.1633503943647587,"[('Switzerland', 0.10540337749545967), ('Norway', 0.09060329373336794), ('Latvia', 0.07485040780735669), ('Sweden', 0.0731912424935485), ('Spain', 0.0731912424935485), ('Argentina', 0.052526518607329674), ('Egypt', 0.052526518607329674), ('Italy', 0.052526518607329674), ('Republic of Ireland', 0.052526518607329674), ('Romania', 0.052526518607329674)]"
1936-09-01,15,12,0.05714285714285714,4,6,11,12,14,0.14757967308178827,0.06666666666666667,England,0.14757967308178827,1.1339334995084405,"[('England', 0.14757967308178827), ('Hungary', 0.13014843740463083), ('Germany', 0.08407185535414413), ('France', 0.08171521109756355), ('Republic of Ireland', 0.07268393998962172), ('Scotland', 0.07268393998962172), ('Uruguay', 0.06836595739484107), ('Denmark', 0.05266005943553801), ('Yugoslavia', 0.05266005943553801), ('Italy', 0.05266005943553801)]"
1937-01-01,10,10,0.1111111111111111,3,7,12,9,11,0.19412593021646532,0.10000000000000002,Belgium,0.19412593021646532,1.0608432437671411,"[('Belgium', 0.19412593021646532), ('Germany', 0.18299209742535408), ('Netherlands', 0.157270470651139), ('Switzerland', 0.12960870630940524), ('Trinidad and Tobago', 0.07379492960492237), ('Austria', 0.06044908182593518), ('Suriname', 0.06044908182593518), ('France', 0.04710323404694798), ('Luxembourg', 0.04710323404694798), ('Guyana', 0.04710323404694798)]"
1937-05-01,24,21,0.03804347826086957,6,19,5,21,10,0.10271524036871393,0.041666666666666664,Estonia,0.10271524036871393,1.2885999941674924,"[('Estonia', 0.10271524036871393), ('Czechoslovakia', 0.07971072546455638), ('Germany', 0.06779357829314284), ('Romania', 0.06619317338481202), ('Basque Country', 0.06423651859275087), ('England', 0.06423651859275087), ('Republic of Ireland', 0.057122399191966926), ('Uganda', 0.046451220090791015), ('Yugoslavia', 0.046451220090791015), ('Netherlands', 0.03578004098961512)]"
1937-09-01,20,14,0.03684210526315789,7,7,11,14,21,0.08172989190083682,0.05000000000000001,France,0.08172989190083682,1.0241897424993598,"[('France', 0.08172989190083682), ('Czechoslovakia', 0.07979956106706264), ('Poland', 0.07979956106706264), ('Basque Country', 0.07786923023328846), ('England', 0.06418507643965822), ('Scotland', 0.06418507643965822), ('Mexico', 0.05600002738956367), ('Latvia', 0.05600002738956367), ('El Salvador', 0.05600002738956367), ('Germany', 0.05600002738956367)]"
1938-01-01,17,12,0.04411764705882353,6,10,13,11,13,0.18780826340420742,0.058823529411764705,Dominica,0.18780826340420742,1.0,"[('Dominica', 0.18780826340420742), ('Saint Lucia', 0.18780826340420742), ('Portugal', 0.0862498305132576), ('France', 0.06409727817947163), ('Haiti', 0.05212300311832912), ('Mexico', 0.05212300311832912), ('Trinidad and Tobago', 0.05212300311832912), ('Germany', 0.04014872805718661), ('Hungary', 0.04014872805718661), ('Netherlands', 0.04014872805718661)]"
1938-05-01,31,26,0.02795698924731183,9,24,10,26,12,0.08765723490192377,0.032258064516129024,Italy,0.08765723490192377,1.3199414305157817,"[('Italy', 0.08765723490192377), ('Belgium', 0.06640994280153077), ('Czechoslovakia', 0.06250937527459965), ('Switzerland', 0.05757303325490682), ('England', 0.04717620373548385), ('Scotland', 0.04494879683892853), ('Suriname', 0.03778451020664895), ('Sweden', 0.03682194114960744), ('Curaçao', 0.03674287926353452), ('Argentina', 0.03232456042295023)]"
1938-09-01,25,19,0.03166666666666667,9,6,12,18,25,0.11402644341234411,0.039999999999999994,Australia,0.11402644341234411,1.0,"[('Australia', 0.11402644341234411), ('India', 0.11402644341234411), ('Basque Country', 0.11402644341234411), ('Mexico', 0.11402644341234411), ('Italy', 0.045096741538283164), ('England', 0.044006341978803175), ('Republic of Ireland', 0.035403083182777816), ('Argentina', 0.03164665356450513), ('Norway', 0.03164665356450513), ('Finland', 0.03164665356450513)]"
1939-01-01,18,14,0.0457516339869281,6,11,18,13,18,0.10114139551512139,0.05555555555555555,Belgium,0.10114139551512139,1.0422986148655393,"[('Belgium', 0.10114139551512139), ('Germany', 0.09703687031011647), ('Brittany', 0.08910552230980272), ('Netherlands', 0.08461986390589152), ('Luxembourg', 0.07045611869476497), ('Italy', 0.07045611869476497), ('Switzerland', 0.06646743922293015), ('Chile', 0.054050432818705196), ('Dominica', 0.054050432818705196), ('France', 0.054050432818705196)]"
1939-05-01,24,27,0.04891304347826087,5,14,8,27,14,0.09742699064471638,0.04166666666666666,Slovakia,0.09742699064471638,1.0715230732053678,"[('Slovakia', 0.09742699064471638), ('Germany', 0.09092383830174748), ('Norway', 0.07367814382928427), ('Italy', 0.07330634343275777), ('Sweden', 0.06298727665157387), ('Yugoslavia', 0.05305888952276036), ('Denmark', 0.0520021757559258), ('France', 0.0458201077734001), ('Switzerland', 0.0458201077734001), ('Romania', 0.043734370564265726)]"
1939-09-01,14,11,0.06043956043956044,5,5,15,11,27,0.18652372597863662,0.07142857142857141,Hungary,0.18652372597863662,1.2514244851761869,"[('Hungary', 0.18652372597863662), ('Germany', 0.14904912616631127), ('Japan', 0.11336143200311496), ('Latvia', 0.07767373783991868), ('Uganda', 0.07767373783991868), ('Switzerland', 0.05982989075832052), ('Bulgaria', 0.041986043676722366), ('Italy', 0.041986043676722366), ('Slovakia', 0.041986043676722366), ('Yugoslavia', 0.041986043676722366)]"
1940-01-01,19,12,0.03508771929824561,8,12,7,11,10,0.09882194591747974,0.05263157894736841,Netherlands,0.09882194591747974,1.298281559778541,"[('Netherlands', 0.09882194591747974), ('Belgium', 0.07611749945392172), ('Luxembourg', 0.07611749945392172), ('France', 0.06312272250860586), ('Israel', 0.06312272250860586), ('Italy', 0.06312272250860586), ('Uganda', 0.06312272250860586), ('Yugoslavia', 0.06312272250860586), ('Argentina', 0.05345529639886448), ('Croatia', 0.05345529639886448)]"
1940-05-01,18,13,0.042483660130718956,6,11,12,13,12,0.17128907695778897,0.055555555555555546,Argentina,0.17128907695778897,1.0,"[('Argentina', 0.17128907695778897), ('Uruguay', 0.17128907695778897), ('Japan', 0.09122411350397558), ('Lithuania', 0.06610553820085138), ('Hungary', 0.058460423202925535), ('Italy', 0.05682236565171345), ('Estonia', 0.04753919310257551), ('Slovakia', 0.04753919310257551), ('Sweden', 0.04753919310257551), ('Germany', 0.0366179630022255)]"
1940-09-01,10,8,0.08888888888888889,4,2,10,7,12,0.22116167595212616,0.10000000000000002,Romania,0.22116167595212616,1.0783856145827786,"[('Romania', 0.22116167595212616), ('Yugoslavia', 0.20508589224615387), ('Germany', 0.18617748692149905), ('Lithuania', 0.08664841479429554), ('Sweden', 0.06674260036885486), ('Bulgaria', 0.04683678594341416), ('Denmark', 0.04683678594341416), ('Finland', 0.04683678594341416), ('Slovakia', 0.04683678594341416), ('Latvia', 0.04683678594341416)]"
1941-01-01,14,9,0.04945054945054945,6,13,9,9,8,0.26951874879180543,0.07142857142857142,Germany,0.26951874879180543,1.0495399492273487,"[('Germany', 0.26951874879180543), ('Switzerland', 0.25679703663516573), ('Argentina', 0.07479224447726271), ('Curaçao', 0.05124653785758919), ('Kenya', 0.05124653785758919), ('Martinique', 0.05124653785758919), ('Spain', 0.05124653785758919), ('Chile', 0.027700831237915655), ('Peru', 0.027700831237915655), ('Aruba', 0.027700831237915655)]"
1941-05-01,6,4,0.13333333333333333,2,5,13,4,9,0.26673282688236644,0.16666666666666663,Germany,0.26673282688236644,1.0495653229363344,"[('Germany', 0.26673282688236644), ('Iran', 0.25413647064494926), ('India', 0.1827613118742548), ('Croatia', 0.09878979686614309), ('Romania', 0.09878979686614309), ('Afghanistan', 0.09878979686614309)]"
1941-09-01,12,9,0.06818181818181818,4,9,3,9,4,0.17298456958667574,0.08333333333333333,Denmark,0.17298456958667574,1.2054319791778236,"[('Denmark', 0.17298456958667574), ('Sweden', 0.1435042147335941), ('Germany', 0.10881738071963495), ('Martinique', 0.09436514530832713), ('Hungary', 0.07268679219136535), ('Spain', 0.07268679219136535), ('Croatia', 0.06546067448571144), ('Romania', 0.06546067448571144), ('Slovakia', 0.0510084390744036), ('Finland', 0.0510084390744036)]"
1942-01-01,9,8,0.1111111111111111,3,5,8,8,9,0.19988650885002524,0.11111111111111109,Portugal,0.19988650885002524,1.2293324711941434,"[('Portugal', 0.19988650885002524), ('Italy', 0.1625975995377885), ('Switzerland', 0.1625975995377885), ('Cuba', 0.11410357294092754), ('Germany', 0.08789067974453157), ('Spain', 0.08789067974453157), ('Puerto Rico', 0.061677786548135605), ('Croatia', 0.061677786548135605), ('France', 0.061677786548135605)]"
1942-05-01,16,11,0.04583333333333333,6,14,7,11,8,0.14279160671135346,0.0625,Japan,0.14279160671135346,1.1359993064961178,"[('Japan', 0.14279160671135346), ('Germany', 0.12569691362909424), ('Croatia', 0.08894380125236451), ('Kenya', 0.07441283438231644), ('Latvia', 0.07441283438231644), ('Sweden', 0.07441283438231644), ('Slovakia', 0.057318141300057183), ('Bulgaria', 0.04022344821779793), ('Hungary', 0.04022344821779793), ('Romania', 0.04022344821779793)]"
1942-09-01,7,8,0.19047619047619047,2,1,10,6,9,0.2539841847454402,0.14285714285714285,Switzerland,0.2539841847454402,1.0056496797740764,"[('Switzerland', 0.2539841847454402), ('Sweden', 0.25255731678102744), ('Germany', 0.21157231469613488), ('Hungary', 0.1472524528167133), ('Croatia', 0.05601555262539788), ('Slovakia', 0.03930908916764314), ('Denmark', 0.03930908916764314)]"
1943-01-01,7,4,0.09523809523809523,3,4,4,3,7,0.23128825173196232,0.14285714285714285,Switzerland,0.23128825173196232,1.3905431537749233,"[('Switzerland', 0.23128825173196232), ('Argentina', 0.16632943113205906), ('Croatia', 0.16632943113205906), ('Uganda', 0.16632943113205906), ('Uruguay', 0.08990781829062017), ('Slovakia', 0.08990781829062017), ('Kenya', 0.08990781829062017)]"
1943-05-01,5,4,0.2,2,4,6,4,4,0.2875654237888404,0.20000000000000004,Hungary,0.2875654237888404,1.0288303642589944,"[('Hungary', 0.2875654237888404), ('Denmark', 0.27950713137821975), ('Sweden', 0.1801232171554451), ('Bulgaria', 0.1264021138387475), ('Switzerland', 0.1264021138387475)]"
1943-09-01,7,6,0.14285714285714285,3,5,3,6,4,0.2688994262576708,0.14285714285714285,Hungary,0.2688994262576708,1.0495511510505688,"[('Hungary', 0.2688994262576708), ('Sweden', 0.2562042126184233), ('Guyana', 0.18424689083371718), ('Suriname', 0.18424689083371718), ('Curaçao', 0.05112851220635652), ('Aruba', 0.02763703362505758), ('Finland', 0.02763703362505758)]"
1944-01-01,8,6,0.10714285714285714,3,6,5,5,5,0.16228046790884154,0.12499999999999997,Croatia,0.16228046790884154,1.0,"[('Croatia', 0.16228046790884154), ('Curaçao', 0.16228046790884154), ('Trinidad and Tobago', 0.16228046790884154), ('Venezuela', 0.16228046790884154), ('Slovakia', 0.0877195320911584), ('Aruba', 0.0877195320911584), ('Haiti', 0.0877195320911584), ('Barbados', 0.0877195320911584)]"
1944-05-01,5,5,0.25,2,3,6,4,5,0.34783425062171786,0.2000000000000001,Curaçao,0.34783425062171786,1.0247873628175166,"[('Curaçao', 0.34783425062171786), ('Aruba', 0.3394209015862509), ('Suriname', 0.1880183458727082), ('Brazil', 0.08096281920372521), ('Uruguay', 0.04376368271559834)]"
1944-09-01,10,7,0.07777777777777778,4,7,2,6,4,0.16441692870573757,0.10000000000000002,Trinidad and Tobago,0.16441692870573757,1.0297412003847664,"[('Trinidad and Tobago', 0.16441692870573757), ('Curaçao', 0.15966820463656559), ('Aruba', 0.11482503908858867), ('France', 0.11482503908858867), ('Kenya', 0.11482503908858867), ('Guyana', 0.08317041569063054), ('Suriname', 0.06206733342532514), ('Belgium', 0.06206733342532514), ('Barbados', 0.06206733342532514), ('Uganda', 0.06206733342532514)]"
1945-01-01,5,3,0.15,2,2,7,3,7,0.3576163319986344,0.2,Uganda,0.3576163319986344,1.4594605015022188,"[('Uganda', 0.3576163319986344), ('Switzerland', 0.24503323771389554), ('France', 0.1324501434291567), ('Kenya', 0.1324501434291567), ('Tanzania', 0.1324501434291567)]"
1945-05-01,18,11,0.03594771241830065,7,15,2,10,2,0.12572339853291256,0.055555555555555566,Sweden,0.12572339853291256,1.504402658707178,"[('Sweden', 0.12572339853291256), ('Switzerland', 0.08357031131609013), ('Denmark', 0.06795834871876315), ('Hungary', 0.06795834871876315), ('Lithuania', 0.06795834871876315), ('Luxembourg', 0.06795834871876315), ('Suriname', 0.06795834871876315), ('Uganda', 0.06795834871876315), ('Spain', 0.05234638612143615), ('Norway', 0.03673442352410916)]"
1945-09-01,19,14,0.04093567251461988,7,7,6,10,7,0.1585997296541624,0.05263157894736841,Estonia,0.1585997296541624,1.0,"[('Estonia', 0.1585997296541624), ('Lithuania', 0.1585997296541624), ('Switzerland', 0.09430157311231273), ('Sweden', 0.08294995410794312), ('Wales', 0.06120875186320657), ('Aruba', 0.04401773492717653), ('England', 0.04401773492717653), ('Hungary', 0.04401773492717653), ('Suriname', 0.04401773492717653), ('Austria', 0.03390549802292601)]"
1946-01-01,10,7,0.07777777777777778,4,5,14,7,14,0.16728731572668284,0.10000000000000005,Scotland,0.16728731572668284,1.1193646515167344,"[('Scotland', 0.16728731572668284), ('Portugal', 0.14944845319173625), ('England', 0.1284616173617248), ('Austria', 0.10747478153171332), ('France', 0.10747478153171332), ('Belgium', 0.08278467440644623), ('Netherlands', 0.08278467440644623), ('Hungary', 0.058094567281179135), ('Luxembourg', 0.058094567281179135), ('Czechoslovakia', 0.058094567281179135)]"
1946-05-01,25,20,0.03333333333333333,8,16,1,20,7,0.1383743256355596,0.04,Norway,0.1383743256355596,1.1671034649171317,"[('Norway', 0.1383743256355596), ('Denmark', 0.11856217532983217), ('Luxembourg', 0.07912531429846632), ('France', 0.05975665417062176), ('Curaçao', 0.05356773978083329), ('Portugal', 0.05227255988178215), ('Albania', 0.03759135640957016), ('Netherlands', 0.03759135640957016), ('Republic of Ireland', 0.03759135640957016), ('Yugoslavia', 0.03759135640957016)]"
1946-09-01,22,19,0.04112554112554113,7,8,11,17,18,0.12495914600383681,0.04545454545454545,Aruba,0.12495914600383681,1.0,"[('Aruba', 0.12495914600383681), ('Curaçao', 0.12495914600383681), ('Guyana', 0.12495914600383681), ('Suriname', 0.12495914600383681), ('England', 0.05061534545064543), ('Kenya', 0.05061534545064543), ('Czechoslovakia', 0.04205059935230042), ('Hungary', 0.03866441309335968), ('Denmark', 0.034680768974264434), ('Panama', 0.034680768974264434)]"
1947-01-01,15,10,0.047619047619047616,6,9,16,10,19,0.11669512027165349,0.06666666666666664,Trinidad and Tobago,0.11669512027165349,1.2982826912775562,"[('Trinidad and Tobago', 0.11669512027165349), ('Curaçao', 0.08988421478285391), ('Jamaica', 0.08988421478285391), ('France', 0.08909425755892919), ('Italy', 0.07453881044925328), ('Mauritius', 0.07453881044925328), ('Netherlands', 0.07453881044925328), ('Suriname', 0.07453881044925328), ('Portugal', 0.05741508358774688), ('Republic of Ireland', 0.05741508358774688)]"
1947-05-01,29,26,0.03201970443349754,8,19,5,25,9,0.15818194936799304,0.03448275862068965,England,0.15818194936799304,1.0008069510977233,"[('England', 0.15818194936799304), ('France', 0.15805440719061056), ('Switzerland', 0.14372985703567423), ('South Africa', 0.09016444887648477), ('Australia', 0.0859109237360356), ('Sweden', 0.04064406518120224), ('Norway', 0.027646922543557672), ('Belgium', 0.023839678740946592), ('Italy', 0.023839678740946592), ('Czechoslovakia', 0.019769866399812323)]"
1947-09-01,33,26,0.02462121212121212,10,18,14,26,26,0.131566808196094,0.03030303030303031,Czechoslovakia,0.131566808196094,1.0268415292998045,"[('Czechoslovakia', 0.131566808196094), ('Austria', 0.12812766570301107), ('Italy', 0.12406785485035249), ('Guyana', 0.042188829027914564), ('Uganda', 0.041918506085364154), ('Suriname', 0.03615495610059009), ('England', 0.036049462746605844), ('Trinidad and Tobago', 0.03114191831703384), ('Netherlands', 0.02708320512223946), ('Catalonia', 0.022658636439886894)]"
1948-01-01,14,8,0.04395604395604396,7,3,22,8,26,0.21904669044847516,0.07142857142857142,Suriname,0.21904669044847516,1.0,"[('Suriname', 0.21904669044847516), ('Trinidad and Tobago', 0.21904669044847516), ('Austria', 0.060791176987884055), ('Italy', 0.060791176987884055), ('Scotland', 0.060791176987884055), ('Silesia', 0.060791176987884055), ('Spain', 0.060791176987884055), ('Turkey', 0.060791176987884055), ('Switzerland', 0.03285992619595755), ('France', 0.03285992619595755)]"
1948-05-01,31,22,0.023655913978494623,10,21,4,22,8,0.08642225709450083,0.03225806451612903,Netherlands,0.08642225709450083,1.499048120775791,"[('Netherlands', 0.08642225709450083), ('Belgium', 0.05765142285744327), ('Mauritius', 0.05180509359110979), ('Sweden', 0.05055242168153649), ('Zimbabwe', 0.05055242168153649), ('France', 0.044706092415203), ('Austria', 0.03635441932972291), ('Denmark', 0.03635441932972291), ('England', 0.03635441932972291), ('Ethiopia', 0.03635441932972291)]"
1948-09-01,27,22,0.03133903133903134,9,17,21,22,22,0.10173547498277971,0.037037037037037035,Guadeloupe,0.10173547498277971,1.4226771724322125,"[('Guadeloupe', 0.10173547498277971), ('Martinique', 0.07150988077558909), ('Uganda', 0.06843971851263142), ('Haiti', 0.05203015561424943), ('England', 0.05144245538239555), ('Hungary', 0.05144245538239555), ('Suriname', 0.04060629909153772), ('Jamaica', 0.037684188611683), ('Trinidad and Tobago', 0.037684188611683), ('Australia', 0.03699424699458512)]"
1949-01-01,15,10,0.047619047619047616,6,10,22,9,21,0.201973925977741,0.06666666666666667,Haiti,0.201973925977741,1.0,"[('Haiti', 0.201973925977741), ('Trinidad and Tobago', 0.201973925977741), ('Italy', 0.08180680425868839), ('China PR', 0.07794394757941944), ('Austria', 0.05605272366762383), ('Belgium', 0.05605272366762383), ('South Korea', 0.05605272366762383), ('Netherlands', 0.04317568337209156), ('Scotland', 0.04317568337209156), ('Turkey', 0.030298643076559283)]"
1949-05-01,42,35,0.02032520325203252,12,33,6,35,10,0.07592924958565504,0.023809523809523805,El Salvador,0.07592924958565504,1.0,"[('El Salvador', 0.07592924958565504), ('Panama', 0.07592924958565504), ('Trinidad and Tobago', 0.05937384921657398), ('Jamaica', 0.04504373618330947), ('Spain', 0.04178165870922677), ('Netherlands', 0.04175320697405735), ('Dominican Republic', 0.03632015289486281), ('Sweden', 0.03381189431841642), ('Turkey', 0.03004678381402382), ('Cuba', 0.029320275753057033)]"
1949-09-01,31,25,0.026881720430107527,9,12,23,25,35,0.08025039249378488,0.032258064516129024,Hungary,0.08025039249378488,1.4465393172840928,"[('Hungary', 0.08025039249378488), ('Czechoslovakia', 0.05547750519803128), ('Wales', 0.053552693552982436), ('Haiti', 0.0481223374468376), ('Republic of Ireland', 0.0469584852545096), ('Tanzania', 0.0469584852545096), ('Poland', 0.04378779442443668), ('Bulgaria', 0.04183018433466164), ('France', 0.04183018433466164), ('Belgium', 0.04152812914836477)]"
1950-01-01,23,16,0.03162055335968379,10,14,22,14,23,0.12765163534364796,0.043478260869565216,Guyana,0.12765163534364796,1.0,"[('Guyana', 0.12765163534364796), ('Trinidad and Tobago', 0.12765163534364796), ('Chile', 0.09511635931571957), ('Bolivia', 0.05957812630948886), ('Uruguay', 0.05957812630948886), ('Italy', 0.04927044430853306), ('Paraguay', 0.0444738326621192), ('Belgium', 0.035432410715600285), ('Croatia', 0.035432410715600285), ('Egypt', 0.035432410715600285)]"
1950-05-01,32,24,0.024193548387096774,10,22,13,24,16,0.12164987403769513,0.03125,Australia,0.12164987403769513,1.0363444650541347,"[('Australia', 0.12164987403769513), ('South Africa', 0.11738362884134342), ('Guyana', 0.09312997996348635), ('Suriname', 0.09312997996348635), ('England', 0.05285780796821335), ('Austria', 0.035937016107879347), ('Belgium', 0.031781015257651764), ('Yugoslavia', 0.031781015257651764), ('Hungary', 0.025843898683563685), ('Ghana', 0.025843898683563685)]"
1950-09-01,35,31,0.026050420168067228,10,15,12,29,22,0.09278415837965205,0.028571428571428567,Israel,0.09278415837965205,1.0,"[('Israel', 0.09278415837965205), ('Turkey', 0.09278415837965205), ('Hungary', 0.060351625629169896), ('Trinidad and Tobago', 0.056138505209123335), ('Austria', 0.047656988642112194), ('Tanzania', 0.047656988642112194), ('Yugoslavia', 0.037596239765471114), ('Czechoslovakia', 0.03582106003538295), ('Germany', 0.03414426855594277), ('Suriname', 0.03377258683390989)]"
1951-01-01,15,9,0.04285714285714286,7,8,28,8,30,0.21207888900056596,0.06666666666666668,Barbados,0.21207888900056596,1.0,"[('Barbados', 0.21207888900056596), ('Grenada', 0.21207888900056596), ('France', 0.05885690294747035), ('Italy', 0.05885690294747035), ('Martinique', 0.05885690294747035), ('Netherlands', 0.05885690294747035), ('Zimbabwe', 0.05885690294747035), ('Germany', 0.04533565178188132), ('Spain', 0.04533565178188132), ('Yugoslavia', 0.0318144006162923)]"
1951-05-01,28,25,0.03306878306878307,7,19,6,25,9,0.0987165008217657,0.03571428571428571,Barbados,0.0987165008217657,1.0,"[('Barbados', 0.0987165008217657), ('Jamaica', 0.0987165008217657), ('Norway', 0.06752849865680946), ('England', 0.06513928151232791), ('Austria', 0.05416086620326942), ('Argentina', 0.051799805084172895), ('Yugoslavia', 0.04980869775302471), ('Iceland', 0.047204296677508036), ('Scotland', 0.04629095267688234), ('Republic of Ireland', 0.04351310214304809)]"
1951-09-01,34,26,0.023172905525846704,12,20,14,25,24,0.14100328272751947,0.029411764705882353,New Zealand,0.14100328272751947,1.0772704372233743,"[('New Zealand', 0.14100328272751947), ('New Caledonia', 0.1308894014496029), ('Haiti', 0.07348452710970108), ('Jamaica', 0.07348452710970108), ('Republic of Ireland', 0.06357636932493171), ('Germany', 0.061827801596270424), ('Tanzania', 0.037725244980953664), ('Austria', 0.028355936449103867), ('Hungary', 0.02507667492861578), ('Belgium', 0.02039202066269088)]"
1952-01-01,21,15,0.03571428571428571,7,11,24,11,22,0.09083019656905883,0.04761904761904761,Austria,0.09083019656905883,1.0340194999717962,"[('Austria', 0.09083019656905883), ('Curaçao', 0.08784186040160394), ('Belgium', 0.07442820247291318), ('Aruba', 0.0709136245584445), ('Sweden', 0.0709136245584445), ('Suriname', 0.05099705254783014), ('France', 0.05099705254783014), ('Germany', 0.05099705254783014), ('Guadeloupe', 0.05099705254783014), ('India', 0.05099705254783014)]"
1952-05-01,29,26,0.03201970443349754,7,23,15,26,15,0.10698215408419108,0.034482758620689655,Russia,0.10698215408419108,1.0282158405599946,"[('Russia', 0.10698215408419108), ('Hungary', 0.10404639752089956), ('Finland', 0.07586441479595603), ('England', 0.06793746596893649), ('Sweden', 0.04888987689239478), ('Mauritius', 0.04888987689239478), ('Romania', 0.039563133649971945), ('Switzerland', 0.03430860814121647), ('France', 0.03430860814121647), ('Haiti', 0.03430860814121647)]"
1952-09-01,29,25,0.03078817733990148,8,15,15,25,26,0.0971223049707346,0.03448275862068965,Zambia,0.0971223049707346,1.0,"[('Zambia', 0.0971223049707346), ('Zimbabwe', 0.0971223049707346), ('England', 0.09005036273416994), ('Belgium', 0.08879413668909672), ('France', 0.0800295243595967), ('Germany', 0.055144667489410694), ('Uganda', 0.048161032841955054), ('Argentina', 0.03934977609405721), ('New Zealand', 0.03934977609405721), ('Yugoslavia', 0.03315579968937013)]"
1953-01-01,21,15,0.03571428571428571,7,12,20,12,22,0.1342110030447201,0.04761904761904761,South Korea,0.1342110030447201,2.0113101881212625,"[('South Korea', 0.1342110030447201), ('Hong Kong', 0.06672814757135237), ('Singapore', 0.06672814757135237), ('Taiwan', 0.06672814757135237), ('Spain', 0.060009514353781976), ('Gambia', 0.05309707950266464), ('Martinique', 0.05309707950266464), ('Poland', 0.05309707950266464), ('Republic of Ireland', 0.05309707950266464), ('Yugoslavia', 0.05309707950266464)]"
1953-05-01,30,25,0.028735632183908046,8,21,12,24,14,0.11029546417943521,0.03333333333333333,Jamaica,0.11029546417943521,1.0,"[('Jamaica', 0.11029546417943521), ('Trinidad and Tobago', 0.11029546417943521), ('Argentina', 0.06455906401267344), ('Hungary', 0.059617762894066506), ('Sweden', 0.050666233350211975), ('Mauritius', 0.043632108127778485), ('England', 0.037652977874951366), ('Spain', 0.037652977874951366), ('Yugoslavia', 0.037652977874951366), ('Uruguay', 0.032553422809325085)]"
1953-09-01,35,23,0.019327731092436976,13,26,21,23,25,0.0738835514917825,0.028571428571428564,Kenya,0.0738835514917825,1.1675928991804791,"[('Kenya', 0.0738835514917825), ('Hungary', 0.0632785207443798), ('Uganda', 0.04812733364670459), ('India', 0.046990794559136455), ('New Caledonia', 0.04585425547156832), ('Norway', 0.04585425547156832), ('Albania', 0.03297614654902936), ('Cameroon', 0.03297614654902936), ('Ghana', 0.03297614654902936), ('Haiti', 0.03297614654902936)]"
1954-01-01,11,6,0.05454545454545454,5,5,29,5,22,0.16770261841620632,0.09090909090909095,Hungary,0.16770261841620632,1.4594630335877083,"[('Hungary', 0.16770261841620632), ('Belgium', 0.11490706825506451), ('Germany', 0.11490706825506451), ('Italy', 0.11490706825506451), ('Paraguay', 0.11490706825506451), ('Netherlands', 0.062111518093922694), ('Switzerland', 0.062111518093922694), ('Austria', 0.062111518093922694), ('Egypt', 0.062111518093922694), ('France', 0.062111518093922694)]"
1954-05-01,33,29,0.027462121212121212,10,27,5,29,6,0.0847197295712406,0.03030303030303031,Zimbabwe,0.0847197295712406,1.4623866360679616,"[('Zimbabwe', 0.0847197295712406), ('Sweden', 0.057932510788688184), ('Israel', 0.053070686089156126), ('Zambia', 0.053070686089156126), ('Mauritius', 0.04497972976030709), ('South Africa', 0.039614569324896265), ('Austria', 0.03827219930375969), ('Belgium', 0.037728389937563), ('Norway', 0.031564668847212284), ('Netherlands', 0.031564668847212284)]"
1954-09-01,37,28,0.021021021021021023,9,22,18,28,29,0.08338082594129254,0.02702702702702703,Hungary,0.08338082594129254,1.3591564602462276,"[('Hungary', 0.08338082594129254), ('Yugoslavia', 0.06134748160354334), ('Uganda', 0.05914356694793798), ('Belgium', 0.03894681815652658), ('Italy', 0.03821217993799146), ('Pakistan', 0.03821217993799146), ('Russia', 0.03821217993799146), ('Cambodia', 0.03196968915321107), ('Kenya', 0.03196968915321107), ('Nigeria', 0.03196968915321107)]"
1955-01-01,14,9,0.04945054945054945,5,6,29,9,28,0.12544988573788257,0.07142857142857142,France,0.12544988573788257,1.049558391740428,"[('France', 0.12544988573788257), ('Egypt', 0.11952635196394891), ('Italy', 0.1057031787232399), ('Bulgaria', 0.08595647170859719), ('Japan', 0.08595647170859719), ('Martinique', 0.08595647170859719), ('Netherlands', 0.06620976469395448), ('Lebanon', 0.04646305767931178), ('Spain', 0.04646305767931178), ('Sweden', 0.04646305767931178)]"
1955-05-01,30,28,0.03218390804597701,9,22,6,28,9,0.11577611912873692,0.03333333333333334,Hungary,0.11577611912873692,1.172053371912426,"[('Hungary', 0.11577611912873692), ('Costa Rica', 0.09878058619448904), ('Guatemala', 0.09878058619448904), ('Russia', 0.06731014906325503), ('Germany', 0.04625312704963208), ('Scotland', 0.04537610308593318), ('Madagascar', 0.03907642397488491), ('Denmark', 0.038131561900530964), ('Republic of Ireland', 0.03697653093786882), ('Sweden', 0.03099180585160519)]"
1955-09-01,41,32,0.01951219512195122,11,19,8,29,25,0.0711747879803725,0.024390243902439036,German DR,0.0711747879803725,1.5023706510455483,"[('German DR', 0.0711747879803725), ('Uganda', 0.04737498561412901), ('Bulgaria', 0.03847114407437047), ('Russia', 0.037734467780822456), ('England', 0.037374771780948605), ('Belgium', 0.03560873985174849), ('Hungary', 0.034860088793306224), ('Yugoslavia', 0.03399170235805345), ('Netherlands', 0.03149164889975834), ('Czechoslovakia', 0.02897696591211596)]"
1956-01-01,22,19,0.04112554112554113,7,10,29,19,32,0.13497126171582444,0.04545454545454544,Italy,0.13497126171582444,1.3849330954161525,"[('Italy', 0.13497126171582444), ('Brazil', 0.09745688233067137), ('Portugal', 0.07512992436055377), ('Curaçao', 0.06215378227137838), ('Haiti', 0.06215378227137838), ('Turkey', 0.06065034755904213), ('Netherlands', 0.05363699242982673), ('Cameroon', 0.04361676787593884), ('Hungary', 0.04361676787593884), ('Romania', 0.04361676787593884)]"
1956-05-01,38,33,0.023470839260312945,8,28,12,33,19,0.07572827908293454,0.026315789473684202,England,0.07572827908293454,1.1751417782992115,"[('England', 0.07572827908293454), ('Russia', 0.06444182351557312), ('Yugoslavia', 0.050450400975550126), ('Brazil', 0.0418688719129338), ('China PR', 0.04134139196535994), ('Republic of Ireland', 0.03938842655342682), ('Sweden', 0.033857439342365174), ('Czechoslovakia', 0.03310543778163674), ('Belgium', 0.032013776938677956), ('Argentina', 0.028853932078877376)]"
1956-09-01,46,41,0.019806763285024155,13,28,20,41,33,0.07313297334203436,0.021739130434782605,Guyana,0.07313297334203436,1.0,"[('Guyana', 0.07313297334203436), ('Suriname', 0.07313297334203436), ('Bulgaria', 0.04251534813741938), ('Hungary', 0.041758568506628825), ('Uganda', 0.03757355076363294), ('Yugoslavia', 0.036576369654099807), ('Nigeria', 0.034984380299453326), ('Poland', 0.029641463336623763), ('South Korea', 0.0289416863496473), ('North Korea', 0.02894168634964729)]"
1957-01-01,21,13,0.030952380952380953,8,12,37,13,41,0.09389901926174127,0.04761904761904763,Germany,0.09389901926174127,1.110177109296836,"[('Germany', 0.09389901926174127), ('India', 0.08458021560290954), ('Spain', 0.07126659981782596), ('Argentina', 0.05795298403274236), ('Austria', 0.05795298403274236), ('Egypt', 0.05795298403274236), ('German DR', 0.05795298403274236), ('Jamaica', 0.05795298403274236), ('Martinique', 0.05795298403274236), ('Mauritius', 0.05795298403274236)]"
1957-05-01,29,19,0.023399014778325122,12,23,15,19,13,0.07912081805995624,0.03448275862068965,Denmark,0.07912081805995624,1.0748847716726162,"[('Denmark', 0.07912081805995624), ('Austria', 0.0736086510341357), ('Sweden', 0.06404787516342407), ('Norway', 0.060943117623987506), ('Finland', 0.05279566752228469), ('Myanmar', 0.049316472566634593), ('Belgium', 0.03546548697697586), ('Brazil', 0.03546548697697586), ('China PR', 0.03546548697697586), ('Ghana', 0.03546548697697586)]"
1957-09-01,26,19,0.02923076923076923,9,20,23,19,19,0.17532023225619392,0.03846153846153848,Tahiti,0.17532023225619392,1.0495013806046436,"[('Tahiti', 0.17532023225619392), ('New Caledonia', 0.16705097820375198), ('Uganda', 0.06167243409165259), ('Mauritius', 0.047504436249200824), ('Germany', 0.044249624320123596), ('China PR', 0.03333643840674906), ('Czechoslovakia', 0.03333643840674906), ('Kenya', 0.03333643840674906), ('Malaysia', 0.03333643840674906), ('Netherlands', 0.03333643840674906)]"
1958-01-01,24,17,0.030797101449275364,10,17,19,16,18,0.18145995031474202,0.041666666666666664,Argentina,0.18145995031474202,1.8948341572957124,"[('Argentina', 0.18145995031474202), ('Paraguay', 0.0957656107348834), ('Uruguay', 0.0957656107348834), ('Czechoslovakia', 0.0661667285282354), ('Germany', 0.055902393324368437), ('Netherlands', 0.04242799587372298), ('Spain', 0.034501884946411154), ('Ghana', 0.034501884946411154), ('Hong Kong', 0.034501884946411154), ('Hungary', 0.034501884946411154)]"
1958-05-01,34,23,0.020499108734402853,13,23,13,22,16,0.10551424522172681,0.029411764705882353,Jamaica,0.10551424522172681,1.0,"[('Jamaica', 0.10551424522172681), ('Trinidad and Tobago', 0.10551424522172681), ('Indonesia', 0.06664068427175474), ('Australia', 0.040732472220737594), ('Yugoslavia', 0.040732472220737594), ('Denmark', 0.036021666285181934), ('Malaysia', 0.036021666285181934), ('New Zealand', 0.029292292261399275), ('Austria', 0.029292292261399275), ('Brazil', 0.029292292261399275)]"
1958-09-01,38,30,0.021337126600284494,12,20,16,29,22,0.06699866332202212,0.02631578947368421,Netherlands,0.06699866332202212,1.1706819588344866,"[('Netherlands', 0.06699866332202212), ('Kenya', 0.05723045684305666), ('Egypt', 0.048535965777178725), ('Hungary', 0.04550881915634392), ('Madagascar', 0.044435103743256404), ('German DR', 0.038345537767784516), ('Germany', 0.03727182235469699), ('England', 0.031182256379225115), ('New Zealand', 0.031182256379225115), ('Nigeria', 0.031182256379225115)]"
1959-01-01,15,12,0.05714285714285714,6,9,32,12,30,0.2506010962039501,0.06666666666666664,Japan,0.2506010962039501,1.0495884766194146,"[('Japan', 0.2506010962039501), ('Singapore', 0.23876128767257718), ('Trinidad and Tobago', 0.0874518023627883), ('Hungary', 0.04764844654928726), ('Kenya', 0.04764844654928726), ('Martinique', 0.04764844654928726), ('Mexico', 0.04764844654928726), ('Jamaica', 0.041354344352879234), ('Barbados', 0.036702181731259984), ('Guyana', 0.0257559169132327)]"
1959-05-01,31,24,0.025806451612903226,10,27,11,24,12,0.10541736440175775,0.032258064516129024,New Caledonia,0.10541736440175775,1.0,"[('New Caledonia', 0.10541736440175775), ('Tahiti', 0.10541736440175775), ('Hungary', 0.07090806546389569), ('Portugal', 0.046410065091748956), ('Guadeloupe', 0.04136745518841948), ('Romania', 0.04069521188630957), ('Scotland', 0.03598872363403505), ('Sweden', 0.03554376123294765), ('Switzerland', 0.03554376123294765), ('Austria', 0.02926550547543079)]"
1959-09-01,48,36,0.015957446808510637,13,31,14,36,24,0.06395347718279945,0.02083333333333333,Bulgaria,0.06395347718279945,1.0201578757751586,"[('Bulgaria', 0.06395347718279945), ('Hungary', 0.06268978429853804), ('Germany', 0.04835909288743696), ('France', 0.03993005429762498), ('Kenya', 0.03993005429762498), ('South Korea', 0.03645955675601162), ('Netherlands', 0.03150101570781302), ('Ghana', 0.030012972201227787), ('Republic of Ireland', 0.030012972201227787), ('Russia', 0.028649734307067413)]"
1960-01-01,22,18,0.03896103896103896,6,7,33,18,36,0.12509134842713784,0.04545454545454546,Belgium,0.12509134842713784,1.454106951985856,"[('Belgium', 0.12509134842713784), ('Ghana', 0.08602623641699954), ('Yugoslavia', 0.08436243505849826), ('Sierra Leone', 0.06944600329244609), ('Germany', 0.05567899823226287), ('Netherlands', 0.04994231086701578), ('Guinea-Bissau', 0.04994231086701578), ('Indonesia', 0.04994231086701578), ('Spain', 0.04994231086701578), ('Brazil', 0.03846893613652163)]"
1960-05-01,43,36,0.019933554817275746,10,28,7,34,16,0.0550541808760261,0.02325581395348837,Russia,0.0550541808760261,1.1443107219312352,"[('Russia', 0.0550541808760261), ('Brazil', 0.04811121649119221), ('Argentina', 0.04361032695683639), ('Poland', 0.042579417413241595), ('Czechoslovakia', 0.04130008198516027), ('Sweden', 0.03811272948122263), ('Spain', 0.03573656957014554), ('Mali', 0.03573656957014554), ('Yugoslavia', 0.03404826944502346), ('Austria', 0.033017359901428664)]"
1960-09-01,43,38,0.021040974529346623,12,19,19,37,35,0.06610005236850781,0.02325581395348837,Czechoslovakia,0.06610005236850781,1.0458289935261214,"[('Czechoslovakia', 0.06610005236850781), ('Netherlands', 0.06320349959475173), ('Belgium', 0.059795859996290265), ('Hungary', 0.05578282091896938), ('China PR', 0.041880978556001404), ('Ghana', 0.04090776725653041), ('Austria', 0.038685382861725515), ('German DR', 0.03693161959567765), ('Bulgaria', 0.03342409306358191), ('Wales', 0.031845004609449695)]"
1961-01-01,22,14,0.030303030303030304,9,9,30,12,36,0.10716558511136777,0.04545454545454546,Czechoslovakia,0.10716558511136777,1.2183176505018123,"[('Czechoslovakia', 0.10716558511136777), ('Chile', 0.08796194085116257), ('Mexico', 0.06353770086853248), ('Colombia', 0.053157969104098333), ('Ghana', 0.053157969104098333), ('Haiti', 0.053157969104098333), ('Hungary', 0.053157969104098333), ('Italy', 0.053157969104098333), ('Nigeria', 0.053157969104098333), ('Spain', 0.053157969104098333)]"
1961-05-01,26,19,0.02923076923076923,9,20,16,19,14,0.14568871185611706,0.038461538461538464,Austria,0.14568871185611706,1.806988828609863,"[('Austria', 0.14568871185611706), ('Hungary', 0.08062513146149168), ('England', 0.06727650731798321), ('Vietnam Republic', 0.05392788317447473), ('Yugoslavia', 0.051381616342334735), ('Indonesia', 0.051381616342334735), ('Argentina', 0.03695069404053633), ('Brazil', 0.03695069404053633), ('Ghana', 0.03695069404053633), ('Japan', 0.03695069404053633)]"
1961-09-01,37,34,0.025525525525525526,10,23,12,30,15,0.11289365354389555,0.027027027027027032,Yugoslavia,0.11289365354389555,1.5214864175821468,"[('Yugoslavia', 0.11289365354389555), ('Austria', 0.07419958025211901), ('Russia', 0.06376260995774906), ('Ethiopia', 0.05479615786675817), ('Belgium', 0.04982652277303016), ('Kenya', 0.047953460720810366), ('Germany', 0.04207166629213301), ('Romania', 0.03103617710730827), ('Argentina', 0.02596585489259286), ('Gambia', 0.02596585489259286)]"
1962-01-01,33,23,0.021780303030303032,12,17,21,20,31,0.07185862034546905,0.03030303030303031,Russia,0.07185862034546905,1.3503065213267105,"[('Russia', 0.07185862034546905), ('Mali', 0.05321652470052957), ('Poland', 0.04961378264845387), ('Argentina', 0.04727138617159733), ('Ghana', 0.04098767013860563), ('Ivory Coast', 0.04098767013860563), ('Sweden', 0.038420226256183965), ('Mexico', 0.03399464629847728), ('Austria', 0.03399464629847728), ('Belgium', 0.03399464629847728)]"
1962-05-01,46,32,0.015458937198067632,15,30,17,32,23,0.05935242507000592,0.021739130434782605,Norway,0.05935242507000592,1.5824181037653477,"[('Norway', 0.05935242507000592), ('England', 0.03750742292999393), ('Kenya', 0.03750742292999393), ('Hungary', 0.03573684563900986), ('Haiti', 0.03388476588241534), ('Italy', 0.033276396809663905), ('Jamaica', 0.031365484780206856), ('Brazil', 0.029635563119661902), ('Austria', 0.025699633214495886), ('Gabon', 0.025699633214495886)]"
1962-09-01,48,48,0.02127659574468085,10,22,20,46,30,0.05733779394231251,0.020833333333333332,Ghana,0.05733779394231251,1.0413738631151293,"[('Ghana', 0.05733779394231251), ('Germany', 0.05505975900988551), ('German DR', 0.04617468006225689), ('Yugoslavia', 0.03920710679460553), ('Congo', 0.037765666878461085), ('Sweden', 0.03504664738599279), ('Romania', 0.03401151845104949), ('Tanzania', 0.03136985272606383), ('Guadeloupe', 0.03096921130062356), ('Trinidad and Tobago', 0.030220258907724992)]"
1963-01-01,42,38,0.022067363530778164,11,20,26,33,43,0.07164648919486787,0.023809523809523808,China PR,0.07164648919486787,1.0801811986984755,"[('China PR', 0.07164648919486787), ('Guatemala', 0.06632821352676353), ('Honduras', 0.06632821352676353), ('Suriname', 0.06632821352676353), ('Trinidad and Tobago', 0.06632821352676353), ('Egypt', 0.04383901338639726), ('Ivory Coast', 0.03171901700746579), ('Nigeria', 0.03110510534181177), ('Myanmar', 0.03025421960412794), ('Pakistan', 0.03025421960412794)]"
1963-05-01,35,27,0.0226890756302521,9,23,30,27,38,0.0741415387072602,0.02857142857142857,Ethiopia,0.0741415387072602,1.2394358916922645,"[('Ethiopia', 0.0741415387072602), ('Brazil', 0.05981877659362519), ('Poland', 0.059343862537020266), ('Sweden', 0.05767082620438301), ('England', 0.05265739553680767), ('Italy', 0.0494354699529444), ('Netherlands', 0.04227408889612689), ('Scotland', 0.03833463342317264), ('Norway', 0.03314298010283225), ('Republic of Ireland', 0.03314298010283225)]"
1963-09-01,57,46,0.014411027568922305,17,35,13,44,25,0.06148246875823499,0.017543859649122806,Colombia,0.06148246875823499,1.0,"[('Colombia', 0.06148246875823499), ('Costa Rica', 0.06148246875823499), ('Uganda', 0.03766060118599214), ('North Korea', 0.0338600144602508), ('Romania', 0.03326201322664769), ('Sweden', 0.03042637747675048), ('Cyprus', 0.02900059740030715), ('Yugoslavia', 0.02826758852690793), ('Egypt', 0.026599633424841892), ('Kenya', 0.02641430508016789)]"
1964-01-01,29,18,0.022167487684729065,11,16,44,18,46,0.06930005642140145,0.03448275862068966,Benin,0.06930005642140145,1.2387573834387695,"[('Benin', 0.06930005642140145), ('Cameroon', 0.05594320352628347), ('Portugal', 0.05594320352628347), ('Egypt', 0.04808750697241877), ('Ghana', 0.045468941454463875), ('Congo', 0.04023181041855407), ('Israel', 0.04023181041855407), ('Japan', 0.04023181041855407), ('Lebanon', 0.04023181041855407), ('Northern Ireland', 0.04023181041855407)]"
1964-05-01,40,34,0.021794871794871794,11,29,18,33,17,0.0841228939026405,0.025000000000000012,Argentina,0.0841228939026405,1.426031077122379,"[('Argentina', 0.0841228939026405), ('England', 0.058990926111087305), ('Cameroon', 0.04666330810114957), ('Brazil', 0.04547298051099837), ('Germany', 0.04265265994004755), ('Zambia', 0.03613922883796087), ('Uruguay', 0.03443326147297318), ('Finland', 0.03443326147297318), ('Romania', 0.03443326147297318), ('Republic of Ireland', 0.029597713682625756)]"
1964-09-01,33,31,0.029356060606060608,9,19,26,31,34,0.09164007522799619,0.03030303030303031,New Caledonia,0.09164007522799619,1.0,"[('New Caledonia', 0.09164007522799619), ('Tahiti', 0.09164007522799619), ('Tanzania', 0.057098935239088884), ('Republic of Ireland', 0.05376263041966513), ('Uganda', 0.04827263047043349), ('Poland', 0.04706953217971738), ('Kenya', 0.04630494584660255), ('Italy', 0.03819497242530561), ('Belgium', 0.03713281375875215), ('Martinique', 0.03625615819868031)]"
1965-01-01,28,19,0.02513227513227513,10,21,26,19,31,0.10730098724241632,0.03571428571428571,Costa Rica,0.10730098724241632,1.5159454997689135,"[('Costa Rica', 0.10730098724241632), ('Ghana', 0.07078155992994009), ('Paraguay', 0.058001019548277556), ('DR Congo', 0.058001019548277556), ('Japan', 0.058001019548277556), ('Libya', 0.056631226229633666), ('Austria', 0.03974130589203945), ('Belgium', 0.03974130589203945), ('Cyprus', 0.03974130589203945), ('German DR', 0.03974130589203945)]"
1965-05-01,37,35,0.026276276276276277,11,31,22,35,19,0.07125180381335443,0.02702702702702703,North Korea,0.07125180381335443,1.0158598194058428,"[('North Korea', 0.07125180381335443), ('Brazil', 0.07013940550875243), ('England', 0.06478703125000333), ('Turkey', 0.06079294093670876), ('Iran', 0.046825939197633615), ('Bulgaria', 0.04056513965926183), ('Hungary', 0.037896391230222135), ('China PR', 0.03373643063001342), ('Benin', 0.027252825326821318), ('Germany', 0.027252825326821318)]"
1965-09-01,30,27,0.03103448275862069,8,19,26,27,35,0.10313371463312782,0.03333333333333333,Ghana,0.10313371463312782,1.0172941714891777,"[('Ghana', 0.10313371463312782), ('Congo', 0.10138042419151419), ('Kenya', 0.08535178596150982), ('Singapore', 0.052152645185066474), ('Mali', 0.049800428774233546), ('Hong Kong', 0.04521314950180101), ('Germany', 0.04372589868614506), ('Ivory Coast', 0.04244818622637356), ('Tanzania', 0.04179307752457875), ('Zambia', 0.03790528118156525)]"
1966-01-01,34,24,0.0213903743315508,11,24,20,24,27,0.06558438151842622,0.029411764705882353,Libya,0.06558438151842622,1.117195336132031,"[('Libya', 0.06558438151842622), ('England', 0.05870448917688232), ('Morocco', 0.05853092868952411), ('Russia', 0.056193363126404855), ('Malta', 0.052988705341693226), ('Guatemala', 0.05215656289216462), ('Germany', 0.050441075193518384), ('Panama', 0.042738554513929765), ('Netherlands', 0.040720154396809635), ('Iraq', 0.034408821315336395)]"
1966-05-01,59,67,0.019579193454120396,11,41,16,66,23,0.08633000034876114,0.01694915254237288,Trinidad and Tobago,0.08633000034876114,1.0804410885656313,"[('Trinidad and Tobago', 0.08633000034876114), ('Suriname', 0.0799025520802535), ('Haiti', 0.0676687408183324), ('Guadeloupe', 0.04434357129747226), ('Italy', 0.04089631065947136), ('Germany', 0.034970483002793755), ('Brazil', 0.034692974050302174), ('Portugal', 0.03092738498426843), ('England', 0.0251694055719229), ('China PR', 0.02392720200144123)]"
1966-09-01,39,37,0.02496626180836707,11,10,30,35,65,0.1605613336508534,0.02564102564102564,Kenya,0.1605613336508534,1.4353315169722145,"[('Kenya', 0.1605613336508534), ('DR Congo', 0.11186358813436519), ('Nigeria', 0.1038350843275909), ('Zambia', 0.09973470778464812), ('Sudan', 0.054239624461085), ('German DR', 0.03259163377172535), ('Germany', 0.030118355522110198), ('Yugoslavia', 0.021813986713986194), ('Hungary', 0.021473313946042884), ('Bulgaria', 0.018015485584280008)]"
1967-01-01,38,33,0.023470839260312945,10,17,18,31,35,0.07738373402189004,0.026315789473684195,Mexico,0.07738373402189004,1.0,"[('Mexico', 0.07738373402189004), ('Switzerland', 0.07738373402189004), ('Sudan', 0.06009658375895532), ('Congo', 0.05876212744762308), ('DR Congo', 0.05633697021179365), ('Ethiopia', 0.05122712591351077), ('German DR', 0.047030828125396204), ('Ivory Coast', 0.041841838158220714), ('Mali', 0.036590107947646604), ('Gabon', 0.03555938517328365)]"
1967-05-01,36,25,0.01984126984126984,11,22,24,24,32,0.06718420654085198,0.02777777777777777,Russia,0.06718420654085198,1.2640393776711876,"[('Russia', 0.06718420654085198), ('Congo', 0.05315040633040191), ('England', 0.04503346669968974), ('Suriname', 0.04503346669968974), ('Tanzania', 0.04290570820108243), ('Uruguay', 0.04290570820108243), ('Benin', 0.04200323995378257), ('Burkina Faso', 0.03085607357716323), ('Czechoslovakia', 0.03085607357716323), ('DR Congo', 0.03085607357716323)]"
1967-09-01,50,45,0.018367346938775512,11,34,20,43,23,0.10219856840282533,0.019999999999999997,Hungary,0.10219856840282533,1.0681213131327167,"[('Hungary', 0.10219856840282533), ('Mexico', 0.09568067516889527), ('Ghana', 0.05030838325999226), ('Ethiopia', 0.04462330842917709), ('Trinidad and Tobago', 0.03599512935813924), ('Yugoslavia', 0.031371599254545114), ('Guatemala', 0.028992748088858135), ('Netherlands', 0.026555790544667498), ('DR Congo', 0.023757203960622742), ('El Salvador', 0.023757203960622742)]"
1968-01-01,24,20,0.036231884057971016,8,11,37,20,45,0.16484517925332393,0.041666666666666664,Guinea,0.16484517925332393,1.0774338022607397,"[('Guinea', 0.16484517925332393), ('Burkina Faso', 0.15299796507909383), ('Suriname', 0.12537436597167284), ('Martinique', 0.11945075888455782), ('Japan', 0.03732013590625793), ('Belgium', 0.033969487056280896), ('Spain', 0.03244979953235506), ('Australia', 0.028746591131538823), ('Mexico', 0.028746591131538823), ('Germany', 0.02732256529520609)]"
1968-05-01,33,27,0.02556818181818182,10,25,16,27,20,0.1423239587614483,0.030303030303030304,Brazil,0.1423239587614483,1.7974430221691122,"[('Brazil', 0.1423239587614483), ('Germany', 0.0791813465050453), ('Singapore', 0.06453404792782824), ('Mexico', 0.055429094773891054), ('Czechoslovakia', 0.055429094773891054), ('El Salvador', 0.040781796196673985), ('Poland', 0.038857011152151566), ('Eswatini', 0.038857011152151566), ('England', 0.02794327780883565), ('Malawi', 0.02794327780883565)]"
1968-09-01,50,43,0.017551020408163264,14,37,20,39,23,0.08619976802619081,0.02,Mexico,0.08619976802619081,1.5612496999010859,"[('Mexico', 0.08619976802619081), ('Brazil', 0.05521203176638052), ('Chile', 0.05521203176638052), ('Kenya', 0.03957297400844282), ('United States', 0.03581856715731543), ('Tahiti', 0.032538828353613755), ('Zambia', 0.03139720629165595), ('Haiti', 0.030337478072697675), ('Northern Ireland', 0.027196483741914267), ('Ghana', 0.027108630708468917)]"
1969-01-01,47,37,0.017113783533765033,16,25,28,35,41,0.07705383823823851,0.02127659574468085,Haiti,0.07705383823823851,1.0,"[('Haiti', 0.07705383823823851), ('Jamaica', 0.07705383823823851), ('Sudan', 0.05641157988625729), ('Ethiopia', 0.030492404281280656), ('Iran', 0.030492404281280656), ('Suriname', 0.030492404281280656), ('England', 0.02975513704858956), ('Poland', 0.02975513704858956), ('Mexico', 0.025576584438020987), ('DR Congo', 0.0234873081327367)]"
1969-05-01,34,34,0.030303030303030304,9,22,35,33,36,0.08228626983337162,0.029411764705882353,Mexico,0.08228626983337162,1.2382360647158082,"[('Mexico', 0.08228626983337162), ('Chile', 0.06645442834218968), ('Peru', 0.06572851914087935), ('Sweden', 0.05762104840834148), ('German DR', 0.05574553770408649), ('Brazil', 0.049253957306946525), ('Argentina', 0.04311046101747318), ('England', 0.04045836576765271), ('Denmark', 0.03656258726398594), ('Zambia', 0.030447671475618866)]"
1969-09-01,44,35,0.01849894291754757,13,31,21,32,31,0.056316223150528456,0.02272727272727272,Uganda,0.056316223150528456,1.2142617985175457,"[('Uganda', 0.056316223150528456), ('Turkey', 0.04637897957366622), ('DR Congo', 0.04553159828959569), ('Mexico', 0.04553159828959569), ('North Korea', 0.041072992282796345), ('England', 0.03591883970680648), ('French Guiana', 0.034224077138665425), ('German DR', 0.034224077138665425), ('New Zealand', 0.034224077138665425), ('Algeria', 0.03266826877703865)]"
1970-01-01,28,30,0.03968253968253968,7,15,31,30,35,0.20236399516096004,0.03571428571428571,Argentina,0.20236399516096004,1.7670084250097349,"[('Argentina', 0.20236399516096004), ('Brazil', 0.11452350328202038), ('Uruguay', 0.10878925926076753), ('Peru', 0.0723659047686947), ('Mexico', 0.053384982233474106), ('Sweden', 0.03522677214727761), ('Spain', 0.033852911312645194), ('Netherlands', 0.032254313986772594), ('Guinea', 0.0285242101250016), ('Czechoslovakia', 0.028118667291392334)]"
1970-05-01,36,26,0.020634920634920634,13,27,19,26,30,0.1161652078459006,0.027777777777777783,Malawi,0.1161652078459006,1.0494257196438548,"[('Malawi', 0.1161652078459006), ('Lesotho', 0.11069407359800919), ('New Caledonia', 0.07959980435639942), ('Tahiti', 0.07959980435639942), ('Sweden', 0.04538157479007582), ('Hungary', 0.03934280151028458), ('England', 0.032238383217775925), ('Poland', 0.032238383217775925), ('Ivory Coast', 0.0307160294659084), ('Czechoslovakia', 0.02716382031965408)]"
1970-09-01,47,41,0.018963922294172063,12,31,20,38,23,0.06486202677019536,0.02127659574468085,Libya,0.06486202677019536,1.0,"[('Libya', 0.06486202677019536), ('Tunisia', 0.06486202677019536), ('Russia', 0.06229647096320866), ('Yugoslavia', 0.06183066661182162), ('Australia', 0.03809161788320913), ('England', 0.037016240004107324), ('Suriname', 0.034573304730028044), ('Uganda', 0.03294895711821041), ('Austria', 0.03209022467843991), ('German DR', 0.03209022467843991)]"
1971-01-01,37,24,0.018018018018018018,15,21,31,24,41,0.08378147627965386,0.027027027027027032,Argentina,0.08378147627965386,1.0,"[('Argentina', 0.08378147627965386), ('France', 0.08378147627965386), ('Malawi', 0.08378147627965386), ('Zambia', 0.08378147627965386), ('Madagascar', 0.053709749400315414), ('Nigeria', 0.04142181265571953), ('German DR', 0.03394152992033529), ('Sierra Leone', 0.03394152992033529), ('Senegal', 0.0323389785839314), ('Bulgaria', 0.023256144512143286)]"
1971-05-01,56,45,0.01461038961038961,18,44,25,45,24,0.06323490552794234,0.017857142857142856,Guinea,0.06323490552794234,1.1058353344019956,"[('Guinea', 0.06323490552794234), ('Zambia', 0.05718293091270952), ('Malawi', 0.05263381785618945), ('Uganda', 0.05263381785618945), ('Paraguay', 0.04236731034186459), ('Sweden', 0.035400927195200264), ('Brazil', 0.03263410838458831), ('Chile', 0.03263410838458831), ('Libya', 0.03263410838458831), ('Germany', 0.03234535152080349)]"
1971-09-01,40,30,0.019230769230769232,14,23,39,29,44,0.12239434262458555,0.025000000000000005,Kenya,0.12239434262458555,1.075586461620273,"[('Kenya', 0.12239434262458555), ('Zambia', 0.11379312309324685), ('Australia', 0.06495360274899184), ('Israel', 0.06495360274899184), ('Iran', 0.06495360274899184), ('South Korea', 0.06495360274899184), ('Guinea', 0.03507101119501424), ('Hungary', 0.022365632594688933), ('Nigeria', 0.020785220117623196), ('Belgium', 0.01802468243191375)]"
1972-01-01,41,26,0.015853658536585366,15,25,24,26,30,0.051077339387312605,0.02439024390243902,Nigeria,0.051077339387312605,1.1337880055024188,"[('Nigeria', 0.051077339387312605), ('Czechoslovakia', 0.04505016735000522), ('Netherlands', 0.04292191507278169), ('Congo', 0.03795886917408608), ('Algeria', 0.030867570998166918), ('Brazil', 0.030867570998166918), ('China PR', 0.030867570998166918), ('Greece', 0.030867570998166918), ('Israel', 0.030867570998166918), ('Ivory Coast', 0.030867570998166918)]"
1972-05-01,45,34,0.01717171717171717,13,26,22,33,25,0.05287050391210709,0.022222222222222227,Netherlands,0.05287050391210709,1.1709284041590158,"[('Netherlands', 0.05287050391210709), ('Madagascar', 0.04515263591208187), ('Indonesia', 0.03956453390759448), ('Hong Kong', 0.03928985917626392), ('Kenya', 0.03791648551961116), ('DR Congo', 0.03324766271660157), ('Denmark', 0.03324766271660157), ('Germany', 0.03324766271660157), ('Uganda', 0.02940286410758363), ('Benin', 0.02391001711058238)]"
1972-09-01,46,34,0.01642512077294686,16,25,24,34,34,0.15164858264802614,0.021739130434782608,Nigeria,0.15164858264802614,1.1074510563327504,"[('Nigeria', 0.15164858264802614), ('Mali', 0.13693479434675895), ('Kenya', 0.0534413677733272), ('Malawi', 0.0534413677733272), ('Panama', 0.0534413677733272), ('Puerto Rico', 0.0534413677733272), ('Australia', 0.0451386244080199), ('New Zealand', 0.023217199070565075), ('Algeria', 0.02164376063350247), ('China PR', 0.02164376063350247)]"
1973-01-01,49,33,0.01403061224489796,17,31,28,33,34,0.07259284600526704,0.02040816326530611,Bulgaria,0.07259284600526704,1.3573915620156918,"[('Bulgaria', 0.07259284600526704), ('Peru', 0.05347966499619942), ('Haiti', 0.05137823957135224), ('Mexico', 0.038732084850249336), ('Barbados', 0.03398622128364846), ('Guyana', 0.03398622128364846), ('Argentina', 0.03126782091367274), ('Belgium', 0.03126782091367274), ('Germany', 0.022485896177503704), ('Austria', 0.022485896177503704)]"
1973-05-01,49,46,0.0195578231292517,12,28,28,45,32,0.13089320122734407,0.020408163265306117,Poland,0.13089320122734407,1.062322536011614,"[('Poland', 0.13089320122734407), ('United States', 0.12321418099513336), ('Brazil', 0.048963533861947656), ('Haiti', 0.04160396423760173), ('Italy', 0.039334935840833495), ('Sweden', 0.033578702848652275), ('China PR', 0.029741074999067585), ('Egypt', 0.026696864845742817), ('Colombia', 0.026059582442752055), ('Ecuador', 0.026059582442752055)]"
1973-09-01,39,31,0.020917678812415654,11,19,29,29,44,0.07202603945868997,0.02564102564102564,Canada,0.07202603945868997,1.0138288901330832,"[('Canada', 0.07202603945868997), ('Germany', 0.07104358551987532), ('Haiti', 0.053776312863875055), ('Suriname', 0.048677949761471294), ('Malta', 0.04483005856051344), ('Italy', 0.043539814429505344), ('France', 0.03840167909753939), ('Trinidad and Tobago', 0.03658858466699919), ('German DR', 0.03235699655030334), ('Chile', 0.030114475983912026)]"
1974-01-01,49,43,0.018282312925170068,15,32,22,43,31,0.10393566152510139,0.02040816326530612,Uruguay,0.10393566152510139,1.0667301303440382,"[('Uruguay', 0.10393566152510139), ('Indonesia', 0.09743388563664215), ('New Caledonia', 0.06047565278094481), ('Tahiti', 0.06047565278094481), ('Spain', 0.03438048611681296), ('German DR', 0.03099006958992369), ('Morocco', 0.03092042265242232), ('Germany', 0.029774513506526164), ('Brazil', 0.028702544965099393), ('Panama', 0.02449440754792777)]"
1974-05-01,51,37,0.014509803921568627,15,27,25,37,43,0.05848227433845619,0.0196078431372549,China PR,0.05848227433845619,1.5828235553720904,"[('China PR', 0.05848227433845619), ('Belgium', 0.036948069252550494), ('Jamaica', 0.03258750732288487), ('Brazil', 0.03181857947516681), ('England', 0.031049651627448733), ('Israel', 0.031049651627448733), ('Netherlands', 0.031049651627448733), ('Zambia', 0.031049651627448733), ('Libya', 0.02865522890615037), ('Ghana', 0.026689089697783115)]"
1974-09-01,40,32,0.020512820512820513,13,20,31,32,37,0.12419928184528224,0.025000000000000005,Suriname,0.12419928184528224,1.8949426426956708,"[('Suriname', 0.12419928184528224), ('Bermuda', 0.06554250194538935), ('Trinidad and Tobago', 0.06554250194538935), ('Austria', 0.04015387260939659), ('Czechoslovakia', 0.04005778840198163), ('DR Congo', 0.0328388077922642), ('Denmark', 0.02904107017238438), ('Japan', 0.028227306128192922), ('German DR', 0.02592155529615728), ('Netherlands', 0.02488171700408158)]"
1975-01-01,43,37,0.020487264673311186,13,28,25,35,30,0.10878810135827957,0.02325581395348837,Nigeria,0.10878810135827957,1.0433522930478327,"[('Nigeria', 0.10878810135827957), ('Senegal', 0.10426785092932378), ('Cameroon', 0.0746454181714693), ('Haiti', 0.05519855328283846), ('Jamaica', 0.05519855328283846), ('Mali', 0.052593593238298326), ('Guinea', 0.05178145593166951), ('Liberia', 0.029429931664598456), ('Tanzania', 0.02728774448233794), ('Brazil', 0.026390497631051744)]"
1975-05-01,46,40,0.01932367149758454,15,32,29,39,36,0.1175838320695637,0.021739130434782605,Kenya,0.1175838320695637,1.0930486284317473,"[('Kenya', 0.1175838320695637), ('Malawi', 0.10757420027896401), ('Ghana', 0.07430872730023351), ('Nigeria', 0.07079052893532671), ('Ecuador', 0.04326930453818899), ('Peru', 0.04192018144810864), ('German DR', 0.03983385458477672), ('Mexico', 0.03406012212412198), ('Poland', 0.029434973595434503), ('Bolivia', 0.02602654272666375)]"
1975-09-01,36,19,0.01507936507936508,17,18,28,19,40,0.05106577349742117,0.027777777777777773,Germany,0.05106577349742117,1.0495423772790953,"[('Germany', 0.05106577349742117), ('Cameroon', 0.048655275482832376), ('Antigua and Barbuda', 0.034989670653333214), ('DR Congo', 0.034989670653333214), ('China PR', 0.034989670653333214), ('Cuba', 0.034989670653333214), ('England', 0.034989670653333214), ('Haiti', 0.034989670653333214), ('Israel', 0.034989670653333214), ('Italy', 0.034989670653333214)]"
1976-01-01,51,38,0.014901960784313726,15,37,22,38,19,0.05095427530950033,0.019607843137254905,Hungary,0.05095427530950033,1.1642063829618172,"[('Hungary', 0.05095427530950033), ('Gabon', 0.04376739043456309), ('Mali', 0.043663167614164555), ('Ivory Coast', 0.037914978805027075), ('Chad', 0.0363356337303639), ('Congo', 0.031156636410741626), ('Russia', 0.029685794846525903), ('Argentina', 0.029060464874120565), ('Austria', 0.025308507787916483), ('Tunisia', 0.025308507787916483)]"
1976-05-01,49,38,0.016156462585034014,15,28,30,38,38,0.07283031123437944,0.020408163265306114,Australia,0.07283031123437944,1.0,"[('Australia', 0.07283031123437944), ('Hong Kong', 0.07283031123437944), ('Finland', 0.06515357180917722), ('Brazil', 0.04542940693924097), ('Malawi', 0.03910318510818322), ('Iceland', 0.03881819197469053), ('Cameroon', 0.036030296344834456), ('DR Congo', 0.029523630209416486), ('Guatemala', 0.029523630209416486), ('Hungary', 0.024876349326779464)]"
1976-09-01,51,37,0.014509803921568627,16,32,30,35,36,0.056434574604323495,0.019607843137254905,Uganda,0.056434574604323495,1.1995652900190217,"[('Uganda', 0.056434574604323495), ('Hungary', 0.04704585492251831), ('Austria', 0.04138346072603861), ('Germany', 0.040626847277187385), ('Portugal', 0.03911362037948495), ('Australia', 0.032050147019527186), ('Italy', 0.032050147019527186), ('Zambia', 0.025323528915952093), ('Brazil', 0.02196021986416455), ('Cuba', 0.02196021986416455)]"
1977-01-01,68,52,0.01141352063213345,21,38,21,51,36,0.057378166240454824,0.014705882352941173,Paraguay,0.057378166240454824,1.4560119364780888,"[('Paraguay', 0.057378166240454824), ('Brazil', 0.039407758139157464), ('Bulgaria', 0.03717243508778599), ('Ecuador', 0.03661175876364496), ('France', 0.03533808699562396), ('Chile', 0.03218565751670928), ('Hungary', 0.030549664637533946), ('Denmark', 0.02673214979069022), ('Venezuela', 0.023374113691219393), ('Yugoslavia', 0.021949135766366916)]"
1977-05-01,43,34,0.018826135105204873,12,18,43,34,52,0.08053976914885096,0.02325581395348838,Germany,0.08053976914885096,1.1707977907697595,"[('Germany', 0.08053976914885096), ('Argentina', 0.06879050317980086), ('Cuba', 0.05041301672694605), ('German DR', 0.04448683956362765), ('Brazil', 0.03959459473852774), ('Algeria', 0.039302966456400266), ('Zambia', 0.03335671962255939), ('Libya', 0.03335671962255939), ('Senegal', 0.032206021024758676), ('Poland', 0.031445505479734494)]"
1977-09-01,50,38,0.015510204081632653,15,31,24,38,34,0.04669074898341403,0.019999999999999997,United States,0.04669074898341403,1.0291712282585397,"[('United States', 0.04669074898341403), ('Trinidad and Tobago', 0.045367328294262), ('Germany', 0.0405866948581518), ('Guyana', 0.04011254780244904), ('Guatemala', 0.03772230697935286), ('Suriname', 0.03053808190129842), ('China PR', 0.030413271316048096), ('Malawi', 0.030413271316048096), ('Mauritius', 0.029695407782314272), ('Hungary', 0.029695407782314266)]"
1978-01-01,63,53,0.013568868407578085,13,32,19,52,37,0.04159270189863057,0.01587301587301587,Germany,0.04159270189863057,1.120270179767144,"[('Germany', 0.04159270189863057), ('France', 0.037127384670076556), ('Poland', 0.03677144289980468), ('Sweden', 0.03577815789861207), ('Martinique', 0.03460220396806539), ('Russia', 0.03111619173243494), ('Spain', 0.028537662196202428), ('Netherlands', 0.028016014626123048), ('Sudan', 0.028016014626123048), ('Peru', 0.027494367056043675)]"
1978-05-01,36,24,0.01904761904761905,14,15,42,24,53,0.13877345245368936,0.027777777777777776,Tahiti,0.13877345245368936,1.049459204434426,"[('Tahiti', 0.13877345245368936), ('New Caledonia', 0.13223329870023587), ('France', 0.048819548774581605), ('Brazil', 0.03851355433993767), ('Réunion', 0.03760422570927548), ('Zambia', 0.03669489707861329), ('Argentina', 0.026388902643969356), ('England', 0.026388902643969356), ('Iran', 0.026388902643969356), ('Greece', 0.026388902643969356)]"
1978-09-01,46,32,0.015458937198067632,15,29,19,32,24,0.05162422254799716,0.021739130434782605,Malawi,0.05162422254799716,1.1421761404670228,"[('Malawi', 0.05162422254799716), ('Algeria', 0.04519812725810277), ('Czechoslovakia', 0.0435149972442231), ('Russia', 0.04126875501086957), ('Germany', 0.0367596914402376), ('Italy', 0.0356562527497567), ('French Guiana', 0.03397312273587703), ('Greece', 0.03397312273587703), ('England', 0.025534686918011855), ('German DR', 0.025534686918011855)]"
1979-01-01,40,31,0.01987179487179487,11,20,26,31,32,0.0573809480005895,0.025000000000000005,Libya,0.0573809480005895,1.1421935483986776,"[('Libya', 0.0573809480005895), ('Poland', 0.05023749966110029), ('Liberia', 0.04316715423294613), ('Senegal', 0.04250925752521946), ('Iraq', 0.04191968195994725), ('Russia', 0.040463963671158426), ('Martinique', 0.03963198151886905), ('Togo', 0.036899836354151574), ('Mali', 0.03274092750357505), ('Austria', 0.0324580140382551)]"
1979-05-01,55,46,0.015488215488215488,16,38,23,46,31,0.10208138241993736,0.018181818181818177,Peru,0.10208138241993736,1.0923212213309328,"[('Peru', 0.10208138241993736), ('Malawi', 0.09345362923147905), ('Tanzania', 0.0702508329373533), ('Ecuador', 0.057001464273068306), ('Colombia', 0.050743411463672214), ('Lesotho', 0.047074533905432245), ('Russia', 0.033693181299517705), ('Madagascar', 0.027269560660882763), ('Zambia', 0.023993202674512437), ('Belarus', 0.019878510460383473)]"
1979-09-01,47,42,0.01942645698427382,11,28,36,41,45,0.10077278833245826,0.02127659574468085,Togo,0.10077278833245826,1.0011040565686602,"[('Togo', 0.10077278833245826), ('Ivory Coast', 0.10066165217416319), ('Italy', 0.040437776655925274), ('Germany', 0.03975656367782418), ('Congo', 0.03560620133113265), ('Russia', 0.028855231014719634), ('Hungary', 0.027783446287693178), ('United States', 0.027037336041165094), ('Sweden', 0.024313169489549986), ('Mexico', 0.024313169489549986)]"
1980-01-01,52,47,0.017722473604826545,12,25,20,46,41,0.09172242367587738,0.019230769230769235,Congo,0.09172242367587738,1.0,"[('Congo', 0.09172242367587738), ('Ivory Coast', 0.09172242367587738), ('Republic of Ireland', 0.04006010480645278), ('Ghana', 0.0365592444602388), ('South Korea', 0.035943390620368276), ('Switzerland', 0.03576142112881751), ('Zimbabwe', 0.03192935769023848), ('Czechoslovakia', 0.02748378682340142), ('Mexico', 0.02608756257158028), ('Russia', 0.02608756257158028)]"
1980-05-01,65,55,0.013221153846153846,17,34,21,54,46,0.07473360525666675,0.015384615384615387,Zambia,0.07473360525666675,1.0357215631234051,"[('Zambia', 0.07473360525666675), ('Zimbabwe', 0.07215607738366872), ('Russia', 0.0603103152648602), ('Malawi', 0.03900586326137943), ('Norway', 0.02965498444670317), ('Germany', 0.0291236418255532), ('England', 0.026966840553211885), ('Luxembourg', 0.025782114759016733), ('Poland', 0.02573410819052424), ('Honduras', 0.0257212513059605)]"
1980-09-01,54,43,0.015024458420684835,17,25,36,42,54,0.0688752154458013,0.018518518518518517,Mali,0.0688752154458013,1.0,"[('Mali', 0.0688752154458013), ('Togo', 0.0688752154458013), ('Argentina', 0.04359789258208521), ('Libya', 0.04136580150981921), ('Honduras', 0.03033921922668627), ('Uruguay', 0.029459977223711596), ('Poland', 0.02792158030617469), ('Hong Kong', 0.02660327047705023), ('Turkey', 0.024735296102232213), ('Canada', 0.02352647664197642)]"
1981-01-01,62,51,0.013484928609201481,16,34,26,51,43,0.05430510597702078,0.016129032258064512,Curaçao,0.05430510597702078,1.0,"[('Curaçao', 0.05430510597702078), ('Venezuela', 0.05430510597702078), ('Tunisia', 0.03441630682040099), ('Zimbabwe', 0.03189421737336681), ('Brazil', 0.03143174970275129), ('Yugoslavia', 0.02884830022300935), ('Malawi', 0.027923364881778316), ('Hungary', 0.026883327321451024), ('Japan', 0.02639187372689904), ('Bulgaria', 0.024340098265437433)]"
1981-05-01,39,32,0.021592442645074223,12,20,43,31,50,0.06952780521024422,0.025641025641025637,Malawi,0.06952780521024422,1.0348986593436862,"[('Malawi', 0.06952780521024422), ('Nigeria', 0.06718320154587647), ('Brazil', 0.06086793568644346), ('Denmark', 0.05023868193465174), ('Kenya', 0.04848912996898658), ('Zimbabwe', 0.04656604114812121), ('Iceland', 0.04258890808528399), ('Iraq', 0.031039437715164292), ('Zambia', 0.031039437715164292), ('Spain', 0.025968551178798885)]"
1981-09-01,41,31,0.018902439024390243,12,26,24,31,32,0.05892496515231397,0.02439024390243903,Zimbabwe,0.05892496515231397,1.3159762787008784,"[('Zimbabwe', 0.05892496515231397), ('Canada', 0.04477661649834922), ('Spain', 0.04381298950004132), ('Greece', 0.04330385618158603), ('Malta', 0.04330385618158603), ('Bulgaria', 0.04274476336065662), ('Trinidad and Tobago', 0.036689981199252736), ('Sweden', 0.0349580630978618), ('Tunisia', 0.0349580630978618), ('Uganda', 0.0349580630978618)]"
1982-01-01,58,50,0.015124016938898971,15,38,21,50,31,0.043372855334435634,0.017241379310344827,Spain,0.043372855334435634,1.1269738363248967,"[('Spain', 0.043372855334435634), ('Chile', 0.0384861244657428), ('Oman', 0.03832861616619902), ('Brazil', 0.037460062677845116), ('Peru', 0.034398730651467486), ('El Salvador', 0.03429437776895252), ('Honduras', 0.029466640537475573), ('Ethiopia', 0.02677341446031925), ('Algeria', 0.024966364796162224), ('Libya', 0.024966364796162224)]"
1982-05-01,45,33,0.016666666666666666,14,23,36,33,50,0.08061655937915788,0.022222222222222227,Malawi,0.08061655937915788,1.0,"[('Malawi', 0.08061655937915788), ('Tanzania', 0.08061655937915788), ('England', 0.04884760432209524), ('China PR', 0.03504886386769613), ('Austria', 0.03112981023712386), ('Finland', 0.03112981023712386), ('Suriname', 0.02967261113079875), ('Argentina', 0.027529543841140657), ('Tunisia', 0.02699697745867956), ('Liechtenstein', 0.02699697745867956)]"
1982-09-01,35,23,0.019327731092436976,12,19,29,23,33,0.08961193890845078,0.028571428571428577,Switzerland,0.08961193890845078,1.459455720245305,"[('Switzerland', 0.08961193890845078), ('France', 0.06140093026829812), ('German DR', 0.05492018404671348), ('Algeria', 0.039670667849730085), ('Bulgaria', 0.03318992162814544), ('Hungary', 0.03318992162814544), ('Germany', 0.03318992162814544), ('Greece', 0.03318992162814544), ('Kuwait', 0.03318992162814544), ('Liberia', 0.03318992162814544)]"
1983-01-01,50,46,0.018775510204081632,13,31,16,46,23,0.10581539335598503,0.020000000000000004,German DR,0.10581539335598503,1.0139152208284274,"[('German DR', 0.10581539335598503), ('Tunisia', 0.10436315698025296), ('Sierra Leone', 0.061654134064938984), ('Senegal', 0.061654134064938984), ('Gambia', 0.058749661313474845), ('Niger', 0.058749661313474845), ('Ivory Coast', 0.051950540381290544), ('Mali', 0.050498304005558485), ('France', 0.03210466113590671), ('Ethiopia', 0.026786733022672288)]"
1983-05-01,59,46,0.013442431326709527,18,33,24,45,45,0.058069164301421186,0.016949152542372878,Fiji,0.058069164301421186,1.0,"[('Fiji', 0.058069164301421186), ('New Zealand', 0.058069164301421186), ('Bulgaria', 0.041071141427068775), ('Chile', 0.03263732493819538), ('Libya', 0.031063249511996727), ('Paraguay', 0.028495175862978027), ('Sweden', 0.02779187737244796), ('Madagascar', 0.02669801866406092), ('Germany', 0.025113720541069615), ('Brazil', 0.023547352888906036)]"
1983-09-01,40,27,0.01730769230769231,13,21,40,27,46,0.06829752385745502,0.025,Mexico,0.06829752385745502,1.077348025980552,"[('Mexico', 0.06829752385745502), ('Ivory Coast', 0.06339411426061119), ('Switzerland', 0.03949297929132456), ('Sweden', 0.03949297929132456), ('Togo', 0.037628590997104326), ('Malaysia', 0.037628590997104326), ('Tanzania', 0.037628590997104326), ('Zimbabwe', 0.031412069012233514), ('Honduras', 0.029961357782016647), ('Bulgaria', 0.02705993532158293)]"
1984-01-01,58,50,0.015124016938898971,15,36,18,50,27,0.06164354145214093,0.017241379310344827,France,0.06164354145214093,1.111542190516496,"[('France', 0.06164354145214093), ('Ivory Coast', 0.05545767131295058), ('Germany', 0.04159630826577927), ('Yugoslavia', 0.03595368723831091), ('Togo', 0.03255943720887322), ('Hungary', 0.03084840566088686), ('Ghana', 0.02685046766413214), ('Canada', 0.025045977505468574), ('Cuba', 0.025045977505468574), ('Italy', 0.023813593016932616)]"
1984-05-01,66,55,0.01282051282051282,18,34,26,54,49,0.04336328131447361,0.015151515151515155,Russia,0.04336328131447361,1.2377155279021954,"[('Russia', 0.04336328131447361), ('Ethiopia', 0.03503493358281612), ('India', 0.03490840781252735), ('England', 0.033174292392783016), ('Trinidad and Tobago', 0.03167968378188794), ('Ghana', 0.029775516397200403), ('Brazil', 0.029631703924259817), ('Zimbabwe', 0.02783281025723741), ('Yugoslavia', 0.027323918586559425), ('Norway', 0.026871425447855132)]"
1984-09-01,68,63,0.01382791922739245,16,30,28,61,53,0.05173635192234941,0.014705882352941171,Guatemala,0.05173635192234941,1.1901853572260663,"[('Guatemala', 0.05173635192234941), ('Ivory Coast', 0.043469155126332565), ('Chile', 0.03811673859789021), ('Mexico', 0.036184108525415766), ('Italy', 0.029366826449197934), ('El Salvador', 0.029345797449651302), ('Honduras', 0.029345797449651302), ('England', 0.02700096935540683), ('Saudi Arabia', 0.026226176176037407), ('Argentina', 0.026138051298673557)]"
1985-01-01,65,67,0.01610576923076923,18,27,30,65,61,0.10358674214234558,0.015384615384615384,Costa Rica,0.10358674214234558,1.3794035539444833,"[('Costa Rica', 0.10358674214234558), ('Egypt', 0.07509531336651509), ('Cameroon', 0.06887021653221492), ('El Salvador', 0.04905791915891713), ('Guatemala', 0.04905791915891713), ('Peru', 0.04097365384910506), ('Mali', 0.033519439345632535), ('Togo', 0.033519439345632535), ('Colombia', 0.024565557886124627), ('Hungary', 0.024461379870990164)]"
1985-05-01,49,41,0.017431972789115645,13,25,41,40,66,0.060246424751515815,0.02040816326530612,Brazil,0.060246424751515815,1.1616125184014687,"[('Brazil', 0.060246424751515815), ('DR Congo', 0.051864476145989546), ('North Korea', 0.039390809241275665), ('Chile', 0.03711105305620914), ('Colombia', 0.03711105305620914), ('Malawi', 0.0359665011205107), ('Angola', 0.03107503130479975), ('Hong Kong', 0.03107503130479975), ('Tunisia', 0.03107503130479975), ('Sweden', 0.030341450457326766)]"
1985-09-01,43,42,0.023255813953488372,12,27,33,42,41,0.07255020179498083,0.02325581395348837,Ivory Coast,0.07255020179498083,1.0418894818026412,"[('Ivory Coast', 0.07255020179498083), ('Egypt', 0.0696332989843193), ('Cameroon', 0.06651057070996819), ('Saudi Arabia', 0.06651057070996819), ('Mexico', 0.05400129337181729), ('Zambia', 0.04317138063624905), ('Senegal', 0.03478577488971252), ('Norway', 0.03395924060160338), ('Libya', 0.03293635195100714), ('Congo', 0.0305419382094517)]"
1986-01-01,66,66,0.015384615384615385,13,40,17,66,42,0.049899271919818224,0.015151515151515152,German DR,0.049899271919818224,1.102753184444067,"[('German DR', 0.049899271919818224), ('Brazil', 0.045249719178978416), ('Germany', 0.04337199399530532), ('Norway', 0.03886186769966234), ('Hungary', 0.03150564302284373), ('Spain', 0.03131503208631088), ('Iran', 0.02516128820783864), ('Pakistan', 0.024142160215137536), ('Mexico', 0.023458020042348933), ('Greece', 0.022880931548465867)]"
1986-05-01,55,41,0.013804713804713804,18,21,32,39,64,0.05969809341479006,0.018181818181818177,Bahrain,0.05969809341479006,1.0,"[('Bahrain', 0.05969809341479006), ('Oman', 0.05969809341479006), ('Ivory Coast', 0.04421433187037989), ('Pakistan', 0.03505013631826445), ('Nepal', 0.030686432401631058), ('Republic of Ireland', 0.030114944450378163), ('Italy', 0.02954345649912526), ('Austria', 0.028571930559516488), ('Romania', 0.028571930559516488), ('England', 0.027624363469802547)]"
1986-09-01,41,26,0.015853658536585366,16,19,33,26,41,0.050604977204002095,0.02439024390243903,South Korea,0.050604977204002095,1.0356831810170997,"[('South Korea', 0.050604977204002095), ('Uganda', 0.048861445402932135), ('Austria', 0.04711791360186217), ('DR Congo', 0.04711791360186217), ('Germany', 0.038036674159027985), ('Zambia', 0.038036674159027985), ('Algeria', 0.027354193365907036), ('Angola', 0.027354193365907036), ('Australia', 0.027354193365907036), ('Botswana', 0.027354193365907036)]"
1987-01-01,55,39,0.013131313131313131,18,37,23,38,25,0.05481295733731306,0.018181818181818174,Cuba,0.05481295733731306,1.2982769329492876,"[('Cuba', 0.05481295733731306), ('Panama', 0.042219772951518755), ('Jamaica', 0.042219772951518755), ('Iceland', 0.039996526642418886), ('Kuwait', 0.03501692430052557), ('Romania', 0.03066857325364062), ('Ivory Coast', 0.029626588565724477), ('Poland', 0.027624578851334035), ('Netherlands', 0.026320222206755676), ('Yugoslavia', 0.026320222206755676)]"
1987-05-01,44,32,0.016913319238900635,16,27,38,31,38,0.08067016062998657,0.022727272727272724,Chile,0.08067016062998657,1.0,"[('Chile', 0.08067016062998657), ('Peru', 0.08067016062998657), ('Republic of Ireland', 0.042631960601536976), ('Brazil', 0.03590874056536969), ('Malawi', 0.035072071496896194), ('Guadeloupe', 0.03269412239868009), ('Madagascar', 0.03269412239868009), ('Poland', 0.03115043548300236), ('Ecuador', 0.029508483999410143), ('Burundi', 0.027014855227074426)]"
1987-09-01,43,33,0.018272425249169437,14,23,24,32,31,0.16681300827980347,0.02325581395348837,Ivory Coast,0.16681300827980347,1.0669811949787564,"[('Ivory Coast', 0.16681300827980347), ('Togo', 0.1563410949179144), ('Argentina', 0.03361198498618087), ('Burkina Faso', 0.029712622105591384), ('Germany', 0.027542344336597486), ('Czechoslovakia', 0.026241786208523382), ('Trinidad and Tobago', 0.026241786208523382), ('Zambia', 0.026241786208523382), ('El Salvador', 0.023206965883731688), ('Mali', 0.022954860326483778)]"
1988-01-01,54,47,0.01642208245981831,13,30,19,45,31,0.050001745726400586,0.018518518518518507,Egypt,0.050001745726400586,1.2519955139855363,"[('Egypt', 0.050001745726400586), ('Italy', 0.03993763968628583), ('Bulgaria', 0.03545469222162067), ('United Arab Emirates', 0.0351895438794325), ('Republic of Ireland', 0.032669975873395235), ('Guatemala', 0.03260264804598435), ('Mexico', 0.03260264804598435), ('Colombia', 0.032599697199666725), ('Ghana', 0.03152788570772425), ('Sweden', 0.031417438896147024)]"
1988-05-01,51,46,0.01803921568627451,12,24,27,46,47,0.10716452450833483,0.019607843137254898,Malawi,0.10716452450833483,1.0,"[('Malawi', 0.10716452450833483), ('Zambia', 0.10716452450833483), ('Brazil', 0.050758703228791974), ('Poland', 0.03826375645523781), ('Czechoslovakia', 0.033987253651354465), ('Denmark', 0.029755904272447863), ('Bulgaria', 0.02920174025360976), ('Republic of Ireland', 0.024956630349026843), ('Russia', 0.024956630349026843), ('Colombia', 0.023474155060358864)]"
1988-09-01,65,51,0.012259615384615384,19,33,19,49,44,0.13328150601820232,0.015384615384615387,Paraguay,0.13328150601820232,1.0603327519051504,"[('Paraguay', 0.13328150601820232), ('Uruguay', 0.1256978111623253), ('Morocco', 0.03005925381167702), ('Romania', 0.02927337003023534), ('Germany', 0.023895121147225425), ('Italy', 0.02266219923736166), ('Turkey', 0.020882399029869294), ('Russia', 0.019580132905135862), ('Guinea', 0.019580132905135862), ('Qatar', 0.019580132905135862)]"
1989-01-01,57,52,0.016290726817042606,11,22,30,49,48,0.0815652871697233,0.017543859649122803,Bermuda,0.0815652871697233,1.0629508741356426,"[('Bermuda', 0.0815652871697233), ('Barbados', 0.07673476653946926), ('Mexico', 0.0578574944935256), ('Poland', 0.048816606062772994), ('Brazil', 0.044036831901467295), ('Romania', 0.03818064325712307), ('Italy', 0.03621230153091108), ('Paraguay', 0.03255777987414004), ('Greece', 0.029869319693652197), ('Netherlands', 0.02799800048682813)]"
1989-05-01,44,44,0.023255813953488372,12,19,32,44,52,0.09491230040189538,0.022727272727272728,Malawi,0.09491230040189538,1.490930207892527,"[('Malawi', 0.09491230040189538), ('Gabon', 0.06365978762752192), ('Mozambique', 0.06348291653633895), ('Belgium', 0.05018893058162381), ('Egypt', 0.047847913240461934), ('Chile', 0.0448742820654203), ('Tunisia', 0.03659326275201669), ('Brazil', 0.03130711548969175), ('Bolivia', 0.030466456223192138), ('Denmark', 0.028221273378692062)]"
1989-09-01,38,32,0.02275960170697013,10,27,33,32,44,0.10715520649867082,0.026315789473684202,Trinidad and Tobago,0.10715520649867082,1.0497211273966731,"[('Trinidad and Tobago', 0.10715520649867082), ('Finland', 0.10207968926415496), ('Guinea', 0.0673536981609118), ('Iraq', 0.06628174136023265), ('Kuwait', 0.04997193560431332), ('Liberia', 0.04918120220041717), ('Brazil', 0.045652326824241266), ('Spain', 0.03371603327593396), ('Yemen DPR', 0.030097487260613703), ('Italy', 0.02973726875983153)]"
1990-01-01,65,66,0.015865384615384615,16,41,14,65,31,0.04900343469249948,0.015384615384615387,France,0.04900343469249948,1.0208458103476914,"[('France', 0.04900343469249948), ('Barbados', 0.04800277788847399), ('Jamaica', 0.04800277788847399), ('United Arab Emirates', 0.035840768097116636), ('United States', 0.03451105560067573), ('German DR', 0.03226965214436782), ('Mexico', 0.028778182113385793), ('Republic of Ireland', 0.027858548733302756), ('Italy', 0.02578830953841207), ('Sweden', 0.025513147962658224)]"
1990-05-01,67,51,0.011533242876526458,18,24,22,50,65,0.0499127498340612,0.014925373134328351,Switzerland,0.0499127498340612,1.7110185342955655,"[('Switzerland', 0.0499127498340612), ('United States', 0.029171367132273945), ('Bermuda', 0.028738676663314623), ('Romania', 0.027930172493907997), ('Northern Ireland', 0.02625247153952875), ('Zambia', 0.025116397015002737), ('Barbados', 0.023549396319439083), ('Malawi', 0.023549396319439083), ('Mauritius', 0.022993294665322548), ('Australia', 0.02243719301120602)]"
1990-09-01,45,35,0.017676767676767676,14,20,42,33,49,0.10668605762296457,0.022222222222222223,South Korea,0.10668605762296457,1.0497466256140289,"[('South Korea', 0.10668605762296457), ('North Korea', 0.10163029346301602), ('Croatia', 0.04650877808611313), ('Poland', 0.03613338591018061), ('United States', 0.03098345617755049), ('Greece', 0.029608406068715398), ('Angola', 0.028909353285428298), ('Denmark', 0.028909353285428298), ('Germany', 0.028909353285428298), ('England', 0.0282103005021412)]"
1991-01-01,36,23,0.018253968253968255,14,19,28,22,34,0.10459484268577252,0.027777777777777776,Burkina Faso,0.10459484268577252,1.0,"[('Burkina Faso', 0.10459484268577252), ('Mali', 0.10459484268577252), ('Algeria', 0.04237871096353046), ('Guinea-Bissau', 0.04237871096353046), ('Germany', 0.0403777261034396), ('Czechoslovakia', 0.03570794415073206), ('Argentina', 0.034707451720686636), ('Benin', 0.02903717733793367), ('Bermuda', 0.02903717733793367), ('Russia', 0.02903717733793367)]"
1991-05-01,48,38,0.016843971631205674,14,34,22,38,23,0.07863773271078942,0.02083333333333333,Chile,0.07863773271078942,1.2312902354333244,"[('Chile', 0.07863773271078942), ('Ecuador', 0.06386612225761269), ('Uruguay', 0.05147102012357739), ('France', 0.03964231752527225), ('England', 0.03879528868444487), ('Kenya', 0.03709488381246412), ('Poland', 0.03515572101827179), ('Argentina', 0.03397656385487022), ('Malawi', 0.03215881129304899), ('Wales', 0.03215881129304899)]"
1991-09-01,51,48,0.018823529411764704,15,30,27,46,36,0.21993740961886865,0.019607843137254898,Tunisia,0.21993740961886865,1.0581507657016629,"[('Tunisia', 0.21993740961886865), ('Cameroon', 0.20785073048926775), ('Ivory Coast', 0.03428656069384605), ('Nigeria', 0.028746748425142778), ('Egypt', 0.024189150009128964), ('Wales', 0.023609379617323158), ('Algeria', 0.02048531034843495), ('Brazil', 0.019946898803545863), ('Senegal', 0.019234027103352574), ('Zimbabwe', 0.018348985957536344)]"
1992-01-01,55,44,0.014814814814814815,16,29,25,43,47,0.041306973593875626,0.018181818181818177,Turkey,0.041306973593875626,1.1377345749684897,"[('Turkey', 0.041306973593875626), ('Albania', 0.03630633585607579), ('Hungary', 0.03502384132965068), ('Russia', 0.03272953067859985), ('Australia', 0.03260907648794849), ('Greece', 0.030674892776687113), ('Uruguay', 0.029756791551264802), ('United States', 0.028492479175477377), ('Italy', 0.027629322593396073), ('Sweden', 0.02632594422372355)]"
1992-05-01,74,60,0.011106997408367271,19,41,22,58,42,0.03006906416167213,0.013513513513513514,Sweden,0.03006906416167213,1.0213938942732947,"[('Sweden', 0.03006906416167213), ('Kazakhstan', 0.02943924408620612), ('Uruguay', 0.027979220588193295), ('Australia', 0.02354188674882872), ('Cameroon', 0.023402819910929365), ('Ivory Coast', 0.023402819910929365), ('Scotland', 0.02251129997920111), ('Lesotho', 0.02182421655840899), ('Tahiti', 0.02182421655840899), ('United Arab Emirates', 0.02182421655840899)]"
1992-09-01,52,39,0.014705882352941176,16,21,43,37,58,0.060472133096903705,0.01923076923076924,Malawi,0.060472133096903705,1.0,"[('Malawi', 0.060472133096903705), ('Zimbabwe', 0.060472133096903705), ('Uruguay', 0.051236627104264174), ('Brazil', 0.049592512954386624), ('Argentina', 0.04187319126959389), ('Poland', 0.038577158934616246), ('Germany', 0.038577158934616246), ('Croatia', 0.034787250664928195), ('Cyprus', 0.03166045768257169), ('Mexico', 0.030241344024356614)]"
1993-01-01,59,45,0.013150204558737581,17,34,27,43,37,0.07887269798566507,0.016949152542372885,Kuwait,0.07887269798566507,1.2002275469938044,"[('Kuwait', 0.07887269798566507), ('Canada', 0.06571478731946835), ('South Korea', 0.06385514955909542), ('Australia', 0.04154433426556328), ('Egypt', 0.04154433426556328), ('Germany', 0.03325336108936412), ('Bulgaria', 0.02777351701998334), ('Switzerland', 0.024875319930946535), ('Ecuador', 0.023536043321932862), ('United Arab Emirates', 0.02323600295623883)]"
1993-05-01,48,39,0.017287234042553192,14,26,37,37,43,0.06831706521256846,0.02083333333333333,Malawi,0.06831706521256846,1.2211017767342707,"[('Malawi', 0.06831706521256846), ('Colombia', 0.05594706888010305), ('Eswatini', 0.040290889528370094), ('Zambia', 0.040290889528370094), ('Iran', 0.035562319001832085), ('Mexico', 0.03372914413955748), ('Azerbaijan', 0.03356957148886466), ('Chile', 0.03176442727102521), ('Croatia', 0.02894687764341158), ('Senegal', 0.02894687764341158)]"
1993-09-01,60,49,0.01384180790960452,16,40,28,48,38,0.08758259634373851,0.01666666666666667,Saudi Arabia,0.08758259634373851,1.0771235780413342,"[('Saudi Arabia', 0.08758259634373851), ('Costa Rica', 0.08131155805074909), ('Germany', 0.05176932575237586), ('Argentina', 0.05085204767579339), ('Jordan', 0.045647417353517544), ('United Arab Emirates', 0.045647417353517544), ('Brazil', 0.03992336388750566), ('Mexico', 0.03891221971084198), ('Mauritania', 0.02602685936269772), ('Tunisia', 0.025943085561250842)]"
1994-01-01,80,74,0.01170886075949367,16,42,22,73,48,0.029427885851151574,0.012500000000000006,Slovakia,0.029427885851151574,1.0591136414042035,"[('Slovakia', 0.029427885851151574), ('Niger', 0.027785390255322586), ('Northern Ireland', 0.027762560968638682), ('France', 0.025693014216809473), ('Guinea', 0.02559467986832464), ('Romania', 0.025548805239413313), ('Uzbekistan', 0.025098460061017888), ('Saudi Arabia', 0.023938308081722433), ('Ivory Coast', 0.022987298608046998), ('Tunisia', 0.022935324251962423)]"
1994-05-01,75,76,0.013693693693693694,15,23,28,74,72,0.06357893902474773,0.013333333333333336,Sweden,0.06357893902474773,1.049141622784771,"[('Sweden', 0.06357893902474773), ('Denmark', 0.060600911873068264), ('Norway', 0.05663834967262332), ('Botswana', 0.03416161802729252), ('Namibia', 0.03416161802729252), ('Congo', 0.03416161802729252), ('DR Congo', 0.03416161802729252), ('Chile', 0.025597715775313425), ('Brazil', 0.025415978561367358), ('Czech Republic', 0.024473684532567246)]"
1994-09-01,53,42,0.015239477503628448,15,19,41,40,74,0.07484214580575552,0.018867924528301883,Senegal,0.07484214580575552,1.1047518672963976,"[('Senegal', 0.07484214580575552), ('Oman', 0.06774566128492984), ('Saudi Arabia', 0.0544354987390001), ('Switzerland', 0.044291244744911404), ('United Arab Emirates', 0.04112951610657225), ('Poland', 0.04017285194322992), ('Qatar', 0.025562491243281867), ('Zambia', 0.025179446385609736), ('Costa Rica', 0.02474921228399511), ('Iceland', 0.023990134262445128)]"
1995-01-01,54,39,0.013626834381551363,18,32,31,38,41,0.09423102271534237,0.018518518518518517,Egypt,0.09423102271534237,1.0497968439101641,"[('Egypt', 0.09423102271534237), ('Tunisia', 0.08976119833277584), ('Uruguay', 0.037372909082316684), ('Colombia', 0.0355091983005076), ('Peru', 0.03257109285431517), ('Chile', 0.02692201942381454), ('Brazil', 0.02492000286729187), ('Turkey', 0.02492000286729187), ('Greece', 0.023204503665876956), ('Morocco', 0.022038001928650196)]"
1995-05-01,56,52,0.016883116883116882,14,28,26,52,39,0.07793508427363176,0.017857142857142856,Argentina,0.07793508427363176,1.0106416086126984,"[('Argentina', 0.07793508427363176), ('Brazil', 0.07711446234695678), ('Turkey', 0.0480272884941381), ('Paraguay', 0.039746428176579404), ('Canada', 0.0359360430356014), ('Germany', 0.033111231444782716), ('Peru', 0.032505330935212164), ('Chile', 0.023716606631916545), ('Jamaica', 0.02160729412447388), ('Japan', 0.021001393614903323)]"
1995-09-01,57,57,0.017857142857142856,13,27,26,55,50,0.08727474574657947,0.017543859649122803,Jamaica,0.08727474574657947,1.1801890986919947,"[('Jamaica', 0.08727474574657947), ('Bangladesh', 0.07394979825123464), ('Myanmar', 0.07394979825123464), ('Zambia', 0.06554887779428242), ('Trinidad and Tobago', 0.054821161351275335), ('Ivory Coast', 0.03360410775220525), ('Gabon', 0.0320917474049295), ('Cameroon', 0.024743623611434833), ('Tunisia', 0.024308854761171717), ('Serbia', 0.024115580275109537)]"
1996-01-01,87,78,0.010425020048115477,17,55,25,77,56,0.04046765418157259,0.011494252873563218,Colombia,0.04046765418157259,1.0251988328070902,"[('Colombia', 0.04046765418157259), ('Congo', 0.039472981129688146), ('DR Congo', 0.039472981129688146), ('Lebanon', 0.03532704268919484), ('Germany', 0.03160993975697891), ('Croatia', 0.024320061963627557), ('Czech Republic', 0.023596881575890072), ('Ecuador', 0.02187729437744677), ('Serbia', 0.019428686573111854), ('Bolivia', 0.018644675092847673)]"
1996-05-01,86,76,0.01039671682626539,18,29,30,75,77,0.11158911987680403,0.011627906976744184,Panama,0.11158911987680403,1.9365903892861962,"[('Panama', 0.11158911987680403), ('Honduras', 0.05762143636266543), ('Guatemala', 0.05497508735558711), ('Venezuela', 0.05272133167483998), ('France', 0.026311011581027294), ('Zambia', 0.020955860831958904), ('Turkey', 0.018149335963275382), ('Denmark', 0.017811388929274787), ('Peru', 0.01763393589203935), ('Sudan', 0.017473441895274184)]"
1996-09-01,71,64,0.012877263581488933,14,21,36,64,76,0.054022865356911816,0.014084507042253521,Zambia,0.054022865356911816,1.030060464582391,"[('Zambia', 0.054022865356911816), ('Saudi Arabia', 0.05244630506114402), ('Mali', 0.03409196207021568), ('Ecuador', 0.03108633851117096), ('Kenya', 0.02955976525841599), ('Brazil', 0.029183398965217322), ('Turkmenistan', 0.027461121100226808), ('Germany', 0.027056410222254114), ('Iran', 0.024537315492642583), ('Poland', 0.024057269754442282)]"
1997-01-01,87,72,0.009623095429029671,21,39,23,67,59,0.06020384430366705,0.011494252873563222,Australia,0.06020384430366705,1.6242242130518354,"[('Australia', 0.06020384430366705), ('Fiji', 0.03706621525518762), ('Solomon Islands', 0.03706621525518762), ('South Korea', 0.03215757374837138), ('Norway', 0.028707147200891313), ('United Arab Emirates', 0.025351903820356878), ('Lebanon', 0.023263754258404174), ('Kuwait', 0.02311662114032754), ('Brazil', 0.02244503413489883), ('France', 0.021812749585990016)]"
1997-05-01,54,40,0.013976240391334731,16,21,54,37,69,0.07261727592009418,0.018518518518518514,Norway,0.07261727592009418,1.7041257595714419,"[('Norway', 0.07261727592009418), ('Ecuador', 0.042612627332360827), ('Algeria', 0.03964665235845744), ('Iceland', 0.036880713532480916), ('Brazil', 0.03613036802923186), ('Tunisia', 0.03422345970340105), ('Jamaica', 0.03298925645163081), ('Faroe Islands', 0.0309711412294491), ('United States', 0.027157324577787478), ('Estonia', 0.02401621300018642)]"
1997-09-01,51,42,0.01647058823529412,15,27,30,42,40,0.058585141117747416,0.0196078431372549,Jamaica,0.058585141117747416,1.203726430652166,"[('Jamaica', 0.058585141117747416), ('Brazil', 0.04866981369347072), ('Algeria', 0.04196525066899016), ('Saudi Arabia', 0.037045397967496584), ('Haiti', 0.033208676800543055), ('Egypt', 0.03239661553476742), ('Mali', 0.03035648191095084), ('Poland', 0.03035648191095084), ('Chile', 0.028922560982187324), ('Kenya', 0.026319146055826526)]"
1998-01-01,81,80,0.012345679012345678,15,55,25,80,42,0.06967859301098803,0.012345679012345677,Israel,0.06967859301098803,1.162242057244051,"[('Israel', 0.06967859301098803), ('Argentina', 0.059951877129805764), ('Malawi', 0.038164841461548596), ('Zimbabwe', 0.038164841461548596), ('Serbia', 0.028528927298427455), ('Chile', 0.025843898437652446), ('Brazil', 0.023069041518315406), ('South Korea', 0.02076662811462572), ('Germany', 0.020384090016936637), ('Netherlands', 0.019286191862190386)]"
1998-05-01,90,75,0.009363295880149813,24,34,25,74,79,0.06039113228657042,0.011111111111111113,Guam,0.06039113228657042,1.0500647985856748,"[('Guam', 0.06039113228657042), ('Northern Mariana Islands', 0.0575118148593409), ('Norway', 0.030715579184785794), ('Cameroon', 0.029477374164819915), ('Argentina', 0.027827103763628593), ('Poland', 0.024378768652856198), ('Austria', 0.0182848082060054), ('Croatia', 0.016773093581701107), ('Saudi Arabia', 0.016773093581701107), ('Senegal', 0.016773093581701107)]"
1998-09-01,65,45,0.010817307692307692,22,30,55,44,74,0.055844839731583995,0.015384615384615387,Saudi Arabia,0.055844839731583995,1.4018805939213261,"[('Saudi Arabia', 0.055844839731583995), ('Sudan', 0.039835660735822995), ('Bahrain', 0.035502141586226624), ('Ghana', 0.03190178394820332), ('Syria', 0.02717943270755306), ('Kuwait', 0.026085370945921893), ('United Arab Emirates', 0.026085370945921893), ('Portugal', 0.02485286750664049), ('Brazil', 0.021979271424912336), ('Oman', 0.020610571584575816)]"
1999-01-01,79,67,0.010873093151574165,21,47,33,66,44,0.05560322508528216,0.01265822784810126,Antigua and Barbuda,0.05560322508528216,1.0,"[('Antigua and Barbuda', 0.05560322508528216), ('Burkina Faso', 0.05560322508528216), ('Bermuda', 0.05299207117004023), ('Mali', 0.05299207117004023), ('Ecuador', 0.03810392732712096), ('Peru', 0.03810392732712096), ('Norway', 0.030912039034738163), ('Israel', 0.02964142305882011), ('Republic of Ireland', 0.02027573486492626), ('Paraguay', 0.019658300704637997)]"
1999-05-01,81,64,0.009876543209876543,24,37,35,63,66,0.08113679005527347,0.012345679012345673,Venezuela,0.08113679005527347,1.0756868086107196,"[('Venezuela', 0.08113679005527347), ('Peru', 0.07542789351490138), ('Thailand', 0.020774433867734306), ('Uruguay', 0.020694332143412084), ('Saudi Arabia', 0.01977418014464379), ('Chile', 0.01834791546541296), ('Brazil', 0.017536194523637246), ('Slovakia', 0.017536194523637246), ('Spain', 0.017536194523637246), ('New Zealand', 0.016798896339512745)]"
1999-09-01,67,59,0.013342379014020805,16,29,43,59,64,0.0790324209759934,0.014925373134328354,Argentina,0.0790324209759934,1.065554575335426,"[('Argentina', 0.0790324209759934), ('Brazil', 0.07417022347364496), ('Dominica', 0.046780046901849115), ('Saint Lucia', 0.046780046901849115), ('Tunisia', 0.030319389150013712), ('England', 0.027436052931635646), ('Greece', 0.02455337619066469), ('Belgium', 0.024020529477197277), ('Zimbabwe', 0.022789567165110266), ('Paraguay', 0.0214850937415157)]"
2000-01-01,118,108,0.007822685788787484,23,73,22,107,58,0.03606448906075405,0.008474576271186442,Dominica,0.03606448906075405,1.0506836643318245,"[('Dominica', 0.03606448906075405), ('Antigua and Barbuda', 0.03432478326736814), ('Chile', 0.03161919501650932), ('Greece', 0.030882009502684722), ('El Salvador', 0.02502911046423686), ('Republic of Ireland', 0.023235476398958076), ('Panama', 0.023219473460874256), ('Czech Republic', 0.02296624247491386), ('Honduras', 0.017507668067040946), ('Australia', 0.01648298921811536)]"
2000-05-01,116,100,0.0074962518740629685,29,37,39,97,105,0.045069412690285054,0.008620689655172415,Lebanon,0.045069412690285054,1.0502403531806552,"[('Lebanon', 0.045069412690285054), ('Oman', 0.04291342696344912), ('Rwanda', 0.030873213350616456), ('Uganda', 0.030873213350616456), ('South Korea', 0.01838277414896212), ('Germany', 0.017840717953595205), ('Estonia', 0.016747248743722163), ('Netherlands', 0.0158700059596493), ('Qatar', 0.0158700059596493), ('Mexico', 0.014970651989096346)]"
2000-09-01,75,57,0.01027027027027027,24,22,63,55,98,0.07965311094885201,0.013333333333333336,Kenya,0.07965311094885201,1.0741195056047443,"[('Kenya', 0.07965311094885201), ('Burundi', 0.07415665625028026), ('Jordan', 0.04053502353628728), ('Saudi Arabia', 0.04007917787560256), ('Estonia', 0.03044207132160936), ('Algeria', 0.026044628137173426), ('Romania', 0.023032239735497024), ('Rwanda', 0.02295555477699607), ('Hong Kong', 0.021739473355638063), ('Singapore', 0.017967787456847028)]"
2001-01-01,101,88,0.008712871287128714,24,60,34,86,55,0.033639765706143465,0.009900990099009901,Fiji,0.033639765706143465,1.0,"[('Fiji', 0.033639765706143465), ('Malaysia', 0.033639765706143465), ('Eswatini', 0.026521614172224768), ('South Korea', 0.023579717272768978), ('Kuwait', 0.02280673996373188), ('England', 0.022636567760353696), ('Botswana', 0.020966338767688487), ('Spain', 0.02067166553880142), ('Norway', 0.01946518726912388), ('Egypt', 0.019248870817983516)]"
2001-05-01,63,45,0.01152073732718894,19,21,59,43,86,0.08061828551101273,0.01587301587301587,Qatar,0.08061828551101273,2.0036303327768707,"[('Qatar', 0.08061828551101273), ('Saudi Arabia', 0.04023610752552456), ('Iran', 0.039052724757835035), ('China PR', 0.03869190249686216), ('Trinidad and Tobago', 0.034606732529299467), ('Netherlands', 0.026719495157852186), ('Georgia', 0.025053324166474766), ('Germany', 0.02110970548075112), ('England', 0.02051801409690636), ('Grenada', 0.02051801409690636)]"
2001-09-01,59,44,0.012857977790765635,19,41,45,44,45,0.051523352532868404,0.016949152542372885,Burkina Faso,0.051523352532868404,1.0215373592925725,"[('Burkina Faso', 0.051523352532868404), ('Senegal', 0.05043707120858407), ('Tunisia', 0.04196784422580668), ('Ivory Coast', 0.03600532135971124), ('Mali', 0.03218346515967536), ('South Korea', 0.030711215444867837), ('Togo', 0.0305497643138611), ('Morocco', 0.02960778500265168), ('Catalonia', 0.028274165877309333), ('Thailand', 0.02537934434606542)]"
2002-01-01,101,89,0.008811881188118811,20,65,23,87,42,0.03242690331326735,0.0099009900990099,Brazil,0.03242690331326735,1.0981351454696195,"[('Brazil', 0.03242690331326735), ('United States', 0.02952906429326595), ('Republic of Ireland', 0.02810498788907372), ('Saudi Arabia', 0.025572901751995742), ('Ecuador', 0.02353330842758412), ('France', 0.0219788524568133), ('Italy', 0.021615485137930372), ('Argentina', 0.018504210752561104), ('Serbia', 0.018414767549882784), ('Romania', 0.017221616584723595)]"
2002-05-01,105,92,0.008424908424908424,21,37,33,91,88,0.04631505602817728,0.009523809523809528,Netherlands,0.04631505602817728,1.1857758861811796,"[('Netherlands', 0.04631505602817728), ('United States', 0.03905886143235385), ('Jamaica', 0.026512278279692422), ('Libya', 0.022663340159536086), ('Nigeria', 0.02147220924708341), ('Egypt', 0.020664536408332206), ('Paraguay', 0.01929247105749559), ('South Africa', 0.018895393077745976), ('Malawi', 0.01849455026078183), ('Poland', 0.01680012021348066)]"
2002-09-01,83,53,0.007787246547164266,30,36,58,53,92,0.031931238452201596,0.01204819277108434,Jordan,0.031931238452201596,1.2111214000919355,"[('Jordan', 0.031931238452201596), ('Mali', 0.02636501877497806), ('Portugal', 0.02636501877497806), ('Martinique', 0.0223270368320177), ('Israel', 0.020798799097754526), ('Venezuela', 0.020798799097754526), ('Andalusia', 0.019817292623320507), ('Ivory Coast', 0.019817292623320507), ('Thailand', 0.019817292623320507), ('Denmark', 0.017034182784708737)]"
2003-01-01,103,91,0.008661717114030078,22,49,29,91,53,0.04762720470049832,0.009708737864077666,Peru,0.04762720470049832,1.0277222562032775,"[('Peru', 0.04762720470049832), ('Chile', 0.04634248641889675), ('Benin', 0.0433616795087195), ('Ghana', 0.04133019260734257), ('Argentina', 0.031200458551449674), ('Netherlands', 0.03098052493693027), ('Costa Rica', 0.02545156772217704), ('Paraguay', 0.024704799102401663), ('Bulgaria', 0.020379958110978057), ('Italy', 0.0200957042466355)]"
2003-05-01,97,75,0.008054123711340205,32,26,32,74,90,0.038055726097071016,0.010309278350515462,Argentina,0.038055726097071016,1.2316735393651075,"[('Argentina', 0.038055726097071016), ('Uruguay', 0.030897575437633946), ('England', 0.0243225517604952), ('Panama', 0.02378709321730277), ('United States', 0.02354469523869707), ('Portugal', 0.021529933713594875), ('Cuba', 0.021296345126456305), ('Italy', 0.019483701070330976), ('Paraguay', 0.019248495289477627), ('Peru', 0.018422506040538116)]"
2003-09-01,89,71,0.009065372829417773,24,34,42,69,73,0.04825772995072224,0.011235955056179775,Egypt,0.04825772995072224,1.5419596950123955,"[('Egypt', 0.04825772995072224), ('Spain', 0.031296362743342854), ('Poland', 0.03082943155031837), ('Portugal', 0.029736170483725444), ('South Africa', 0.029476313659465563), ('Senegal', 0.028934289639441946), ('Oman', 0.025713768757284764), ('Mali', 0.025375443532726305), ('Japan', 0.0239582725426257), ('Morocco', 0.022772310782064435)]"
2004-01-01,121,109,0.0075068870523415975,22,55,23,107,69,0.034849504253869276,0.008264462809917359,Netherlands,0.034849504253869276,1.361587613798724,"[('Netherlands', 0.034849504253869276), ('Norway', 0.025594757106112226), ('United States', 0.02267299964537729), ('Ivory Coast', 0.022082037024498846), ('Egypt', 0.02188179505980307), ('China PR', 0.020323869869744524), ('Libya', 0.020287891913033537), ('Barbados', 0.01804045165594739), ('Romania', 0.01765382904722461), ('Brazil', 0.01752976877546256)]"
2004-05-01,112,101,0.008124195624195625,21,23,32,99,107,0.04166044164515021,0.008928571428571425,Syria,0.04166044164515021,1.048871616208796,"[('Syria', 0.04166044164515021), ('Yemen', 0.03971929548035074), ('Turkey', 0.030003270813948553), ('China PR', 0.02760140119910811), ('South Korea', 0.02595458615846587), ('Hungary', 0.02312920961136361), ('Croatia', 0.020217729130574003), ('Eswatini', 0.017435262367882853), ('Benin', 0.01728819072837466), ('Colombia', 0.017058452739792725)]"
2004-09-01,64,46,0.011408730158730158,21,20,68,45,100,0.04562180532218977,0.015625000000000007,India,0.04562180532218977,1.0276127323594633,"[('India', 0.04562180532218977), ('South Korea', 0.044395912862464484), ('Kuwait', 0.04321093750524216), ('Germany', 0.04177011603702817), ('United Arab Emirates', 0.036289965745810365), ('Mexico', 0.03307783354285756), ('Oman', 0.027220573659018192), ('Belarus', 0.024315253880146888), ('Guatemala', 0.024008441456065392), ('Singapore', 0.024008441456065392)]"
2005-01-01,74,56,0.01036653091447612,21,46,36,56,46,0.035738527076712996,0.013513513513513514,Egypt,0.035738527076712996,1.0911040964228447,"[('Egypt', 0.035738527076712996), ('Finland', 0.03275446146145065), ('Barbados', 0.03089178615292213), ('Norway', 0.03087808239768983), ('Republic of Ireland', 0.028984995819474918), ('Chile', 0.026444358229701575), ('United States', 0.025800100584535673), ('Trinidad and Tobago', 0.025543554037912895), ('Australia', 0.021668662060488973), ('Ecuador', 0.021668662060488973)]"
2005-05-01,93,62,0.007246376811594203,33,49,30,62,56,0.028133833774834412,0.010752688172043019,Denmark,0.028133833774834412,1.1682403054908113,"[('Denmark', 0.028133833774834412), ('Switzerland', 0.024082231748556716), ('Poland', 0.023662415609188237), ('Ecuador', 0.02322982338977303), ('Norway', 0.020345225977827133), ('Sierra Leone', 0.019551815600976998), ('England', 0.018325813004711655), ('Togo', 0.018325813004711655), ('Cyprus', 0.01746062856588124), ('Portugal', 0.01746062856588124)]"
2005-09-01,93,67,0.007830762038335671,29,47,47,67,62,0.029087778285515942,0.010752688172043019,Bulgaria,0.029087778285515942,1.10985036624219,"[('Bulgaria', 0.029087778285515942), ('Tunisia', 0.026208738736559063), ('Egypt', 0.023147768149999293), ('South Korea', 0.021573975904250333), ('Ukraine', 0.02152916985388914), ('Brazil', 0.02081885215893077), ('Poland', 0.019490521593372123), ('Japan', 0.01763949528987794), ('Australia', 0.016807793116642267), ('United Arab Emirates', 0.016807793116642267)]"
2006-01-01,92,68,0.008122312470138558,28,37,38,68,67,0.03556041660634159,0.0108695652173913,Italy,0.03556041660634159,1.029752530675393,"[('Italy', 0.03556041660634159), ('Germany', 0.034532973260107715), ('United States', 0.033319559803923995), ('South Korea', 0.026887786413144946), ('Iran', 0.021203624364663564), ('Syria', 0.020465256802650895), ('Costa Rica', 0.017637996685656878), ('United Arab Emirates', 0.017637996685656878), ('Palestine', 0.016768836107414607), ('Chile', 0.01597757155764521)]"
2006-05-01,117,120,0.008841732979664015,20,53,28,120,68,0.0450664091638238,0.008547008547008551,Iraq,0.0450664091638238,1.0185537664077164,"[('Iraq', 0.0450664091638238), ('Jordan', 0.044245488701854345), ('Germany', 0.025822080373834315), ('Uruguay', 0.022469881940130648), ('Mali', 0.020462166196324627), ('Colombia', 0.01968042357239997), ('France', 0.01853261604212205), ('Seychelles', 0.017993157918949346), ('North Macedonia', 0.01744495714249593), ('England', 0.01576562068230276)]"
2006-09-01,83,63,0.009256538348516015,28,19,53,62,119,0.04780586246222448,0.01204819277108434,Venezuela,0.04780586246222448,1.2720542217713644,"[('Venezuela', 0.04780586246222448), ('Brazil', 0.0375816232075813), ('Austria', 0.03303600737020462), ('Switzerland', 0.03284992738831605), ('Uruguay', 0.027090490978108825), ('Kuwait', 0.023190331800806055), ('Germany', 0.022317172347029342), ('Canada', 0.019627513844143765), ('Ghana', 0.018294551943261086), ('Georgia', 0.01828725232451827)]"
2007-01-01,93,73,0.008532024310425433,31,42,32,72,62,0.03857444848376108,0.01075268817204302,Eswatini,0.03857444848376108,1.0,"[('Eswatini', 0.03857444848376108), ('Lesotho', 0.03857444848376108), ('Denmark', 0.036149667443494744), ('Portugal', 0.027250921295292052), ('Uruguay', 0.025841744570177624), ('Australia', 0.02533080454910609), ('Brazil', 0.025230226036001557), ('United States', 0.024056511056137587), ('China PR', 0.02297136347658821), ('Haiti', 0.02220894462707085)]"
2007-05-01,107,82,0.0072297654734614705,30,49,35,82,73,0.03248242546053138,0.00934579439252336,New Caledonia,0.03248242546053138,1.0,"[('New Caledonia', 0.03248242546053138), ('Vanuatu', 0.03248242546053138), ('Colombia', 0.025906306411545312), ('Switzerland', 0.025561157568127033), ('Netherlands', 0.024312157067215477), ('Ecuador', 0.020691694410967253), ('Saudi Arabia', 0.017943597916463206), ('Oman', 0.017177592537078724), ('Honduras', 0.015598169259190216), ('Nigeria', 0.015598169259190216)]"
2007-09-01,84,75,0.010757314974182444,20,31,54,75,82,0.05792573407038302,0.011904761904761904,Saint Kitts and Nevis,0.05792573407038302,1.3638665799247855,"[('Saint Kitts and Nevis', 0.05792573407038302), ('Saudi Arabia', 0.04247170135481838), ('Ghana', 0.037989803211766815), ('Jordan', 0.033309758810932476), ('Antigua and Barbuda', 0.030561564253520232), ('Bermuda', 0.030561564253520232), ('Brazil', 0.02259321952021723), ('Morocco', 0.022388872717130977), ('Honduras', 0.019774949637496295), ('Argentina', 0.018710633246978053)]"
2008-01-01,125,112,0.007225806451612903,26,61,20,112,75,0.027345249551755674,0.007999999999999998,Nepal,0.027345249551755674,1.0,"[('Nepal', 0.027345249551755674), ('Pakistan', 0.027345249551755674), ('Mexico', 0.02582346171707236), ('China PR', 0.021401768980696335), ('South Africa', 0.021177112856439768), ('United States', 0.020776421217366753), ('Syria', 0.02032476012127568), ('Bahrain', 0.019057901753758842), ('Morocco', 0.018998882152698047), ('Zambia', 0.01849784923778714)]"
2008-05-01,138,120,0.006347191367819739,29,40,27,117,109,0.025743977431560008,0.007246376811594203,Saudi Arabia,0.025743977431560008,1.051117021395592,"[('Saudi Arabia', 0.025743977431560008), ('Uruguay', 0.02449201840284076), ('Trinidad and Tobago', 0.021933309912649322), ('Venezuela', 0.020946587900457933), ('Turkey', 0.02012328165479091), ('Netherlands', 0.018958103601260722), ('England', 0.015011690163368988), ('Syria', 0.014850786782907249), ('Guatemala', 0.014800718279263752), ('Libya', 0.014171525556288627)]"
2008-09-01,100,66,0.006666666666666667,36,25,63,63,117,0.03059291634329695,0.009999999999999998,Turkmenistan,0.03059291634329695,1.0502112666704304,"[('Turkmenistan', 0.03059291634329695), ('Myanmar', 0.029130249611859664), ('Bahrain', 0.023485161548732172), ('Guinea', 0.023429967863813107), ('Paraguay', 0.02231052469311208), ('Saudi Arabia', 0.020760801330738456), ('South Africa', 0.02070284102960318), ('Poland', 0.019959552301144025), ('Oman', 0.01938605159603915), ('Spain', 0.018662428252440508)]"
2009-01-01,85,61,0.008543417366946778,27,34,49,59,64,0.026936597914280245,0.011764705882352941,South Africa,0.026936597914280245,1.0703643108792078,"[('South Africa', 0.026936597914280245), ('Sweden', 0.025165822178949762), ('Honduras', 0.023332690248728145), ('Qatar', 0.02175180262540241), ('Portugal', 0.020885043290768214), ('Nepal', 0.01985349497295832), ('Iran', 0.01969718291551158), ('Faroe Islands', 0.01891562262827786), ('Saudi Arabia', 0.01891562262827786), ('Spain', 0.01891562262827786)]"
2009-05-01,110,84,0.007005838198498749,30,53,28,84,61,0.028843162307826874,0.009090909090909092,Bahrain,0.028843162307826874,1.168309521973742,"[('Bahrain', 0.028843162307826874), ('Saudi Arabia', 0.024687945929858755), ('Qatar', 0.022671911866287475), ('Nigeria', 0.01825621688835794), ('China PR', 0.017665094582346053), ('Venezuela', 0.01665157357490592), ('Serbia', 0.01665157357490592), ('Czech Republic', 0.01599607926149594), ('Oman', 0.015713371332708413), ('Iran', 0.015338605959861943)]"
2009-09-01,96,80,0.008771929824561403,21,30,44,80,84,0.03131902162802489,0.010416666666666664,Brazil,0.03131902162802489,1.2221898141638456,"[('Brazil', 0.03131902162802489), ('Serbia', 0.025625333532542673), ('Zambia', 0.024390396114809948), ('Iraq', 0.022647450847332478), ('North Korea', 0.021424027392853803), ('Oman', 0.01813712429775326), ('Netherlands', 0.01813712429775326), ('Iran', 0.017969366306713138), ('South Korea', 0.016691685476912087), ('Qatar', 0.016446299792345444)]"
2010-01-01,105,72,0.006593406593406593,35,38,29,72,80,0.037358780811851726,0.009523809523809526,Guadeloupe,0.037358780811851726,1.0,"[('Guadeloupe', 0.037358780811851726), ('Saint Kitts and Nevis', 0.037358780811851726), ('Zambia', 0.031238851698290545), ('South Korea', 0.0301318513402696), ('Argentina', 0.019611704123821124), ('Chile', 0.01839726502053309), ('Mexico', 0.016782431222772853), ('Niger', 0.01619913404695388), ('Azerbaijan', 0.01518854244728365), ('Serbia', 0.01518854244728365)]"
2010-05-01,122,124,0.008399945806801246,20,38,21,123,71,0.02908090181987192,0.008196721311475412,Argentina,0.02908090181987192,1.051000432119133,"[('Argentina', 0.02908090181987192), ('United States', 0.02766973345694642), ('Mexico', 0.025035628472490315), ('South Africa', 0.023435671456257516), ('Turkey', 0.022520894217324387), ('Brazil', 0.021214089840372173), ('Republic of Ireland', 0.021006031333050672), ('Spain', 0.019872850573814146), ('Sweden', 0.019516516383719915), ('Netherlands', 0.01849340979605657)]"
2010-09-01,124,127,0.008326776816155259,31,36,34,126,123,0.040663549433129165,0.008064516129032256,Japan,0.040663549433129165,1.148989780104187,"[('Japan', 0.040663549433129165), ('Brazil', 0.035390697234436594), ('Argentina', 0.034310317318955), ('Bahrain', 0.03222297347652723), ('Panama', 0.02790754471102915), ('Chile', 0.025126687101082158), ('Ukraine', 0.024325259613299705), ('Kuwait', 0.02235588495720169), ('Jordan', 0.020275021284852885), ('Syria', 0.020275021284852885)]"
2011-01-01,120,77,0.005392156862745098,44,36,40,76,126,0.03298823956348303,0.008333333333333331,New Caledonia,0.03298823956348303,1.0,"[('New Caledonia', 0.03298823956348303), ('Tahiti', 0.03298823956348303), ('Argentina', 0.027555819346178834), ('Lithuania', 0.019435951596486492), ('Venezuela', 0.017370469079461697), ('Poland', 0.017015900509059316), ('Mexico', 0.017015900509059316), ('Jamaica', 0.014586054618635373), ('Iran', 0.013423555704299036), ('Estonia', 0.012789882216255238)]"
2011-05-01,140,114,0.005858170606372045,32,49,29,112,75,0.04409738216285537,0.007142857142857144,Vanuatu,0.04409738216285537,1.0669405212148357,"[('Vanuatu', 0.04409738216285537), ('Solomon Islands', 0.041330684593969096), ('Syria', 0.019042719490256876), ('France', 0.017991518992445873), ('Argentina', 0.01580703154065141), ('Liberia', 0.015105320255896271), ('Republic of Ireland', 0.01502130631013512), ('Jordan', 0.014411062602182187), ('Bahrain', 0.014127913738700225), ('Poland', 0.013866622636359056)]"
2011-09-01,98,82,0.008626130864717021,27,24,66,80,112,0.041408255059902734,0.01020408163265306,Brazil,0.041408255059902734,1.1861543587138825,"[('Brazil', 0.041408255059902734), ('Antigua and Barbuda', 0.034909668168989966), ('Martinique', 0.034909668168989966), ('Uruguay', 0.030654196922125274), ('Italy', 0.020548429045006318), ('Ukraine', 0.018659967562822056), ('England', 0.018512330396161025), ('Chile', 0.018140998665040865), ('Argentina', 0.018056326534149812), ('Poland', 0.017989974087196728)]"
2012-01-01,104,72,0.006721433905899925,35,44,38,71,81,0.037854088966423886,0.00961538461538462,Guadeloupe,0.037854088966423886,1.0,"[('Guadeloupe', 0.037854088966423886), ('Martinique', 0.037854088966423886), ('Egypt', 0.036464230299635164), ('Paraguay', 0.026517064548362574), ('Guyana', 0.024094662876788735), ('United Arab Emirates', 0.018027958990258938), ('Ivory Coast', 0.017448256851823125), ('Austria', 0.016413024542543043), ('French Guiana', 0.015940453653167545), ('Guatemala', 0.015940453653167545)]"
2012-05-01,133,129,0.007347915242652085,23,50,21,129,72,0.03424018278086586,0.007518796992481203,Jordan,0.03424018278086586,1.0008491844455754,"[('Jordan', 0.03424018278086586), ('Brazil', 0.03421113122036799), ('Uzbekistan', 0.03265283770774561), ('Turkey', 0.031629318415896085), ('United States', 0.02626602947153191), ('Spain', 0.02257685521553444), ('Mexico', 0.021712197608637684), ('Argentina', 0.020211197477175886), ('Austria', 0.0198165791979802), ('Finland', 0.016974730587980637)]"
2012-09-01,117,95,0.006999705275567344,31,33,49,95,129,0.0443664718729431,0.008547008547008551,Brazil,0.0443664718729431,1.130842397758783,"[('Brazil', 0.0443664718729431), ('Japan', 0.039233116799363935), ('United Arab Emirates', 0.03340507369430304), ('Eswatini', 0.027929870751273386), ('Lesotho', 0.027929870751273386), ('Thailand', 0.02644092010048545), ('Philippines', 0.025679974367089905), ('Bahrain', 0.01799833492803285), ('Uruguay', 0.01616381994110434), ('Kuwait', 0.01512709757954487)]"
2013-01-01,107,72,0.0063480867571856815,38,34,44,72,95,0.03698680058380276,0.009345794392523364,Niger,0.03698680058380276,1.0,"[('Niger', 0.03698680058380276), ('Togo', 0.03698680058380276), ('Qatar', 0.022109683204259375), ('Angola', 0.02187158543501427), ('Kenya', 0.01835218202303092), ('Jordan', 0.017049918671082454), ('Ecuador', 0.015037764655369698), ('Libya', 0.015037764655369698), ('England', 0.014327873991605407), ('Ethiopia', 0.014327873991605407)]"
2013-05-01,111,83,0.006797706797706798,31,35,31,83,72,0.0253411589966671,0.009009009009009002,Jordan,0.0253411589966671,1.0787726881234136,"[('Jordan', 0.0253411589966671), ('Libya', 0.023490730972017364), ('Sweden', 0.021674440739334774), ('Belgium', 0.019355266444517433), ('Netherlands', 0.018646621482673206), ('Argentina', 0.018390443588560505), ('Tajikistan', 0.018390443588560505), ('Spain', 0.018086377618442045), ('United States', 0.016449536819218638), ('Nigeria', 0.016217181164745634)]"
2013-09-01,99,77,0.007936507936507936,26,35,47,74,80,0.03902344988282708,0.010101010101010107,Dominica,0.03902344988282708,1.0,"[('Dominica', 0.03902344988282708), ('Saint Lucia', 0.03902344988282708), ('Brazil', 0.03497863949672531), ('Turkey', 0.023898991681450998), ('Zimbabwe', 0.02295597409172848), ('South Africa', 0.020097764509684993), ('Kuwait', 0.0197796552893243), ('Japan', 0.018350550498302552), ('South Korea', 0.018350550498302552), ('Estonia', 0.015854841227222465)]"
2014-01-01,92,56,0.006688963210702341,37,41,48,56,77,0.022948781428012415,0.010869565217391299,Scotland,0.022948781428012415,1.1879843852397374,"[('Scotland', 0.022948781428012415), ('Zimbabwe', 0.01931740998715342), ('Ukraine', 0.019115366046154884), ('Poland', 0.01858029817685553), ('Montenegro', 0.018406184052413805), ('Turkey', 0.01827655619860899), ('South Korea', 0.01627678234805813), ('Cuba', 0.015821169380688324), ('Germany', 0.015821169380688324), ('Mexico', 0.014073049077455775)]"
2014-05-01,124,98,0.006425386834513507,30,59,27,98,56,0.02065809369293825,0.008064516129032254,Japan,0.02065809369293825,1.1416964877148386,"[('Japan', 0.02065809369293825), ('Algeria', 0.018094207974911472), ('Belgium', 0.016856410122166952), ('United States', 0.016548259626023912), ('Bosnia and Herzegovina', 0.01597826811937637), ('Hungary', 0.01597826811937637), ('Paraguay', 0.015670117623233323), ('Netherlands', 0.014801493088709783), ('Russia', 0.014493342592566738), ('Seychelles', 0.013988835499409038)]"
2014-09-01,116,123,0.009220389805097451,21,38,46,123,98,0.041862452282610006,0.008620689655172412,Peru,0.041862452282610006,1.2840651105724064,"[('Peru', 0.041862452282610006), ('Brazil', 0.03260150278824155), ('Qatar', 0.03127967292881856), ('Uruguay', 0.030514224190646814), ('France', 0.02993940774297003), ('China PR', 0.027337761670909233), ('Chile', 0.02519577404707731), ('Uzbekistan', 0.021914378181518968), ('Paraguay', 0.02179409667113496), ('Portugal', 0.019847680445755807)]"
2015-01-01,103,79,0.007519512659432705,26,41,54,78,122,0.034138369815794406,0.009708737864077664,Finland,0.034138369815794406,1.0056862207199997,"[('Finland', 0.034138369815794406), ('Sweden', 0.033945349068573064), ('Brazil', 0.026517404496012403), ('United States', 0.021899550087451855), ('Cameroon', 0.02189955008745185), ('Senegal', 0.020664039680839175), ('Iran', 0.01979284867393052), ('Colombia', 0.019354581575256564), ('Antigua and Barbuda', 0.018755313296692708), ('South Africa', 0.018082097319158916)]"
2015-05-01,99,65,0.006699649556792414,36,47,51,65,79,0.0246309618631865,0.010101010101010105,Scotland,0.0246309618631865,1.0045859733593276,"[('Scotland', 0.0246309618631865), ('Brazil', 0.024518520580991948), ('Afghanistan', 0.02264061054507734), ('Qatar', 0.021350872940712664), ('Laos', 0.019010214765731264), ('Fiji', 0.01749654605604775), ('Singapore', 0.01749654605604775), ('United States', 0.01749654605604775), ('Syria', 0.016669556590749868), ('Abkhazia', 0.01605889979711746)]"
2015-09-01,106,74,0.006648697214734951,33,48,41,73,64,0.03709771260141945,0.009433962264150945,Angola,0.03709771260141945,1.1574691924951597,"[('Angola', 0.03709771260141945), ('DR Congo', 0.03205071274635639), ('Spain', 0.029366005768449284), ('England', 0.0282844905220782), ('France', 0.02700479389799692), ('Thailand', 0.022086222375633457), ('Estonia', 0.018236201331058136), ('Slovakia', 0.015971753049485848), ('Ecuador', 0.01499064511610533), ('Croatia', 0.014809416866064578)]"
2016-01-01,81,61,0.009413580246913581,24,33,58,61,74,0.04526309749740542,0.012345679012345675,Gabon,0.04526309749740542,1.0,"[('Gabon', 0.04526309749740542), ('Sierra Leone', 0.04526309749740542), ('France', 0.03348884568690247), ('Turkey', 0.02661537470279052), ('Scotland', 0.02294338653054255), ('Jordan', 0.022427988580814448), ('Netherlands', 0.02169052088051251), ('United Arab Emirates', 0.020422199555674852), ('Bulgaria', 0.02040279010245876), ('Nepal', 0.02040279010245876)]"
2016-05-01,111,90,0.007371007371007371,26,56,26,89,60,0.033748286400143046,0.00900900900900901,England,0.033748286400143046,1.1204354334849922,"[('England', 0.033748286400143046), ('Ukraine', 0.030120688253470064), ('Georgia', 0.02739610563781131), ('Spain', 0.026745084795149737), ('Slovakia', 0.025308052926851933), ('Iran', 0.022981478280053216), ('South Korea', 0.021324330754963733), ('Northern Ireland', 0.01975853060879134), ('Czech Republic', 0.019606579783336124), ('Belarus', 0.017763769271981384)]"
2016-09-01,84,62,0.00889271371199082,25,31,58,62,90,0.04532658459813366,0.011904761904761904,Nicaragua,0.04532658459813366,1.0,"[('Nicaragua', 0.04532658459813366), ('Trinidad and Tobago', 0.04532658459813366), ('Vietnam', 0.030867384983253216), ('Morocco', 0.022894281876171534), ('Kenya', 0.02130062117428921), ('Zimbabwe', 0.020866200839660662), ('United Arab Emirates', 0.02055754420264449), ('Russia', 0.01840369946852124), ('Mexico', 0.01840369946852124), ('Belarus', 0.017534858799264145)]"
2017-01-01,91,61,0.0074481074481074485,31,52,45,60,61,0.025897012249471777,0.010989010989010992,Ivory Coast,0.025897012249471777,1.089938698956092,"[('Ivory Coast', 0.025897012249471777), ('Finland', 0.023760063088204043), ('Jordan', 0.023036287962603905), ('Tanzania', 0.023036287962603905), ('Trinidad and Tobago', 0.021450018284861302), ('Morocco', 0.020032413073785352), ('Algeria', 0.01974611186988399), ('Iceland', 0.01817374300057226), ('Mozambique', 0.01817374300057226), ('Barbados', 0.017314839388868165)]"
2017-05-01,105,67,0.006135531135531135,39,49,35,67,61,0.020578806624158525,0.009523809523809528,Nigeria,0.020578806624158525,1.0558587167265219,"[('Nigeria', 0.020578806624158525), ('Croatia', 0.01949011387428707), ('Bermuda', 0.017346478371690927), ('India', 0.016864740088735106), ('Netherlands', 0.016864740088735106), ('Togo', 0.016864740088735106), ('Qatar', 0.016864740088735106), ('Oman', 0.016067047069562596), ('Romania', 0.016067047069562596), ('Mexico', 0.01558098481685411)]"
2017-09-01,96,80,0.008771929824561403,23,40,49,80,67,0.026099867630262875,0.010416666666666663,Finland,0.026099867630262875,1.0515422796694258,"[('Finland', 0.026099867630262875), ('Iran', 0.024820559415326515), ('Estonia', 0.023064220329572036), ('Kyrgyzstan', 0.022879368592936027), ('Nigeria', 0.021123152145018288), ('Benin', 0.019888493591023862), ('Netherlands', 0.019888493591023862), ('Thailand', 0.019474017818973174), ('Taiwan', 0.01873443690149059), ('Argentina', 0.017209500968112166)]"
2018-01-01,137,106,0.0056891369686560755,35,64,23,106,80,0.025993932287336548,0.007299270072992698,Tunisia,0.025993932287336548,1.1087544119269934,"[('Tunisia', 0.025993932287336548), ('Peru', 0.023444265030846286), ('Croatia', 0.018942922003180738), ('Morocco', 0.01846503458028768), ('Mexico', 0.01744017133331251), ('Iran', 0.016629694495549335), ('Uruguay', 0.014098324906431281), ('Georgia', 0.01409832490643128), ('Kosovo', 0.01409832490643128), ('Switzerland', 0.013613290564565764)]"
2018-05-01,108,82,0.007095880927656628,28,25,54,82,106,0.03188931794356459,0.009259259259259259,Brazil,0.03188931794356459,1.2898041624435352,"[('Brazil', 0.03188931794356459), ('Romania', 0.0247241549315132), ('France', 0.023564427676593003), ('Kazakhstan', 0.01829893117390787), ('Austria', 0.017847273487146893), ('Australia', 0.017000758641715283), ('Azerbaijan', 0.014994516541363473), ('China PR', 0.014994516541363473), ('Morocco', 0.014994516541363473), ('Norway', 0.014994516541363473)]"
2018-09-01,100,115,0.011616161616161616,20,44,52,113,80,0.04922102765684651,0.01,Qatar,0.04922102765684651,1.3340662027407966,"[('Qatar', 0.04922102765684651), ('Iran', 0.0368954910601314), ('Brazil', 0.026354960902156103), ('Kyrgyzstan', 0.023335145561978115), ('Australia', 0.022442446839956037), ('Uzbekistan', 0.021237035510175153), ('Argentina', 0.020413240432013056), ('South Korea', 0.019541771714829455), ('Algeria', 0.019062942786110173), ('Germany', 0.01848761320191706)]"
2019-01-01,66,43,0.010023310023310023,25,26,60,42,114,0.0418661504906294,0.015151515151515145,El Salvador,0.0418661504906294,1.2770150396606077,"[('El Salvador', 0.0418661504906294), ('United States', 0.03278438326126227), ('Estonia', 0.03218428821393764), ('Catalonia', 0.02996754019236777), ('Solomon Islands', 0.025390860720502926), ('South Korea', 0.025390860720502926), ('Guatemala', 0.0247907656731783), ('Fiji', 0.0247907656731783), ('Venezuela', 0.024190670625853672), ('United Arab Emirates', 0.024190670625853672)]"
2019-05-01,93,65,0.007597007947639084,28,56,29,65,43,0.032872227448707055,0.010752688172043013,Slovakia,0.032872227448707055,1.0325157875909299,"[('Slovakia', 0.032872227448707055), ('China PR', 0.03183702161630349), ('Jordan', 0.031006547863753887), ('Turkey', 0.024652321697760347), ('Tunisia', 0.02312906584789935), ('Uganda', 0.020114512881285254), ('Mexico', 0.019944862492939135), ('Colombia', 0.01952962561666433), ('Brazil', 0.017591132890528525), ('Taiwan', 0.017591132890528525)]"
2019-09-01,90,69,0.008614232209737827,27,46,49,68,64,0.043462905148140205,0.011111111111111117,Algeria,0.043462905148140205,1.5274573798194306,"[('Algeria', 0.043462905148140205), ('Argentina', 0.028454414324331722), ('Gabon', 0.025537870237609357), ('Benin', 0.023425141005057003), ('Honduras', 0.020210735020149806), ('Ecuador', 0.020066507718135153), ('Colombia', 0.01994308121268408), ('Uruguay', 0.019832326588099903), ('Ivory Coast', 0.01979008580574332), ('Serbia', 0.019369436591336837)]"
2020-01-01,9,6,0.08333333333333333,3,6,87,6,69,0.2308992542556006,0.11111111111111108,Iceland,0.2308992542556006,1.267597020501372,"[('Iceland', 0.2308992542556006), ('Sweden', 0.18215509386750778), ('Canada', 0.12481009343453583), ('United States', 0.12481009343453583), ('Barbados', 0.06746509300156393), ('El Salvador', 0.06746509300156393), ('Kosovo', 0.06746509300156393), ('Moldova', 0.06746509300156393), ('Costa Rica', 0.06746509300156393)]"
2020-09-01,93,72,0.008415147265077139,24,87,3,72,6,0.04203632465531505,0.010752688172043015,Jamaica,0.04203632465531505,1.0,"[('Jamaica', 0.04203632465531505), ('Saudi Arabia', 0.04203632465531505), ('Mexico', 0.03288980496813139), ('Poland', 0.020902366680083103), ('Kenya', 0.02084189874421074), ('Denmark', 0.01895988671518944), ('Bahrain', 0.018220435167214607), ('Burkina Faso', 0.017077874686168143), ('England', 0.017077874686168143), ('Zambia', 0.017077874686168143)]"
2021-01-01,47,33,0.015263644773358002,16,14,60,32,71,0.07524119094902997,0.021276595744680857,Jordan,0.07524119094902997,1.4091350188090923,"[('Jordan', 0.07524119094902997), ('Iraq', 0.05339530275290358), ('Uzbekistan', 0.04426131612249853), ('Tajikistan', 0.04426131612249853), ('United States', 0.04362012200785888), ('Guatemala', 0.04205318740925092), ('Kenya', 0.03317580408689102), ('Qatar', 0.03317580408689102), ('Wales', 0.03160886948828306), ('Ethiopia', 0.022731486165923166)]"
2021-05-01,101,80,0.007920792079207921,29,78,24,80,33,0.04964942333619628,0.0099009900990099,Kosovo,0.04964942333619628,1.009211365109128,"[('Kosovo', 0.04964942333619628), ('Guinea', 0.04919625863589793), ('Togo', 0.0470783251469171), ('Gambia', 0.04698740730191018), ('Algeria', 0.02974184328815571), ('Mexico', 0.021818229858917296), ('Turkey', 0.01735437273683022), ('Senegal', 0.01670793727210993), ('Italy', 0.015741636548689344), ('Switzerland', 0.015741636548689344)]"
2021-09-01,54,46,0.01607267645003494,15,23,70,45,79,0.0620109994430029,0.018518518518518507,Cuba,0.0620109994430029,1.0,"[('Cuba', 0.0620109994430029), ('Nicaragua', 0.0620109994430029), ('Bahrain', 0.052979751364585805), ('Jordan', 0.0474643386158951), ('Malawi', 0.045061708837900304), ('New Zealand', 0.04311056026375257), ('Comoros', 0.04205620604448542), ('Haiti', 0.029485880344451612), ('Belarus', 0.029485880344451612), ('Afghanistan', 0.020593326938339165)]"
2022-01-01,112,92,0.0074002574002574005,28,77,19,91,45,0.03260828010343816,0.008928571428571428,Guinea,0.03260828010343816,1.0,"[('Guinea', 0.03260828010343816), ('Rwanda', 0.03260828010343816), ('Norway', 0.02595353153384946), ('Belarus', 0.023592292359701967), ('Thailand', 0.022559099688050994), ('Bahrain', 0.01951630665313689), ('Netherlands', 0.019316350616100618), ('Guatemala', 0.01922041454967807), ('Denmark', 0.016942885024805607), ('Armenia', 0.015659990546352615)]"
2022-05-01,56,38,0.012337662337662338,21,35,91,38,92,0.10373409661423522,0.017857142857142856,Bahrain,0.10373409661423522,1.0,"[('Bahrain', 0.10373409661423522), ('Thailand', 0.10373409661423522), ('Bahamas', 0.05607448247413519), ('Turks and Caicos Islands', 0.05607448247413519), ('Brazil', 0.04464394637211426), ('South Korea', 0.022720648929816664), ('Malaysia', 0.022720648929816664), ('Australia', 0.02164798481027355), ('Uruguay', 0.02066426032545821), ('Japan', 0.019899991736703086)]"
2022-09-01,135,132,0.007296849087893864,22,93,14,132,38,0.030978486975976247,0.00740740740740741,Brazil,0.030978486975976247,1.2476251740379114,"[('Brazil', 0.030978486975976247), ('Grenada', 0.024829963053498716), ('Saint Vincent and the Grenadines', 0.024829963053498716), ('Tunisia', 0.023959980557287004), ('Iran', 0.021900733173607436), ('Uruguay', 0.0200173369256332), ('Burkina Faso', 0.01984452177673181), ('Canada', 0.019137566036309606), ('Mexico', 0.018757994194390146), ('Sweden', 0.017708542868473776)]"
2023-01-01,77,51,0.008714969241285031,31,23,81,51,132,0.04203119799569194,0.01298701298701299,Australia,0.04203119799569194,1.0,"[('Australia', 0.04203119799569194), ('Ecuador', 0.04203119799569194), ('Bangladesh', 0.04203119799569194), ('Seychelles', 0.04203119799569194), ('Grenada', 0.04203119799569194), ('Saint Lucia', 0.04203119799569194), ('New Caledonia', 0.04203119799569194), ('Tahiti', 0.04203119799569194), ('Palestine', 0.018165681912625836), ('Argentina', 0.017032429122956872)]"
2023-05-01,67,47,0.010628674807779286,21,30,40,47,51,0.03353298757077712,0.01492537313432835,China PR,0.03353298757077712,1.0,"[('China PR', 0.03353298757077712), ('Japan', 0.03353298757077712), ('Argentina', 0.02645483606605119), ('Malaysia', 0.02645483606605119), ('Senegal', 0.025204484746560004), ('Taiwan', 0.025204484746560004), ('Chile', 0.022290584653942635), ('Colombia', 0.022290584653942635), ('Vietnam', 0.022290584653942635), ('Venezuela', 0.02208219276736077)]"
2023-09-01,102,84,0.008153756552125802,29,67,32,84,47,0.03823072150299515,0.009803921568627449,Kuwait,0.03823072150299515,1.2021463258091305,"[('Kuwait', 0.03823072150299515), ('Germany', 0.03180205327938189), ('Japan', 0.03086155076301598), ('Bahrain', 0.030411505910100556), ('United Arab Emirates', 0.029463564718133484), ('United States', 0.023740643148054102), ('South Korea', 0.02173108472993923), ('Kyrgyzstan', 0.021496913958014747), ('Morocco', 0.019492096085299747), ('Philippines', 0.01885480631753848)]"
2024-01-01,115,88,0.006712433257055683,31,52,39,87,83,0.033266420116808304,0.008695652173913038,Fiji,0.033266420116808304,1.0,"[('Fiji', 0.033266420116808304), ('Solomon Islands', 0.033266420116808304), ('Germany', 0.020509699078678684), ('Slovenia', 0.02023812727800117), ('Japan', 0.017158766119533937), ('Senegal', 0.015667011319335872), ('Algeria', 0.015347513739622806), ('Italy', 0.015347513739622806), ('Peru', 0.015028016159909738), ('Lesotho', 0.014521531358504026)]"
2024-05-01,75,62,0.011171171171171172,15,28,68,62,88,0.04694126780409928,0.013333333333333336,Cambodia,0.04694126780409928,1.0,"[('Cambodia', 0.04694126780409928), ('Mongolia', 0.04694126780409928), ('Croatia', 0.035830395358749836), ('Portugal', 0.03032360681138364), ('Poland', 0.03032360681138364), ('Netherlands', 0.026315026523814646), ('Argentina', 0.022848914641584644), ('Chile', 0.022484380881478912), ('Albania', 0.021599290983446696), ('Denmark', 0.021149587180203173)]"
2024-09-01,34,33,0.029411764705882353,7,20,61,33,62,0.11002745272339388,0.02941176470588235,Bangladesh,0.11002745272339388,1.6771148305372372,"[('Bangladesh', 0.11002745272339388), ('Malta', 0.06560519931014404), ('Liechtenstein', 0.0638780198036988), ('Hong Kong', 0.061846087710648694), ('Bhutan', 0.05806339727472548), ('Maldives', 0.05806339727472548), ('Mexico', 0.04288525542350583), ('Cambodia', 0.036838408360353805), ('Russia', 0.0353394694290406), ('Sri Lanka', 0.0327531465196401)]"
2025-01-01,41,24,0.014634146341463415,17,26,19,24,33,0.05159849403039575,0.024390243902439025,Switzerland,0.05159849403039575,1.1802351255210877,"[('Switzerland', 0.05159849403039575), ('Russia', 0.04371882594801982), ('United States', 0.04371882594801982), ('Luxembourg', 0.04165319585698017), ('Belarus', 0.03683705093198405), ('Chile', 0.029955275915948286), ('Dominican Republic', 0.029955275915948286), ('Guatemala', 0.029955275915948286), ('Hong Kong', 0.029955275915948286), ('India', 0.029955275915948286)]"
2025-05-01,76,50,0.008771929824561403,27,57,22,50,24,0.03636706917173447,0.013157894736842094,Denmark,0.03636706917173447,1.0998459267192946,"[('Denmark', 0.03636706917173447), ('Sweden', 0.03306560336156626), ('Morocco', 0.032200247471930864), ('Switzerland', 0.02636081009768801), ('Northern Ireland', 0.02541962570644349), ('DR Congo', 0.021538385616298804), ('Kosovo', 0.021538385616298804), ('Slovenia', 0.021538385616298804), ('Iceland', 0.020521372723445157), ('Tunisia', 0.020521372723445157)]"
2025-09-01,96,84,0.009210526315789473,22,59,39,84,50,0.0544382868603238,0.010416666666666663,Brazil,0.0544382868603238,1.1515855643463773,"[('Brazil', 0.0544382868603238), ('South Korea', 0.04727246376279661), ('United States', 0.036002609231112356), ('Algeria', 0.03125920331538877), ('Chile', 0.02527145783273364), ('Australia', 0.024127953448021072), ('Saudi Arabia', 0.022364134116825102), ('Argentina', 0.022218335733801355), ('Canada', 0.02186513492001416), ('Morocco', 0.020530944708735246)]"
2026-01-01,73,51,0.009703196347031963,23,37,60,51,84,0.04270252327179885,0.0136986301369863,Mexico,0.04270252327179885,1.5115916393782267,"[('Mexico', 0.04270252327179885), ('France', 0.028250039335599907), ('Hungary', 0.027241134746471808), ('Belarus', 0.02617031577819559), ('Argentina', 0.02308168763166317), ('Senegal', 0.02308168763166317), ('Slovenia', 0.021992620870721985), ('Morocco', 0.021992620870721985), ('Nigeria', 0.021992620870721985), ('Germany', 0.019448526104660163)]"
